dataset_source,participant_id,session_id,sample_id,source_type,label,label_origin,original_label,predicted_label,prediction_correct,prob_focused,prob_distracted,prob_fatigued,prob_overloaded
emosurv,emosurv_100,emosurv_fixed_text_100_N,emosurv_fixed_text_window_0000000,emosurv_fixed_text,distracted,emosurv_weakly_supervised_four_class_proxy,Neutral,fatigued,False,0.0,0.09007101243236994,0.8584280490200812,0.05150093854754886
emosurv,emosurv_100,emosurv_fixed_text_100_N,emosurv_fixed_text_window_0000001,emosurv_fixed_text,distracted,emosurv_weakly_supervised_four_class_proxy,Neutral,distracted,True,0.04830136284329418,0.3619297964997124,0.3199722891900089,0.26979655146698456
emosurv,emosurv_100,emosurv_fixed_text_100_N,emosurv_fixed_text_window_0000002,emosurv_fixed_text,distracted,emosurv_weakly_supervised_four_class_proxy,Neutral,fatigued,False,0.0,0.003731490055098628,0.9962685099449013,0.0
emosurv,emosurv_100,emosurv_fixed_text_100_N,emosurv_fixed_text_window_0000003,emosurv_fixed_text,distracted,emosurv_weakly_supervised_four_class_proxy,Neutral,fatigued,False,0.0,0.011956791537421511,0.9826143802167941,0.005428828245784346
emosurv,emosurv_100,emosurv_fixed_text_100_N,emosurv_fixed_text_window_0000004,emosurv_fixed_text,distracted,emosurv_weakly_supervised_four_class_proxy,Neutral,fatigued,False,0.0,0.01664848358439876,0.9724867907339195,0.010864725681681783
emosurv,emosurv_100,emosurv_fixed_text_100_N,emosurv_fixed_text_window_0000005,emosurv_fixed_text,distracted,emosurv_weakly_supervised_four_class_proxy,Neutral,fatigued,False,0.0,0.017803827960038186,0.9622266076486026,0.0199695643913592
emosurv,emosurv_100,emosurv_fixed_text_100_N,emosurv_fixed_text_window_0000006,emosurv_fixed_text,distracted,emosurv_weakly_supervised_four_class_proxy,Neutral,fatigued,False,0.0,0.008814105620221724,0.9906249878641976,0.0005609065155807366
emosurv,emosurv_100,emosurv_fixed_text_100_N,emosurv_fixed_text_window_0000007,emosurv_fixed_text,distracted,emosurv_weakly_supervised_four_class_proxy,Neutral,fatigued,False,0.0031055133728576764,0.4705081370138035,0.5118917342113039,0.01449461540203496
emosurv,emosurv_100,emosurv_fixed_text_100_N,emosurv_fixed_text_window_0000008,emosurv_fixed_text,focused,emosurv_weakly_supervised_four_class_proxy,Neutral,distracted,False,0.0036721758622343774,0.5363361699875153,0.3616799712980571,0.09831168285219323
emosurv,emosurv_100,emosurv_fixed_text_100_N,emosurv_fixed_text_window_0000009,emosurv_fixed_text,focused,emosurv_weakly_supervised_four_class_proxy,Neutral,distracted,False,0.014564324950275364,0.6335734697925736,0.2419332685059867,0.10992893675116433
emosurv,emosurv_100,emosurv_fixed_text_100_N,emosurv_fixed_text_window_0000010,emosurv_fixed_text,focused,emosurv_weakly_supervised_four_class_proxy,Neutral,distracted,False,0.12699442855469073,0.7404808407104141,0.12383238689081208,0.008692343844083095
emosurv,emosurv_100,emosurv_fixed_text_100_N,emosurv_fixed_text_window_0000011,emosurv_fixed_text,focused,emosurv_weakly_supervised_four_class_proxy,Neutral,distracted,False,0.059025682170928864,0.7385632938028424,0.13120466857367952,0.07120635545254929
emosurv,emosurv_100,emosurv_fixed_text_100_N,emosurv_fixed_text_window_0000012,emosurv_fixed_text,focused,emosurv_weakly_supervised_four_class_proxy,Neutral,distracted,False,0.0013497536945812816,0.7232245488933714,0.2193219502375956,0.05610374717445176
emosurv,emosurv_100,emosurv_fixed_text_100_N,emosurv_fixed_text_window_0000013,emosurv_fixed_text,focused,emosurv_weakly_supervised_four_class_proxy,Neutral,fatigued,False,0.005662343812050734,0.11166423497617989,0.8650094667108077,0.017663954500961747
emosurv,emosurv_100,emosurv_fixed_text_100_N,emosurv_fixed_text_window_0000014,emosurv_fixed_text,focused,emosurv_weakly_supervised_four_class_proxy,Neutral,fatigued,False,0.005455973651407442,0.08965926679466873,0.8767368531236642,0.028147906430259557
emosurv,emosurv_100,emosurv_fixed_text_100_N,emosurv_fixed_text_window_0000015,emosurv_fixed_text,focused,emosurv_weakly_supervised_four_class_proxy,Neutral,fatigued,False,0.0030334572490706324,0.08679916529483454,0.8755041213608341,0.034663256095260754
emosurv,emosurv_100,emosurv_fixed_text_100_N,emosurv_fixed_text_window_0000016,emosurv_fixed_text,distracted,emosurv_weakly_supervised_four_class_proxy,Neutral,fatigued,False,0.0,0.05848928754292752,0.8556349374939877,0.0858757749630848
emosurv,emosurv_100,emosurv_fixed_text_100_N,emosurv_fixed_text_window_0000017,emosurv_fixed_text,focused,emosurv_weakly_supervised_four_class_proxy,Neutral,fatigued,False,0.00749689984618618,0.3963067024159622,0.4841180097461866,0.11207838799166503
emosurv,emosurv_100,emosurv_fixed_text_100_N,emosurv_fixed_text_window_0000018,emosurv_fixed_text,focused,emosurv_weakly_supervised_four_class_proxy,Neutral,fatigued,False,0.003928781561896511,0.05455177827610201,0.8711764356405802,0.07034300452142134
emosurv,emosurv_100,emosurv_fixed_text_100_H,emosurv_fixed_text_window_0000019,emosurv_fixed_text,distracted,emosurv_weakly_supervised_four_class_proxy,Happy,fatigued,False,0.0,0.003861144149585352,0.9961388558504146,0.0
emosurv,emosurv_100,emosurv_fixed_text_100_H,emosurv_fixed_text_window_0000020,emosurv_fixed_text,distracted,emosurv_weakly_supervised_four_class_proxy,Happy,fatigued,False,0.0,0.0029215736122062737,0.9970784263877938,0.0
emosurv,emosurv_100,emosurv_fixed_text_100_H,emosurv_fixed_text_window_0000021,emosurv_fixed_text,distracted,emosurv_weakly_supervised_four_class_proxy,Happy,fatigued,False,0.0009406392694063929,0.003759747886065195,0.9932996128445284,0.0020000000000000005
emosurv,emosurv_100,emosurv_fixed_text_100_H,emosurv_fixed_text_window_0000022,emosurv_fixed_text,distracted,emosurv_weakly_supervised_four_class_proxy,Happy,fatigued,False,0.0018582523785087796,0.3301080263325009,0.6433800096142157,0.02465371167477454
emosurv,emosurv_100,emosurv_fixed_text_100_H,emosurv_fixed_text_window_0000023,emosurv_fixed_text,focused,emosurv_weakly_supervised_four_class_proxy,Happy,distracted,False,0.1009219305432054,0.8516385059670448,0.028676896349396068,0.018762667140353663
emosurv,emosurv_100,emosurv_fixed_text_100_H,emosurv_fixed_text_window_0000024,emosurv_fixed_text,focused,emosurv_weakly_supervised_four_class_proxy,Happy,distracted,False,0.0,0.8517262494283758,0.09623225229589072,0.05204149827573356
emosurv,emosurv_139,emosurv_fixed_text_139_N,emosurv_fixed_text_window_0000086,emosurv_fixed_text,focused,emosurv_weakly_supervised_four_class_proxy,Neutral,fatigued,False,0.0019287815618965116,0.022351409326981896,0.9621636869040538,0.013556122207067733
emosurv,emosurv_139,emosurv_fixed_text_139_N,emosurv_fixed_text_window_0000087,emosurv_fixed_text,distracted,emosurv_weakly_supervised_four_class_proxy,Neutral,fatigued,False,0.0026288865629801018,0.09984524639565642,0.8680249917782086,0.029500875263154914
emosurv,emosurv_139,emosurv_fixed_text_139_N,emosurv_fixed_text_window_0000088,emosurv_fixed_text,distracted,emosurv_weakly_supervised_four_class_proxy,Neutral,fatigued,False,0.0,0.005253147305569438,0.9947468526944305,0.0
emosurv,emosurv_139,emosurv_fixed_text_139_N,emosurv_fixed_text_window_0000089,emosurv_fixed_text,focused,emosurv_weakly_supervised_four_class_proxy,Neutral,fatigued,False,0.00392878156189651,0.059338507076183516,0.8712989857316548,0.06543372563026512
emosurv,emosurv_139,emosurv_fixed_text_139_N,emosurv_fixed_text_window_0000090,emosurv_fixed_text,focused,emosurv_weakly_supervised_four_class_proxy,Neutral,fatigued,False,0.005976227365095582,0.22555649550459128,0.7486532081319913,0.019814068998321843
emosurv,emosurv_139,emosurv_fixed_text_139_N,emosurv_fixed_text_window_0000091,emosurv_fixed_text,focused,emosurv_weakly_supervised_four_class_proxy,Neutral,fatigued,False,0.0037326392694063916,0.08301079909866307,0.8538096243058992,0.059446937326031256
emosurv,emosurv_139,emosurv_fixed_text_139_H,emosurv_fixed_text_window_0000092,emosurv_fixed_text,distracted,emosurv_weakly_supervised_four_class_proxy,Happy,fatigued,False,0.0009881422924901187,0.06038494505543142,0.8649201462123869,0.07370676643969155
emosurv,emosurv_139,emosurv_fixed_text_139_H,emosurv_fixed_text_window_0000093,emosurv_fixed_text,focused,emosurv_weakly_supervised_four_class_proxy,Happy,fatigued,False,0.007320268659059563,0.05040249482823353,0.8607102266738061,0.08156700983890075
emosurv,emosurv_139,emosurv_fixed_text_139_H,emosurv_fixed_text_window_0000094,emosurv_fixed_text,distracted,emosurv_weakly_supervised_four_class_proxy,Happy,fatigued,False,0.007370756870538488,0.05698733233745835,0.8683015603994768,0.06734035039252635
emosurv,emosurv_130,emosurv_fixed_text_130_N,emosurv_fixed_text_window_0000129,emosurv_fixed_text,focused,emosurv_weakly_supervised_four_class_proxy,Neutral,distracted,False,0.01894783320788712,0.8836808262655583,0.06370571420570113,0.03366562632085325
emosurv,emosurv_130,emosurv_fixed_text_130_N,emosurv_fixed_text_window_0000130,emosurv_fixed_text,focused,emosurv_weakly_supervised_four_class_proxy,Neutral,distracted,False,0.006504302377148034,0.7680194052824546,0.1592797754195214,0.06619651692087596
emosurv,emosurv_130,emosurv_fixed_text_130_N,emosurv_fixed_text_window_0000131,emosurv_fixed_text,focused,emosurv_weakly_supervised_four_class_proxy,Neutral,distracted,False,0.0,0.9302905359991049,0.06050267583161044,0.009206788169284627
emosurv,emosurv_130,emosurv_fixed_text_130_N,emosurv_fixed_text_window_0000132,emosurv_fixed_text,focused,emosurv_weakly_supervised_four_class_proxy,Neutral,distracted,False,0.005608098356577105,0.7847351877624565,0.1819736714548278,0.027683042426138612
emosurv,emosurv_130,emosurv_fixed_text_130_N,emosurv_fixed_text_window_0000133,emosurv_fixed_text,focused,emosurv_weakly_supervised_four_class_proxy,Neutral,distracted,False,0.04607262314339199,0.7910505337262722,0.1138533284190832,0.04902351471125264
emosurv,emosurv_130,emosurv_fixed_text_130_N,emosurv_fixed_text_window_0000134,emosurv_fixed_text,focused,emosurv_weakly_supervised_four_class_proxy,Neutral,distracted,False,0.017643715268043425,0.8711542614328189,0.02738450084185034,0.08381752245728727
emosurv,emosurv_130,emosurv_fixed_text_130_N,emosurv_fixed_text_window_0000135,emosurv_fixed_text,distracted,emosurv_weakly_supervised_four_class_proxy,Neutral,distracted,True,0.008250867809350795,0.511905037020645,0.291237475347135,0.1886066198228692
emosurv,emosurv_130,emosurv_fixed_text_130_N,emosurv_fixed_text_window_0000136,emosurv_fixed_text,focused,emosurv_weakly_supervised_four_class_proxy,Neutral,distracted,False,0.0712382196743376,0.7228162660119283,0.033350619129582725,0.17259489518415144
emosurv,emosurv_130,emosurv_fixed_text_130_N,emosurv_fixed_text_window_0000137,emosurv_fixed_text,focused,emosurv_weakly_supervised_four_class_proxy,Neutral,overloaded,False,0.005804346008213426,0.42643458631047415,0.1396708143637139,0.42809025331759853
emosurv,emosurv_130,emosurv_fixed_text_130_N,emosurv_fixed_text_window_0000138,emosurv_fixed_text,distracted,emosurv_weakly_supervised_four_class_proxy,Neutral,fatigued,False,0.00411747478800882,0.4161846788443105,0.5402555004254324,0.039442345942248415
emosurv,emosurv_130,emosurv_fixed_text_130_N,emosurv_fixed_text_window_0000139,emosurv_fixed_text,distracted,emosurv_weakly_supervised_four_class_proxy,Neutral,distracted,True,0.006229337368792037,0.4064325861921144,0.40634041399545207,0.18099766244364143
emosurv,emosurv_130,emosurv_fixed_text_130_N,emosurv_fixed_text_window_0000140,emosurv_fixed_text,focused,emosurv_weakly_supervised_four_class_proxy,Neutral,fatigued,False,0.0,0.0036263528781573825,0.9963736471218426,0.0
emosurv,emosurv_130,emosurv_fixed_text_130_N,emosurv_fixed_text_window_0000141,emosurv_fixed_text,focused,emosurv_weakly_supervised_four_class_proxy,Neutral,distracted,False,0.007520696748595243,0.6786273714046707,0.2736925408747777,0.04015939097195637
emosurv,emosurv_130,emosurv_fixed_text_130_N,emosurv_fixed_text_window_0000142,emosurv_fixed_text,focused,emosurv_weakly_supervised_four_class_proxy,Neutral,distracted,False,0.042784527800999485,0.607296359460696,0.15673367718668849,0.193185435551616
emosurv,emosurv_130,emosurv_fixed_text_130_N,emosurv_fixed_text_window_0000143,emosurv_fixed_text,focused,emosurv_weakly_supervised_four_class_proxy,Neutral,distracted,False,0.014235632502897085,0.535836938763788,0.1588194549295199,0.29110797380379505
emosurv,emosurv_130,emosurv_fixed_text_130_N,emosurv_fixed_text_window_0000144,emosurv_fixed_text,focused,emosurv_weakly_supervised_four_class_proxy,Neutral,distracted,False,0.007577831195709678,0.40250060114647146,0.27296493641309555,0.31695663124472345
emosurv,emosurv_130,emosurv_fixed_text_130_N,emosurv_fixed_text_window_0000145,emosurv_fixed_text,distracted,emosurv_weakly_supervised_four_class_proxy,Neutral,fatigued,False,0.0056316403455531445,0.39100826662985216,0.39873365060064814,0.20462644242394645
emosurv,emosurv_130,emosurv_fixed_text_130_N,emosurv_fixed_text_window_0000146,emosurv_fixed_text,focused,emosurv_weakly_supervised_four_class_proxy,Neutral,fatigued,False,0.0005738532386832104,0.2079103813912017,0.4710418241833263,0.3204739411867889
emosurv,emosurv_130,emosurv_fixed_text_130_N,emosurv_fixed_text_window_0000147,emosurv_fixed_text,focused,emosurv_weakly_supervised_four_class_proxy,Neutral,distracted,False,0.09844580998103859,0.6001819633873201,0.11064236171545178,0.19072986491618954
emosurv,emosurv_130,emosurv_fixed_text_130_N,emosurv_fixed_text_window_0000148,emosurv_fixed_text,focused,emosurv_weakly_supervised_four_class_proxy,Neutral,distracted,False,0.046026849387295676,0.5074762126117099,0.2428146359176151,0.20368230208337923
emosurv,emosurv_130,emosurv_fixed_text_130_N,emosurv_fixed_text_window_0000149,emosurv_fixed_text,focused,emosurv_weakly_supervised_four_class_proxy,Neutral,distracted,False,0.02964408908663669,0.45547386517583616,0.0665159318482955,0.4483661138892317
emosurv,emosurv_130,emosurv_fixed_text_130_N,emosurv_fixed_text_window_0000150,emosurv_fixed_text,focused,emosurv_weakly_supervised_four_class_proxy,Neutral,distracted,False,0.0326419648247104,0.3615292133731551,0.26699860376926127,0.3388302180328734
emosurv,emosurv_130,emosurv_fixed_text_130_H,emosurv_fixed_text_window_0000151,emosurv_fixed_text,focused,emosurv_weakly_supervised_four_class_proxy,Happy,distracted,False,0.005589431431041287,0.7215103900177746,0.18953934186988933,0.08336083668129472
emosurv,emosurv_130,emosurv_fixed_text_130_H,emosurv_fixed_text_window_0000152,emosurv_fixed_text,focused,emosurv_weakly_supervised_four_class_proxy,Happy,distracted,False,0.013426237789104612,0.769695757661334,0.198284260800659,0.018593743748902453
emosurv,emosurv_130,emosurv_fixed_text_130_H,emosurv_fixed_text_window_0000153,emosurv_fixed_text,focused,emosurv_weakly_supervised_four_class_proxy,Happy,fatigued,False,0.005886311515771071,0.26378580582644895,0.7063220677745595,0.024005814883220598
emosurv,emosurv_126,emosurv_fixed_text_126_N,emosurv_fixed_text_window_0000253,emosurv_fixed_text,focused,emosurv_weakly_supervised_four_class_proxy,Neutral,distracted,False,0.02176160603276958,0.41366488389054706,0.16560473085324298,0.39896877922344026
emosurv,emosurv_126,emosurv_fixed_text_126_N,emosurv_fixed_text_window_0000254,emosurv_fixed_text,focused,emosurv_weakly_supervised_four_class_proxy,Neutral,fatigued,False,0.006842496089576805,0.2613017828437117,0.4718505528493591,0.26000516821735237
emosurv,emosurv_126,emosurv_fixed_text_126_N,emosurv_fixed_text_window_0000255,emosurv_fixed_text,focused,emosurv_weakly_supervised_four_class_proxy,Neutral,distracted,False,0.0461190451596279,0.42615862184429043,0.1977659361287321,0.3299563968673496
emosurv,emosurv_126,emosurv_fixed_text_126_N,emosurv_fixed_text_window_0000256,emosurv_fixed_text,focused,emosurv_weakly_supervised_four_class_proxy,Neutral,overloaded,False,0.07139803554833792,0.3874064616557719,0.13849736649774894,0.4026981362981413
emosurv,emosurv_126,emosurv_fixed_text_126_N,emosurv_fixed_text_window_0000257,emosurv_fixed_text,focused,emosurv_weakly_supervised_four_class_proxy,Neutral,overloaded,False,0.013091015557196783,0.34964713784804546,0.27440097542233344,0.3628608711724243
emosurv,emosurv_144,emosurv_fixed_text_144_N,emosurv_fixed_text_window_0000393,emosurv_fixed_text,focused,emosurv_weakly_supervised_four_class_proxy,Neutral,distracted,False,0.00341010745694857,0.9286022622244083,0.05728928671027152,0.01069834360837151
emosurv,emosurv_144,emosurv_fixed_text_144_N,emosurv_fixed_text_window_0000394,emosurv_fixed_text,focused,emosurv_weakly_supervised_four_class_proxy,Neutral,distracted,False,0.0,0.7062777033408062,0.2815030725092586,0.0122192241499353
emosurv,emosurv_144,emosurv_fixed_text_144_N,emosurv_fixed_text_window_0000395,emosurv_fixed_text,focused,emosurv_weakly_supervised_four_class_proxy,Neutral,distracted,False,0.0030874551733710664,0.9028198862078547,0.07426296821265244,0.01982969040612182
emosurv,emosurv_144,emosurv_fixed_text_144_N,emosurv_fixed_text_window_0000396,emosurv_fixed_text,distracted,emosurv_weakly_supervised_four_class_proxy,Neutral,distracted,True,0.0007431693989071041,0.7186536699550047,0.2454051914457673,0.03519796920032095
emosurv,emosurv_144,emosurv_fixed_text_144_N,emosurv_fixed_text_window_0000397,emosurv_fixed_text,focused,emosurv_weakly_supervised_four_class_proxy,Neutral,distracted,False,0.003559909299577917,0.921951355012908,0.01032376665919806,0.06416496902831603
emosurv,emosurv_144,emosurv_fixed_text_144_N,emosurv_fixed_text_window_0000398,emosurv_fixed_text,focused,emosurv_weakly_supervised_four_class_proxy,Neutral,distracted,False,0.0034101074569485705,0.8609110023073725,0.056451112436412605,0.07922777779926636
emosurv,emosurv_144,emosurv_fixed_text_144_N,emosurv_fixed_text_window_0000399,emosurv_fixed_text,distracted,emosurv_weakly_supervised_four_class_proxy,Neutral,fatigued,False,0.0,0.4280503676110478,0.5086918719181999,0.0632577604707523
emosurv,emosurv_144,emosurv_fixed_text_144_N,emosurv_fixed_text_window_0000400,emosurv_fixed_text,focused,emosurv_weakly_supervised_four_class_proxy,Neutral,distracted,False,0.006682424054923276,0.6998250041168024,0.2752296584421996,0.01826291338607484
emosurv,emosurv_144,emosurv_fixed_text_144_N,emosurv_fixed_text_window_0000401,emosurv_fixed_text,focused,emosurv_weakly_supervised_four_class_proxy,Neutral,distracted,False,0.012111104355924964,0.9181537597308856,0.03691216718449221,0.03282296872869722
emosurv,emosurv_144,emosurv_fixed_text_144_N,emosurv_fixed_text_window_0000402,emosurv_fixed_text,focused,emosurv_weakly_supervised_four_class_proxy,Neutral,distracted,False,0.014660454351666756,0.8036461750626362,0.08181080121989241,0.0998825693658047
emosurv,emosurv_144,emosurv_fixed_text_144_N,emosurv_fixed_text_window_0000403,emosurv_fixed_text,focused,emosurv_weakly_supervised_four_class_proxy,Neutral,distracted,False,0.003161608803912588,0.8753216175799223,0.0839368212843511,0.037579952331814055
emosurv,emosurv_144,emosurv_fixed_text_144_H,emosurv_fixed_text_window_0000404,emosurv_fixed_text,focused,emosurv_weakly_supervised_four_class_proxy,Happy,distracted,False,0.011637776010828117,0.8878676074178035,0.0671643739805086,0.033330242590859836
emosurv,emosurv_144,emosurv_fixed_text_144_H,emosurv_fixed_text_window_0000405,emosurv_fixed_text,focused,emosurv_weakly_supervised_four_class_proxy,Happy,distracted,False,0.012304359709223552,0.9109114778396944,0.05758370455077535,0.019200457900306812
emosurv,emosurv_144,emosurv_fixed_text_144_H,emosurv_fixed_text_window_0000406,emosurv_fixed_text,distracted,emosurv_weakly_supervised_four_class_proxy,Happy,distracted,True,0.0,0.7379233662379804,0.2540840772494258,0.007992556512593757
emosurv,emosurv_144,emosurv_fixed_text_144_S,emosurv_fixed_text_window_0000407,emosurv_fixed_text,fatigued,emosurv_weakly_supervised_four_class_proxy,Sad,distracted,False,0.01634509461655979,0.932194319656981,0.03219029152920125,0.019270294197258054
emosurv,emosurv_144,emosurv_fixed_text_144_S,emosurv_fixed_text_window_0000408,emosurv_fixed_text,fatigued,emosurv_weakly_supervised_four_class_proxy,Sad,distracted,False,0.03372345074037315,0.9273301785850786,0.009792353759197818,0.029154016915350335
emosurv,emosurv_144,emosurv_fixed_text_144_S,emosurv_fixed_text_window_0000409,emosurv_fixed_text,fatigued,emosurv_weakly_supervised_four_class_proxy,Sad,distracted,False,0.01790566144273599,0.893228481615786,0.05873168661355561,0.030134170327922316
emosurv,emosurv_144,emosurv_fixed_text_144_S,emosurv_fixed_text_window_0000410,emosurv_fixed_text,fatigued,emosurv_weakly_supervised_four_class_proxy,Sad,distracted,False,0.0023967741236152365,0.9215839714665272,0.056762047771120996,0.019257206638736483
emosurv,emosurv_144,emosurv_fixed_text_144_C,emosurv_fixed_text_window_0000411,emosurv_fixed_text,focused,emosurv_weakly_supervised_four_class_proxy,Calm,distracted,False,0.008765669316757192,0.7749243899147448,0.18780575202182725,0.028504188746670853
emosurv,emosurv_144,emosurv_fixed_text_144_C,emosurv_fixed_text_window_0000412,emosurv_fixed_text,focused,emosurv_weakly_supervised_four_class_proxy,Calm,distracted,False,0.013981343099426282,0.8315026977533284,0.13040746694004,0.02410849220720534
emosurv,emosurv_144,emosurv_fixed_text_144_C,emosurv_fixed_text_window_0000413,emosurv_fixed_text,focused,emosurv_weakly_supervised_four_class_proxy,Calm,distracted,False,0.021071238736222287,0.7842984646351715,0.1587799518458023,0.03585034478280386
emosurv,emosurv_144,emosurv_fixed_text_144_C,emosurv_fixed_text_window_0000414,emosurv_fixed_text,focused,emosurv_weakly_supervised_four_class_proxy,Calm,distracted,False,0.01698977990439507,0.6649741464458865,0.2966114308512204,0.021424642798498164
emosurv,emosurv_117,emosurv_fixed_text_117_N,emosurv_fixed_text_window_0000461,emosurv_fixed_text,focused,emosurv_weakly_supervised_four_class_proxy,Neutral,distracted,False,0.03156274094004571,0.8319166796620615,0.009271866213077348,0.12724871318481543
emosurv,emosurv_117,emosurv_fixed_text_117_N,emosurv_fixed_text_window_0000462,emosurv_fixed_text,focused,emosurv_weakly_supervised_four_class_proxy,Neutral,distracted,False,0.006833863517006512,0.8670872763834704,0.06121969729629006,0.06485916280323296
emosurv,emosurv_117,emosurv_fixed_text_117_N,emosurv_fixed_text_window_0000463,emosurv_fixed_text,focused,emosurv_weakly_supervised_four_class_proxy,Neutral,distracted,False,0.014198931920406815,0.8021614082629385,0.06036835077199077,0.12327130904466402
emosurv,emosurv_117,emosurv_fixed_text_117_N,emosurv_fixed_text_window_0000464,emosurv_fixed_text,focused,emosurv_weakly_supervised_four_class_proxy,Neutral,distracted,False,0.01693586956375661,0.8600093976624361,0.05702677542518534,0.06602795734862196
emosurv,emosurv_117,emosurv_fixed_text_117_N,emosurv_fixed_text_window_0000465,emosurv_fixed_text,focused,emosurv_weakly_supervised_four_class_proxy,Neutral,distracted,False,0.0897865671698609,0.8045350427662452,0.005535245195679684,0.10014314486821428
emosurv,emosurv_117,emosurv_fixed_text_117_N,emosurv_fixed_text_window_0000466,emosurv_fixed_text,focused,emosurv_weakly_supervised_four_class_proxy,Neutral,distracted,False,0.024838151554020454,0.7645360494889283,0.04966591870053306,0.16095988025651814
emosurv,emosurv_117,emosurv_fixed_text_117_H,emosurv_fixed_text_window_0000467,emosurv_fixed_text,focused,emosurv_weakly_supervised_four_class_proxy,Happy,distracted,False,0.0,0.9935473005932903,0.0,0.006452699406709724
emosurv,emosurv_117,emosurv_fixed_text_117_H,emosurv_fixed_text_window_0000468,emosurv_fixed_text,focused,emosurv_weakly_supervised_four_class_proxy,Happy,distracted,False,0.027718904073130157,0.8017601413674904,0.013556105366763457,0.15696484919261597
emosurv,emosurv_117,emosurv_fixed_text_117_H,emosurv_fixed_text_window_0000469,emosurv_fixed_text,focused,emosurv_weakly_supervised_four_class_proxy,Happy,distracted,False,0.005880056398779173,0.8086932885358881,0.06331784935092397,0.12210880571440877
emosurv,emosurv_79,emosurv_fixed_text_79_N,emosurv_fixed_text_window_0000474,emosurv_fixed_text,focused,emosurv_weakly_supervised_four_class_proxy,Neutral,distracted,False,0.004288253401397523,0.8848216519175669,0.019039249417709864,0.09185084526332585
emosurv,emosurv_79,emosurv_fixed_text_79_N,emosurv_fixed_text_window_0000475,emosurv_fixed_text,distracted,emosurv_weakly_supervised_four_class_proxy,Neutral,fatigued,False,0.006535727253881765,0.23151016071534675,0.5237158279186681,0.2382382841121034
emosurv,emosurv_79,emosurv_fixed_text_79_N,emosurv_fixed_text_window_0000476,emosurv_fixed_text,focused,emosurv_weakly_supervised_four_class_proxy,Neutral,distracted,False,0.007903766762788825,0.7527838572216322,0.03325886058582273,0.20605351542975625
emosurv,emosurv_79,emosurv_fixed_text_79_N,emosurv_fixed_text_window_0000477,emosurv_fixed_text,distracted,emosurv_weakly_supervised_four_class_proxy,Neutral,fatigued,False,0.0045045141686800745,0.21107985531858195,0.5283578446657157,0.2560577858470224
emosurv,emosurv_79,emosurv_fixed_text_79_N,emosurv_fixed_text_window_0000478,emosurv_fixed_text,distracted,emosurv_weakly_supervised_four_class_proxy,Neutral,overloaded,False,0.008424295982845359,0.3489980933734817,0.190988304097228,0.451589306546445
emosurv,emosurv_79,emosurv_fixed_text_79_N,emosurv_fixed_text_window_0000479,emosurv_fixed_text,distracted,emosurv_weakly_supervised_four_class_proxy,Neutral,fatigued,False,0.0073077423203563975,0.3035983226539239,0.40604929616532853,0.2830446388603913
emosurv,emosurv_79,emosurv_fixed_text_79_N,emosurv_fixed_text_window_0000480,emosurv_fixed_text,distracted,emosurv_weakly_supervised_four_class_proxy,Neutral,fatigued,False,0.005771426140955297,0.2688950139519675,0.3966768418877511,0.3286567180193261
emosurv,emosurv_79,emosurv_fixed_text_79_N,emosurv_fixed_text_window_0000481,emosurv_fixed_text,focused,emosurv_weakly_supervised_four_class_proxy,Neutral,overloaded,False,0.05345570087705552,0.4575889748897542,0.03042028016728407,0.45853504406590606
emosurv,emosurv_79,emosurv_fixed_text_79_N,emosurv_fixed_text_window_0000482,emosurv_fixed_text,focused,emosurv_weakly_supervised_four_class_proxy,Neutral,distracted,False,0.01602671754236321,0.48617488016591776,0.03617700459055615,0.4616213977011628
emosurv,emosurv_79,emosurv_fixed_text_79_N,emosurv_fixed_text_window_0000483,emosurv_fixed_text,focused,emosurv_weakly_supervised_four_class_proxy,Neutral,overloaded,False,0.025409231726844048,0.32801667826779946,0.15390629672864534,0.4926677932767112
emosurv,emosurv_87,emosurv_fixed_text_87_N,emosurv_fixed_text_window_0000532,emosurv_fixed_text,focused,emosurv_weakly_supervised_four_class_proxy,Neutral,fatigued,False,0.0,0.013970551510182038,0.986029448489818,0.0
emosurv,emosurv_87,emosurv_fixed_text_87_N,emosurv_fixed_text_window_0000533,emosurv_fixed_text,distracted,emosurv_weakly_supervised_four_class_proxy,Neutral,fatigued,False,0.0,0.07301844142988355,0.8604923193695916,0.06648923920052494
emosurv,emosurv_87,emosurv_fixed_text_87_N,emosurv_fixed_text_window_0000534,emosurv_fixed_text,focused,emosurv_weakly_supervised_four_class_proxy,Neutral,fatigued,False,0.0,0.00619179388654893,0.9938082061134511,0.0
emosurv,emosurv_87,emosurv_fixed_text_87_N,emosurv_fixed_text_window_0000535,emosurv_fixed_text,distracted,emosurv_weakly_supervised_four_class_proxy,Neutral,fatigued,False,0.002414409630023013,0.18599340593588198,0.7472166780071671,0.064375506426928
emosurv,emosurv_87,emosurv_fixed_text_87_N,emosurv_fixed_text_window_0000536,emosurv_fixed_text,focused,emosurv_weakly_supervised_four_class_proxy,Neutral,fatigued,False,0.003928781561896512,0.06053358942482833,0.8771066668051729,0.05843096220810227
emosurv,emosurv_87,emosurv_fixed_text_87_N,emosurv_fixed_text_window_0000537,emosurv_fixed_text,focused,emosurv_weakly_supervised_four_class_proxy,Neutral,fatigued,False,0.0,0.02224129345485089,0.9718524095981372,0.005906296947011942
emosurv,emosurv_87,emosurv_fixed_text_87_N,emosurv_fixed_text_window_0000538,emosurv_fixed_text,focused,emosurv_weakly_supervised_four_class_proxy,Neutral,fatigued,False,0.0037083924304698334,0.15270015305855347,0.6863722091589665,0.15721924535201015
emosurv,emosurv_87,emosurv_fixed_text_87_N,emosurv_fixed_text_window_0000539,emosurv_fixed_text,focused,emosurv_weakly_supervised_four_class_proxy,Neutral,fatigued,False,0.010600417779185136,0.20165254395048943,0.5830119186095338,0.20473511966079166
emosurv,emosurv_87,emosurv_fixed_text_87_N,emosurv_fixed_text_window_0000540,emosurv_fixed_text,distracted,emosurv_weakly_supervised_four_class_proxy,Neutral,overloaded,False,0.0036820878383482104,0.31099288264044744,0.20762831079955085,0.47769671872165353
emosurv,emosurv_87,emosurv_fixed_text_87_N,emosurv_fixed_text_window_0000541,emosurv_fixed_text,focused,emosurv_weakly_supervised_four_class_proxy,Neutral,distracted,False,0.017759786447924683,0.43188420857854076,0.15079302494804767,0.3995629800254868
emosurv,emosurv_87,emosurv_fixed_text_87_N,emosurv_fixed_text_window_0000542,emosurv_fixed_text,focused,emosurv_weakly_supervised_four_class_proxy,Neutral,overloaded,False,0.07351155701085389,0.2810077478409731,0.28121193075879924,0.36426876438937383
emosurv,emosurv_87,emosurv_fixed_text_87_N,emosurv_fixed_text_window_0000543,emosurv_fixed_text,focused,emosurv_weakly_supervised_four_class_proxy,Neutral,fatigued,False,0.0009311740890688259,0.20949478359736265,0.4432344272484395,0.3463396150651291
emosurv,emosurv_87,emosurv_fixed_text_87_N,emosurv_fixed_text_window_0000544,emosurv_fixed_text,distracted,emosurv_weakly_supervised_four_class_proxy,Neutral,fatigued,False,0.0009311740890688259,0.11222780399568798,0.6793256067982102,0.20751541511703295
emosurv,emosurv_87,emosurv_fixed_text_87_N,emosurv_fixed_text_window_0000545,emosurv_fixed_text,focused,emosurv_weakly_supervised_four_class_proxy,Neutral,fatigued,False,0.0033138468971140506,0.20270862828498362,0.44275379713717306,0.3512237276807293
emosurv,emosurv_87,emosurv_fixed_text_87_N,emosurv_fixed_text_window_0000546,emosurv_fixed_text,focused,emosurv_weakly_supervised_four_class_proxy,Neutral,overloaded,False,0.0038807688414698067,0.2086526464216871,0.30313949306337123,0.4843270916734719
emosurv,emosurv_87,emosurv_fixed_text_87_N,emosurv_fixed_text_window_0000547,emosurv_fixed_text,distracted,emosurv_weakly_supervised_four_class_proxy,Neutral,fatigued,False,0.0009311740890688259,0.12812930267379158,0.6712996155477999,0.19963990768933976
emosurv,emosurv_87,emosurv_fixed_text_87_C,emosurv_fixed_text_window_0000548,emosurv_fixed_text,focused,emosurv_weakly_supervised_four_class_proxy,Calm,fatigued,False,0.005075123122119886,0.10547412336660818,0.8696440342081029,0.01980671930316898
emosurv,emosurv_87,emosurv_fixed_text_87_C,emosurv_fixed_text_window_0000549,emosurv_fixed_text,focused,emosurv_weakly_supervised_four_class_proxy,Calm,fatigued,False,0.003633147813477911,0.10989960440578748,0.8605327790795849,0.02593446870114971
emosurv,emosurv_87,emosurv_fixed_text_87_C,emosurv_fixed_text_window_0000550,emosurv_fixed_text,focused,emosurv_weakly_supervised_four_class_proxy,Calm,fatigued,False,0.0,0.08440813152210934,0.9068823912420023,0.008709477235888387
emosurv,emosurv_87,emosurv_fixed_text_87_C,emosurv_fixed_text_window_0000551,emosurv_fixed_text,focused,emosurv_weakly_supervised_four_class_proxy,Calm,fatigued,False,0.0030334572490706324,0.09494690591529713,0.8811610274371864,0.02085860939844587
emosurv,emosurv_87,emosurv_fixed_text_87_C,emosurv_fixed_text_window_0000552,emosurv_fixed_text,focused,emosurv_weakly_supervised_four_class_proxy,Calm,fatigued,False,0.0016820031414405948,0.12022915899847697,0.8636909820992776,0.014397855760804665
emosurv,emosurv_87,emosurv_fixed_text_87_C,emosurv_fixed_text_window_0000553,emosurv_fixed_text,focused,emosurv_weakly_supervised_four_class_proxy,Calm,distracted,False,0.0031575709601800884,0.6557776185316886,0.32780189861862835,0.01326291188950307
emosurv,emosurv_87,emosurv_fixed_text_87_C,emosurv_fixed_text_window_0000554,emosurv_fixed_text,focused,emosurv_weakly_supervised_four_class_proxy,Calm,fatigued,False,0.0011181102362204723,0.3784492842742883,0.5788929095832773,0.04153969590621381
emosurv,emosurv_87,emosurv_fixed_text_87_C,emosurv_fixed_text_window_0000555,emosurv_fixed_text,focused,emosurv_weakly_supervised_four_class_proxy,Calm,distracted,False,0.00214230378460757,0.7711225679147882,0.20034813626530942,0.026386992035294914
emosurv,emosurv_87,emosurv_fixed_text_87_C,emosurv_fixed_text_window_0000556,emosurv_fixed_text,focused,emosurv_weakly_supervised_four_class_proxy,Calm,fatigued,False,0.035816171863700244,0.2530945858864097,0.36901139283319534,0.3420778494166948
emosurv,emosurv_87,emosurv_fixed_text_87_C,emosurv_fixed_text_window_0000557,emosurv_fixed_text,focused,emosurv_weakly_supervised_four_class_proxy,Calm,fatigued,False,0.0009311740890688259,0.11151928381631578,0.6760341269775825,0.21151541511703295
emosurv,emosurv_87,emosurv_fixed_text_87_C,emosurv_fixed_text_window_0000558,emosurv_fixed_text,focused,emosurv_weakly_supervised_four_class_proxy,Calm,fatigued,False,0.0009311740890688259,0.19497816814045735,0.4717117607115945,0.33237889705887946
emosurv,emosurv_87,emosurv_fixed_text_87_C,emosurv_fixed_text_window_0000559,emosurv_fixed_text,focused,emosurv_weakly_supervised_four_class_proxy,Calm,fatigued,False,0.001505027327752036,0.1767902767593208,0.5204201724506814,0.3012845234622458
emosurv,emosurv_142,emosurv_fixed_text_142_N,emosurv_fixed_text_window_0000560,emosurv_fixed_text,focused,emosurv_weakly_supervised_four_class_proxy,Neutral,distracted,False,0.09471155980326176,0.8264905997716315,0.0,0.07879784042510672
emosurv,emosurv_142,emosurv_fixed_text_142_N,emosurv_fixed_text_window_0000561,emosurv_fixed_text,focused,emosurv_weakly_supervised_four_class_proxy,Neutral,distracted,False,0.0,0.9993,0.0,0.0007
emosurv,emosurv_142,emosurv_fixed_text_142_N,emosurv_fixed_text_window_0000562,emosurv_fixed_text,focused,emosurv_weakly_supervised_four_class_proxy,Neutral,distracted,False,0.055194830751246295,0.8590945136005529,0.011649140324296332,0.0740615153239045
emosurv,emosurv_142,emosurv_fixed_text_142_N,emosurv_fixed_text_window_0000563,emosurv_fixed_text,focused,emosurv_weakly_supervised_four_class_proxy,Neutral,distracted,False,0.2375920098373635,0.731172525980243,0.02838686912408967,0.0028485950583037956
emosurv,emosurv_142,emosurv_fixed_text_142_N,emosurv_fixed_text_window_0000564,emosurv_fixed_text,focused,emosurv_weakly_supervised_four_class_proxy,Neutral,distracted,False,0.10069584647769446,0.7198675622961339,0.0029959861633790078,0.17644060506279258
emosurv,emosurv_142,emosurv_fixed_text_142_C,emosurv_fixed_text_window_0000565,emosurv_fixed_text,focused,emosurv_weakly_supervised_four_class_proxy,Calm,distracted,False,0.11928701899332367,0.7599298983832171,0.013128618893091325,0.10765446373036784
emosurv,emosurv_142,emosurv_fixed_text_142_C,emosurv_fixed_text_window_0000566,emosurv_fixed_text,focused,emosurv_weakly_supervised_four_class_proxy,Calm,distracted,False,0.10793292036658024,0.7108212341795493,0.016417516950207465,0.16482832850366302
emosurv,emosurv_142,emosurv_fixed_text_142_C,emosurv_fixed_text_window_0000567,emosurv_fixed_text,focused,emosurv_weakly_supervised_four_class_proxy,Calm,distracted,False,0.22438338786153725,0.7520124854660417,0.019134475049696727,0.004469651622724168
emosurv,emosurv_142,emosurv_fixed_text_142_C,emosurv_fixed_text_window_0000568,emosurv_fixed_text,focused,emosurv_weakly_supervised_four_class_proxy,Calm,distracted,False,0.1394887213781214,0.7575436398269799,0.01367001023465334,0.08929762856024535
emosurv,emosurv_87,emosurv_fixed_text_87_S,emosurv_fixed_text_window_0000645,emosurv_fixed_text,fatigued,emosurv_weakly_supervised_four_class_proxy,Sad,fatigued,True,0.020462587162137936,0.22403306904007964,0.7276839087320899,0.027820435065692605
emosurv,emosurv_87,emosurv_fixed_text_87_S,emosurv_fixed_text_window_0000646,emosurv_fixed_text,fatigued,emosurv_weakly_supervised_four_class_proxy,Sad,fatigued,True,0.0,0.03802818229761028,0.9591955096291507,0.0027763080732390697
emosurv,emosurv_87,emosurv_fixed_text_87_S,emosurv_fixed_text_window_0000647,emosurv_fixed_text,fatigued,emosurv_weakly_supervised_four_class_proxy,Sad,fatigued,True,0.010216321078438563,0.3211356723039237,0.6522296953267952,0.016418311290842487
emosurv,emosurv_87,emosurv_fixed_text_87_S,emosurv_fixed_text_window_0000648,emosurv_fixed_text,fatigued,emosurv_weakly_supervised_four_class_proxy,Sad,fatigued,True,0.0010241935483870964,0.3227955295062007,0.661393181780694,0.01478709516471812
emosurv,emosurv_87,emosurv_fixed_text_87_A,emosurv_fixed_text_window_0000649,emosurv_fixed_text,overloaded,emosurv_weakly_supervised_four_class_proxy,Angry,overloaded,True,0.013091015557196783,0.3691007063062675,0.2478868289552278,0.3699214491813079
emosurv,emosurv_87,emosurv_fixed_text_87_A,emosurv_fixed_text_window_0000650,emosurv_fixed_text,overloaded,emosurv_weakly_supervised_four_class_proxy,Angry,distracted,False,0.07426392906188968,0.39583214149047774,0.14207859393789407,0.38782533550973863
emosurv,emosurv_87,emosurv_fixed_text_87_A,emosurv_fixed_text_window_0000651,emosurv_fixed_text,overloaded,emosurv_weakly_supervised_four_class_proxy,Angry,fatigued,False,0.0070551530099645385,0.24536523308699645,0.4627490982911766,0.28483051561186246
emosurv,emosurv_87,emosurv_fixed_text_87_A,emosurv_fixed_text_window_0000652,emosurv_fixed_text,overloaded,emosurv_weakly_supervised_four_class_proxy,Angry,overloaded,True,0.011748663006193304,0.24873393295904625,0.23846384813300617,0.5010535559017543
emosurv,emosurv_87,emosurv_fixed_text_87_H,emosurv_fixed_text_window_0000653,emosurv_fixed_text,focused,emosurv_weakly_supervised_four_class_proxy,Happy,distracted,False,0.08123944797998768,0.4374630613144415,0.14206017893592957,0.3392373117696412
emosurv,emosurv_87,emosurv_fixed_text_87_H,emosurv_fixed_text_window_0000654,emosurv_fixed_text,focused,emosurv_weakly_supervised_four_class_proxy,Happy,overloaded,False,0.036666821430530634,0.37793564586098893,0.19193907739045424,0.3934584553180263
emosurv,emosurv_87,emosurv_fixed_text_87_H,emosurv_fixed_text_window_0000655,emosurv_fixed_text,focused,emosurv_weakly_supervised_four_class_proxy,Happy,distracted,False,0.04301019236920409,0.404645161182542,0.15615009713707936,0.3961945493111745
emosurv,emosurv_148,emosurv_fixed_text_148_N,emosurv_fixed_text_window_0000728,emosurv_fixed_text,focused,emosurv_weakly_supervised_four_class_proxy,Neutral,distracted,False,0.08985606221593888,0.49387952172940164,0.09967265027437518,0.3165917657802843
emosurv,emosurv_148,emosurv_fixed_text_148_N,emosurv_fixed_text_window_0000729,emosurv_fixed_text,focused,emosurv_weakly_supervised_four_class_proxy,Neutral,overloaded,False,0.07554972650969304,0.38346423689465137,0.1055696488463753,0.43541638774928026
emosurv,emosurv_148,emosurv_fixed_text_148_N,emosurv_fixed_text_window_0000730,emosurv_fixed_text,focused,emosurv_weakly_supervised_four_class_proxy,Neutral,distracted,False,0.04838474769275508,0.6707237268326716,0.013122055122875918,0.2677694703516974
emosurv,emosurv_148,emosurv_fixed_text_148_N,emosurv_fixed_text_window_0000731,emosurv_fixed_text,focused,emosurv_weakly_supervised_four_class_proxy,Neutral,distracted,False,0.06745470041245823,0.5050399453759407,0.01392716128201409,0.4135781929295869
emosurv,emosurv_148,emosurv_fixed_text_148_N,emosurv_fixed_text_window_0000732,emosurv_fixed_text,focused,emosurv_weakly_supervised_four_class_proxy,Neutral,overloaded,False,0.04106512479573251,0.36333786995498796,0.025904429307721653,0.5696925759415579
emosurv,emosurv_148,emosurv_fixed_text_148_N,emosurv_fixed_text_window_0000733,emosurv_fixed_text,focused,emosurv_weakly_supervised_four_class_proxy,Neutral,distracted,False,0.012957457967072976,0.6669069658124649,0.010306243373049119,0.3098293328474131
emosurv,emosurv_148,emosurv_fixed_text_148_H,emosurv_fixed_text_window_0000734,emosurv_fixed_text,distracted,emosurv_weakly_supervised_four_class_proxy,Happy,distracted,True,0.005525961961959387,0.6426818319165403,0.006720354207578577,0.34507185191392187
emosurv,emosurv_148,emosurv_fixed_text_148_H,emosurv_fixed_text_window_0000735,emosurv_fixed_text,focused,emosurv_weakly_supervised_four_class_proxy,Happy,distracted,False,0.0372100083938899,0.4447949722883403,0.1401606128891611,0.3778344064286087
emosurv,emosurv_148,emosurv_fixed_text_148_H,emosurv_fixed_text_window_0000736,emosurv_fixed_text,distracted,emosurv_weakly_supervised_four_class_proxy,Happy,distracted,True,0.001349753694581281,0.46558098445997687,0.40669631322476574,0.12637294862067625
emosurv,emosurv_148,emosurv_fixed_text_148_C,emosurv_fixed_text_window_0000737,emosurv_fixed_text,focused,emosurv_weakly_supervised_four_class_proxy,Calm,distracted,False,0.165824155871573,0.5817938454189935,0.024556920811526002,0.22782507789790757
emosurv,emosurv_148,emosurv_fixed_text_148_C,emosurv_fixed_text_window_0000738,emosurv_fixed_text,focused,emosurv_weakly_supervised_four_class_proxy,Calm,distracted,False,0.031096226980857306,0.8351663208651078,0.01871876838907614,0.11501868376495875
emosurv,emosurv_148,emosurv_fixed_text_148_C,emosurv_fixed_text_window_0000739,emosurv_fixed_text,focused,emosurv_weakly_supervised_four_class_proxy,Calm,distracted,False,0.0,0.9635375952596805,0.0012133891213389125,0.03524901561898054
emosurv,emosurv_148,emosurv_fixed_text_148_C,emosurv_fixed_text_window_0000740,emosurv_fixed_text,focused,emosurv_weakly_supervised_four_class_proxy,Calm,distracted,False,0.003344204933770909,0.5997369605125502,0.0069111313784261,0.3900077031752528
emosurv,emosurv_148,emosurv_fixed_text_148_C,emosurv_fixed_text_window_0000741,emosurv_fixed_text,focused,emosurv_weakly_supervised_four_class_proxy,Calm,overloaded,False,0.028234776631488177,0.362648284849717,0.1400748657937907,0.4690420727250042
emosurv,emosurv_144,emosurv_fixed_text_144_A,emosurv_fixed_text_window_0000804,emosurv_fixed_text,overloaded,emosurv_weakly_supervised_four_class_proxy,Angry,distracted,False,0.006543057706170601,0.7583635451820878,0.21715169227996856,0.017941704831773077
emosurv,emosurv_144,emosurv_fixed_text_144_A,emosurv_fixed_text_window_0000805,emosurv_fixed_text,overloaded,emosurv_weakly_supervised_four_class_proxy,Angry,fatigued,False,0.0,0.12073013699325766,0.8731734538469812,0.006096409159761206
emosurv,emosurv_144,emosurv_fixed_text_144_A,emosurv_fixed_text_window_0000806,emosurv_fixed_text,overloaded,emosurv_weakly_supervised_four_class_proxy,Angry,distracted,False,0.10028196205613216,0.48939603260684394,0.00205593419506463,0.4082660711419592
emosurv,emosurv_144,emosurv_fixed_text_144_A,emosurv_fixed_text_window_0000807,emosurv_fixed_text,overloaded,emosurv_weakly_supervised_four_class_proxy,Angry,distracted,False,0.006682424054923276,0.4987287348211924,0.4826405182776641,0.011948322846220265
emosurv,emosurv_144,emosurv_fixed_text_144_A,emosurv_fixed_text_window_0000808,emosurv_fixed_text,overloaded,emosurv_weakly_supervised_four_class_proxy,Angry,fatigued,False,0.0,0.3958141130001674,0.5905416056518206,0.013644281348012011
emosurv,emosurv_193,emosurv_fixed_text_193_N,emosurv_fixed_text_window_0000821,emosurv_fixed_text,focused,emosurv_weakly_supervised_four_class_proxy,Neutral,distracted,False,0.006628262291003336,0.884839465163539,0.027461108553444854,0.08107116399201293
emosurv,emosurv_193,emosurv_fixed_text_193_N,emosurv_fixed_text_window_0000822,emosurv_fixed_text,focused,emosurv_weakly_supervised_four_class_proxy,Neutral,distracted,False,0.0044051697434886435,0.9181849401020893,0.0013890675241157557,0.07602082263030638
emosurv,emosurv_193,emosurv_fixed_text_193_N,emosurv_fixed_text_window_0000823,emosurv_fixed_text,focused,emosurv_weakly_supervised_four_class_proxy,Neutral,distracted,False,0.026700107749513573,0.8743487600150883,0.055473636986085456,0.04347749524931271
emosurv,emosurv_193,emosurv_fixed_text_193_N,emosurv_fixed_text_window_0000824,emosurv_fixed_text,focused,emosurv_weakly_supervised_four_class_proxy,Neutral,distracted,False,0.009144271561087611,0.8724765531127571,0.002,0.11637917532615537
emosurv,emosurv_193,emosurv_fixed_text_193_N,emosurv_fixed_text_window_0000825,emosurv_fixed_text,focused,emosurv_weakly_supervised_four_class_proxy,Neutral,distracted,False,0.14376237759978666,0.7278468378228115,0.004129914734807581,0.12426086984259435
emosurv,emosurv_114,emosurv_fixed_text_114_N,emosurv_fixed_text_window_0000826,emosurv_fixed_text,focused,emosurv_weakly_supervised_four_class_proxy,Neutral,distracted,False,0.005133731281300133,0.8810406647924531,0.08259596522660428,0.031229638699642417
emosurv,emosurv_114,emosurv_fixed_text_114_N,emosurv_fixed_text_window_0000827,emosurv_fixed_text,distracted,emosurv_weakly_supervised_four_class_proxy,Neutral,fatigued,False,0.0,0.45383764977899704,0.5367912868445819,0.009371063376421088
emosurv,emosurv_114,emosurv_fixed_text_114_N,emosurv_fixed_text_window_0000828,emosurv_fixed_text,focused,emosurv_weakly_supervised_four_class_proxy,Neutral,distracted,False,0.0006929577464788734,0.8935640027410208,0.08522090615044867,0.020522133362051675
emosurv,emosurv_114,emosurv_fixed_text_114_N,emosurv_fixed_text_window_0000829,emosurv_fixed_text,focused,emosurv_weakly_supervised_four_class_proxy,Neutral,distracted,False,0.002466168857029072,0.5967752638386824,0.3730637654569531,0.027694801847335478
emosurv,emosurv_114,emosurv_fixed_text_114_N,emosurv_fixed_text_window_0000830,emosurv_fixed_text,focused,emosurv_weakly_supervised_four_class_proxy,Neutral,distracted,False,0.0006929577464788734,0.907169072416559,0.06145905326710143,0.030678916569860624
emosurv,emosurv_114,emosurv_fixed_text_114_S,emosurv_fixed_text_window_0000831,emosurv_fixed_text,fatigued,emosurv_weakly_supervised_four_class_proxy,Sad,distracted,False,0.004150114551039026,0.7452229939650187,0.2322149873764719,0.018411904107470477
emosurv,emosurv_114,emosurv_fixed_text_114_S,emosurv_fixed_text_window_0000832,emosurv_fixed_text,fatigued,emosurv_weakly_supervised_four_class_proxy,Sad,distracted,False,0.010338048623591323,0.7023479730090069,0.26737097899188456,0.01994299937551728
emosurv,emosurv_114,emosurv_fixed_text_114_S,emosurv_fixed_text_window_0000833,emosurv_fixed_text,fatigued,emosurv_weakly_supervised_four_class_proxy,Sad,distracted,False,0.004150114551039025,0.8048685246888748,0.17856945665261575,0.012411904107470466
emosurv,emosurv_114,emosurv_fixed_text_114_S,emosurv_fixed_text_window_0000834,emosurv_fixed_text,fatigued,emosurv_weakly_supervised_four_class_proxy,Sad,distracted,False,0.0,0.5590717486176183,0.43734992827783425,0.003578323104547511
emosurv,emosurv_100,emosurv_fixed_text_100_A,emosurv_fixed_text_window_0000930,emosurv_fixed_text,overloaded,emosurv_weakly_supervised_four_class_proxy,Angry,fatigued,False,0.0007920000000000001,0.034706467538975175,0.9473513000370987,0.017150232423926055
emosurv,emosurv_100,emosurv_fixed_text_100_A,emosurv_fixed_text_window_0000931,emosurv_fixed_text,overloaded,emosurv_weakly_supervised_four_class_proxy,Angry,fatigued,False,0.004833758937462122,0.049646467927482986,0.8911969858449009,0.05432278729015396
emosurv,emosurv_100,emosurv_fixed_text_100_A,emosurv_fixed_text_window_0000932,emosurv_fixed_text,overloaded,emosurv_weakly_supervised_four_class_proxy,Angry,fatigued,False,0.0009406392694063928,0.0042911867094948,0.9813322765852014,0.013435897435897437
emosurv,emosurv_100,emosurv_fixed_text_100_A,emosurv_fixed_text_window_0000933,emosurv_fixed_text,overloaded,emosurv_weakly_supervised_four_class_proxy,Angry,fatigued,False,0.0,0.0044432308626770846,0.9955567691373229,0.0
emosurv,emosurv_100,emosurv_fixed_text_100_A,emosurv_fixed_text_window_0000934,emosurv_fixed_text,overloaded,emosurv_weakly_supervised_four_class_proxy,Angry,fatigued,False,0.0,0.04007347140942986,0.9568658008141846,0.003060727776385561
emosurv,emosurv_106,emosurv_fixed_text_106_N,emosurv_fixed_text_window_0000935,emosurv_fixed_text,distracted,emosurv_weakly_supervised_four_class_proxy,Neutral,fatigued,False,0.00269520704959251,0.41718559222585555,0.5717532934792253,0.008365907245326555
emosurv,emosurv_106,emosurv_fixed_text_106_N,emosurv_fixed_text_window_0000936,emosurv_fixed_text,distracted,emosurv_weakly_supervised_four_class_proxy,Neutral,fatigued,False,0.0,0.1382652523257651,0.8523105103696167,0.009424237304618286
emosurv,emosurv_106,emosurv_fixed_text_106_N,emosurv_fixed_text_window_0000937,emosurv_fixed_text,distracted,emosurv_weakly_supervised_four_class_proxy,Neutral,fatigued,False,0.0,0.25318484420312604,0.7462776557968741,0.0005375000000000001
emosurv,emosurv_106,emosurv_fixed_text_106_N,emosurv_fixed_text_window_0000938,emosurv_fixed_text,focused,emosurv_weakly_supervised_four_class_proxy,Neutral,fatigued,False,0.002554878534448428,0.3190469200562996,0.6316746979328374,0.046723503476414775
emosurv,emosurv_106,emosurv_fixed_text_106_N,emosurv_fixed_text_window_0000939,emosurv_fixed_text,distracted,emosurv_weakly_supervised_four_class_proxy,Neutral,distracted,True,0.0,0.5607795907869405,0.408855966130344,0.03036444308271547
emosurv,emosurv_106,emosurv_fixed_text_106_N,emosurv_fixed_text_window_0000940,emosurv_fixed_text,distracted,emosurv_weakly_supervised_four_class_proxy,Neutral,distracted,True,0.0027215550021461943,0.4742131212670027,0.4113789854760651,0.11168633825478605
emosurv,emosurv_106,emosurv_fixed_text_106_N,emosurv_fixed_text_window_0000941,emosurv_fixed_text,focused,emosurv_weakly_supervised_four_class_proxy,Neutral,fatigued,False,0.0009406392694063928,0.05635690008242818,0.8956503045858656,0.04705215606229982
emosurv,emosurv_106,emosurv_fixed_text_106_N,emosurv_fixed_text_window_0000942,emosurv_fixed_text,focused,emosurv_weakly_supervised_four_class_proxy,Neutral,fatigued,False,0.003928781561896511,0.05456433437360594,0.877200587105805,0.0643062969586926
emosurv,emosurv_106,emosurv_fixed_text_106_N,emosurv_fixed_text_window_0000943,emosurv_fixed_text,focused,emosurv_weakly_supervised_four_class_proxy,Neutral,fatigued,False,0.007686157573498579,0.3743903061988443,0.6032940913228818,0.014629444904775336
emosurv,emosurv_106,emosurv_fixed_text_106_N,emosurv_fixed_text_window_0000944,emosurv_fixed_text,distracted,emosurv_weakly_supervised_four_class_proxy,Neutral,fatigued,False,0.0033845636647299245,0.211385429999799,0.45237061850638566,0.3328593878290855
emosurv,emosurv_106,emosurv_fixed_text_106_N,emosurv_fixed_text_window_0000945,emosurv_fixed_text,focused,emosurv_weakly_supervised_four_class_proxy,Neutral,overloaded,False,0.00750252337134205,0.3072619371797563,0.14547750007683574,0.5397580393720659
emosurv,emosurv_106,emosurv_fixed_text_106_A,emosurv_fixed_text_window_0000946,emosurv_fixed_text,overloaded,emosurv_weakly_supervised_four_class_proxy,Angry,fatigued,False,0.003033457249070632,0.15355915490938724,0.7866582365406354,0.056749151300906776
emosurv,emosurv_106,emosurv_fixed_text_106_A,emosurv_fixed_text_window_0000947,emosurv_fixed_text,overloaded,emosurv_weakly_supervised_four_class_proxy,Angry,fatigued,False,0.006029939303724216,0.41429082307822,0.5349072882070716,0.044771949410984176
emosurv,emosurv_106,emosurv_fixed_text_106_A,emosurv_fixed_text_window_0000948,emosurv_fixed_text,overloaded,emosurv_weakly_supervised_four_class_proxy,Angry,fatigued,False,0.010183638589386883,0.19422272025594411,0.6130924844475292,0.18250115670713987
emosurv,emosurv_106,emosurv_fixed_text_106_A,emosurv_fixed_text_window_0000949,emosurv_fixed_text,overloaded,emosurv_weakly_supervised_four_class_proxy,Angry,fatigued,False,0.002760416598664128,0.20200968246348044,0.7494840003035463,0.04574590063430904
emosurv,emosurv_106,emosurv_fixed_text_106_A,emosurv_fixed_text_window_0000950,emosurv_fixed_text,overloaded,emosurv_weakly_supervised_four_class_proxy,Angry,fatigued,False,0.0010334572490706322,0.21149153573884083,0.7492645408820003,0.03821046613008828
emosurv,emosurv_106,emosurv_fixed_text_106_A,emosurv_fixed_text_window_0000951,emosurv_fixed_text,overloaded,emosurv_weakly_supervised_four_class_proxy,Angry,overloaded,True,0.04428426063272887,0.3867472287397737,0.15194852002517245,0.4170199906023251
emosurv,emosurv_106,emosurv_fixed_text_106_A,emosurv_fixed_text_window_0000952,emosurv_fixed_text,overloaded,emosurv_weakly_supervised_four_class_proxy,Angry,overloaded,True,0.037594361581468914,0.3831508423422409,0.1519788597864213,0.42727593628986904
emosurv,emosurv_106,emosurv_fixed_text_106_A,emosurv_fixed_text_window_0000953,emosurv_fixed_text,overloaded,emosurv_weakly_supervised_four_class_proxy,Angry,overloaded,True,0.011449521586935688,0.3453545192272184,0.23397526724293652,0.40922069194290944
emosurv,emosurv_106,emosurv_fixed_text_106_A,emosurv_fixed_text_window_0000954,emosurv_fixed_text,overloaded,emosurv_weakly_supervised_four_class_proxy,Angry,overloaded,True,0.02893789669458715,0.3249044166911698,0.13638338274965559,0.5097743038645873
emosurv,emosurv_106,emosurv_fixed_text_106_S,emosurv_fixed_text_window_0000955,emosurv_fixed_text,fatigued,emosurv_weakly_supervised_four_class_proxy,Sad,fatigued,True,0.0020000000000000005,0.10599518124209698,0.8799831521510407,0.012021666606862356
emosurv,emosurv_106,emosurv_fixed_text_106_S,emosurv_fixed_text_window_0000956,emosurv_fixed_text,fatigued,emosurv_weakly_supervised_four_class_proxy,Sad,fatigued,True,0.0026288865629801018,0.10772060991871416,0.8680249917782086,0.021625511740097164
emosurv,emosurv_106,emosurv_fixed_text_106_S,emosurv_fixed_text_window_0000957,emosurv_fixed_text,fatigued,emosurv_weakly_supervised_four_class_proxy,Sad,fatigued,True,0.0034419753086419756,0.1202989618143358,0.8700249917782086,0.006234071098813662
emosurv,emosurv_106,emosurv_fixed_text_106_S,emosurv_fixed_text_window_0000958,emosurv_fixed_text,fatigued,emosurv_weakly_supervised_four_class_proxy,Sad,fatigued,True,0.0009406392694063928,0.004150212197335402,0.9909091485332582,0.004
emosurv,emosurv_106,emosurv_fixed_text_106_S,emosurv_fixed_text_window_0000959,emosurv_fixed_text,fatigued,emosurv_weakly_supervised_four_class_proxy,Sad,fatigued,True,0.015039147984975408,0.17135333986145693,0.6692817612911777,0.14432575086239
emosurv,emosurv_106,emosurv_fixed_text_106_S,emosurv_fixed_text_window_0000960,emosurv_fixed_text,fatigued,emosurv_weakly_supervised_four_class_proxy,Sad,fatigued,True,0.008198658558127497,0.11753100307661463,0.7611376377275995,0.11313270063765844
emosurv,emosurv_106,emosurv_fixed_text_106_S,emosurv_fixed_text_window_0000961,emosurv_fixed_text,fatigued,emosurv_weakly_supervised_four_class_proxy,Sad,distracted,False,0.010614342449210246,0.6739833746969164,0.2968345323870646,0.018567750466808846
emosurv,emosurv_77,emosurv_fixed_text_77_N,emosurv_fixed_text_window_0000998,emosurv_fixed_text,focused,emosurv_weakly_supervised_four_class_proxy,Neutral,distracted,False,0.013523006685646865,0.7436085156354351,0.21998406375646434,0.022884413922453762
emosurv,emosurv_77,emosurv_fixed_text_77_N,emosurv_fixed_text_window_0000999,emosurv_fixed_text,focused,emosurv_weakly_supervised_four_class_proxy,Neutral,fatigued,False,0.006058749505626864,0.354253930625624,0.5801818615858845,0.05950545828286472
emosurv,emosurv_77,emosurv_fixed_text_77_N,emosurv_fixed_text_window_0001000,emosurv_fixed_text,focused,emosurv_weakly_supervised_four_class_proxy,Neutral,distracted,False,0.013547230902507994,0.8483893625524235,0.07543176083279123,0.06263164571227735
emosurv,emosurv_77,emosurv_fixed_text_77_N,emosurv_fixed_text_window_0001001,emosurv_fixed_text,focused,emosurv_weakly_supervised_four_class_proxy,Neutral,distracted,False,0.046609152997626434,0.7013888583875343,0.14776303070484434,0.1042389579099949
emosurv,emosurv_77,emosurv_fixed_text_77_N,emosurv_fixed_text_window_0001002,emosurv_fixed_text,distracted,emosurv_weakly_supervised_four_class_proxy,Neutral,distracted,True,0.0,0.6357232427333961,0.3137777273309882,0.05049902993561557
emosurv,emosurv_77,emosurv_fixed_text_77_C,emosurv_fixed_text_window_0001003,emosurv_fixed_text,focused,emosurv_weakly_supervised_four_class_proxy,Calm,fatigued,False,0.0,0.12250776501078842,0.8729414846387105,0.004550750350501067
emosurv,emosurv_77,emosurv_fixed_text_77_C,emosurv_fixed_text_window_0001004,emosurv_fixed_text,focused,emosurv_weakly_supervised_four_class_proxy,Calm,fatigued,False,0.0,0.11966534826635966,0.8764848494626037,0.0038498022710366495
emosurv,emosurv_77,emosurv_fixed_text_77_C,emosurv_fixed_text_window_0001005,emosurv_fixed_text,focused,emosurv_weakly_supervised_four_class_proxy,Calm,fatigued,False,0.0,0.045640408151323336,0.9502402051213662,0.004119386727310521
emosurv,emosurv_77,emosurv_fixed_text_77_C,emosurv_fixed_text_window_0001006,emosurv_fixed_text,focused,emosurv_weakly_supervised_four_class_proxy,Calm,fatigued,False,0.0,0.01273188176156891,0.9858322208025337,0.0014358974358974358
emosurv,emosurv_35,emosurv_fixed_text_35_N,emosurv_fixed_text_window_0001028,emosurv_fixed_text,focused,emosurv_weakly_supervised_four_class_proxy,Neutral,fatigued,False,0.0016820031414405948,0.25821977475082203,0.7333983487099128,0.006699873397824613
emosurv,emosurv_35,emosurv_fixed_text_35_N,emosurv_fixed_text_window_0001029,emosurv_fixed_text,focused,emosurv_weakly_supervised_four_class_proxy,Neutral,fatigued,False,0.017558377030924777,0.22377240246887029,0.6596969454439278,0.09897227505627713
emosurv,emosurv_35,emosurv_fixed_text_35_N,emosurv_fixed_text_window_0001030,emosurv_fixed_text,focused,emosurv_weakly_supervised_four_class_proxy,Neutral,distracted,False,0.008988380123666064,0.6212559544199037,0.3270814805316599,0.04267418492477032
emosurv,emosurv_35,emosurv_fixed_text_35_N,emosurv_fixed_text_window_0001031,emosurv_fixed_text,focused,emosurv_weakly_supervised_four_class_proxy,Neutral,distracted,False,0.010538829049668295,0.8152620294912948,0.14956580348580176,0.024633337973235254
emosurv,emosurv_35,emosurv_fixed_text_35_N,emosurv_fixed_text_window_0001032,emosurv_fixed_text,focused,emosurv_weakly_supervised_four_class_proxy,Neutral,distracted,False,0.0521141894463431,0.5984621972457466,0.23024271107041072,0.11918090223749973
emosurv,emosurv_35,emosurv_fixed_text_35_S,emosurv_fixed_text_window_0001033,emosurv_fixed_text,fatigued,emosurv_weakly_supervised_four_class_proxy,Sad,fatigued,True,0.0,0.022986253090396442,0.9743161045072631,0.0026976424023403885
emosurv,emosurv_35,emosurv_fixed_text_35_S,emosurv_fixed_text_window_0001034,emosurv_fixed_text,fatigued,emosurv_weakly_supervised_four_class_proxy,Sad,fatigued,True,0.0025680473372781073,0.1126659767365697,0.8796284874322536,0.005137488493898635
emosurv,emosurv_35,emosurv_fixed_text_35_S,emosurv_fixed_text_window_0001035,emosurv_fixed_text,fatigued,emosurv_weakly_supervised_four_class_proxy,Sad,fatigued,True,0.0022133483314585667,0.22058171789582104,0.7718104662607778,0.005394467511942517
emosurv,emosurv_35,emosurv_fixed_text_35_S,emosurv_fixed_text_window_0001036,emosurv_fixed_text,fatigued,emosurv_weakly_supervised_four_class_proxy,Sad,fatigued,True,0.0010952380952380949,0.10252152781223993,0.8951214891260789,0.001261744966442953
emosurv,emosurv_155,emosurv_fixed_text_155_N,emosurv_fixed_text_window_0001077,emosurv_fixed_text,focused,emosurv_weakly_supervised_four_class_proxy,Neutral,distracted,False,0.00746473227126957,0.8587233102549465,0.11169712446279963,0.022114833010984318
emosurv,emosurv_155,emosurv_fixed_text_155_N,emosurv_fixed_text_window_0001078,emosurv_fixed_text,focused,emosurv_weakly_supervised_four_class_proxy,Neutral,fatigued,False,0.007781787795293374,0.21489017336843405,0.7591103778465081,0.018217660989764375
emosurv,emosurv_155,emosurv_fixed_text_155_N,emosurv_fixed_text_window_0001079,emosurv_fixed_text,focused,emosurv_weakly_supervised_four_class_proxy,Neutral,fatigued,False,0.0010334572490706322,0.13267845366206105,0.8637379528595426,0.0025501362293257612
emosurv,emosurv_155,emosurv_fixed_text_155_N,emosurv_fixed_text_window_0001080,emosurv_fixed_text,focused,emosurv_weakly_supervised_four_class_proxy,Neutral,distracted,False,0.0667886695290078,0.553526045436493,0.13412354045822397,0.2455617445762752
emosurv,emosurv_155,emosurv_fixed_text_155_N,emosurv_fixed_text_window_0001081,emosurv_fixed_text,focused,emosurv_weakly_supervised_four_class_proxy,Neutral,distracted,False,0.20208500381431674,0.3969361410771183,0.21307971647034846,0.18789913863821667
emosurv,emosurv_155,emosurv_fixed_text_155_A,emosurv_fixed_text_window_0001082,emosurv_fixed_text,overloaded,emosurv_weakly_supervised_four_class_proxy,Angry,distracted,False,0.06368328637805086,0.4143678750545321,0.1251405712213365,0.3968082673460805
emosurv,emosurv_155,emosurv_fixed_text_155_A,emosurv_fixed_text_window_0001083,emosurv_fixed_text,overloaded,emosurv_weakly_supervised_four_class_proxy,Angry,fatigued,False,0.009580195078961523,0.2705226848293789,0.42543079700277614,0.2944663230888834
emosurv,emosurv_155,emosurv_fixed_text_155_A,emosurv_fixed_text_window_0001084,emosurv_fixed_text,overloaded,emosurv_weakly_supervised_four_class_proxy,Angry,distracted,False,0.02933905309125199,0.3907677289596623,0.22527337742788,0.3546198405212058
emosurv,emosurv_155,emosurv_fixed_text_155_A,emosurv_fixed_text_window_0001085,emosurv_fixed_text,overloaded,emosurv_weakly_supervised_four_class_proxy,Angry,overloaded,True,0.04248989338139543,0.3481311661021306,0.25624756939600046,0.3531313711204736
emosurv,emosurv_155,emosurv_fixed_text_155_S,emosurv_fixed_text_window_0001086,emosurv_fixed_text,fatigued,emosurv_weakly_supervised_four_class_proxy,Sad,fatigued,True,0.006964716315955348,0.13960431002162713,0.8289849448490532,0.024446028813364228
emosurv,emosurv_155,emosurv_fixed_text_155_S,emosurv_fixed_text_window_0001087,emosurv_fixed_text,fatigued,emosurv_weakly_supervised_four_class_proxy,Sad,fatigued,True,0.005601504586348738,0.18913502959826398,0.7975737974132769,0.007689668402110196
emosurv,emosurv_155,emosurv_fixed_text_155_S,emosurv_fixed_text_window_0001088,emosurv_fixed_text,fatigued,emosurv_weakly_supervised_four_class_proxy,Sad,distracted,False,0.0011181102362204725,0.5346244032056812,0.44799996738689496,0.01625751917120342
emosurv,emosurv_47,emosurv_fixed_text_47_N,emosurv_fixed_text_window_0001099,emosurv_fixed_text,focused,emosurv_weakly_supervised_four_class_proxy,Neutral,distracted,False,0.01195300593659035,0.5647454008309611,0.1608730204513588,0.2624285727810897
emosurv,emosurv_47,emosurv_fixed_text_47_N,emosurv_fixed_text_window_0001100,emosurv_fixed_text,focused,emosurv_weakly_supervised_four_class_proxy,Neutral,overloaded,False,0.01170732557921526,0.30661151067089004,0.24822497831891188,0.4334561854309828
emosurv,emosurv_47,emosurv_fixed_text_47_N,emosurv_fixed_text_window_0001101,emosurv_fixed_text,focused,emosurv_weakly_supervised_four_class_proxy,Neutral,overloaded,False,0.015258730160594172,0.297870420734887,0.16996582371674868,0.5169050253877703
emosurv,emosurv_47,emosurv_fixed_text_47_N,emosurv_fixed_text_window_0001102,emosurv_fixed_text,focused,emosurv_weakly_supervised_four_class_proxy,Neutral,overloaded,False,0.01688376458558005,0.3970322669675076,0.1660944467132715,0.4199895217336408
emosurv,emosurv_47,emosurv_fixed_text_47_N,emosurv_fixed_text_window_0001103,emosurv_fixed_text,focused,emosurv_weakly_supervised_four_class_proxy,Neutral,overloaded,False,0.02380821372466123,0.25877501840779066,0.2364413978912161,0.48097536997633195
emosurv,emosurv_47,emosurv_fixed_text_47_N,emosurv_fixed_text_window_0001104,emosurv_fixed_text,focused,emosurv_weakly_supervised_four_class_proxy,Neutral,overloaded,False,0.03886891521543584,0.35510029429465134,0.13874167973918786,0.467289110750725
emosurv,emosurv_47,emosurv_fixed_text_47_A,emosurv_fixed_text_window_0001105,emosurv_fixed_text,overloaded,emosurv_weakly_supervised_four_class_proxy,Angry,distracted,False,0.03764108772379334,0.7145986938297526,0.15471128999470665,0.0930489284517474
emosurv,emosurv_47,emosurv_fixed_text_47_A,emosurv_fixed_text_window_0001106,emosurv_fixed_text,overloaded,emosurv_weakly_supervised_four_class_proxy,Angry,overloaded,True,0.014053669695340483,0.31261799451730504,0.31073882204368136,0.3625895137436732
emosurv,emosurv_47,emosurv_fixed_text_47_A,emosurv_fixed_text_window_0001107,emosurv_fixed_text,overloaded,emosurv_weakly_supervised_four_class_proxy,Angry,overloaded,True,0.03688111240990275,0.34214372500762863,0.1402955109053036,0.4806796516771651
emosurv,emosurv_47,emosurv_fixed_text_47_A,emosurv_fixed_text_window_0001108,emosurv_fixed_text,overloaded,emosurv_weakly_supervised_four_class_proxy,Angry,distracted,False,0.037916344664107704,0.5423478308617127,0.20240836214276006,0.21732746233141959
emosurv,emosurv_130,emosurv_fixed_text_130_A,emosurv_fixed_text_window_0001112,emosurv_fixed_text,overloaded,emosurv_weakly_supervised_four_class_proxy,Angry,distracted,False,0.013625004773975548,0.470036888783193,0.1470324256062681,0.3693056808365634
emosurv,emosurv_130,emosurv_fixed_text_130_A,emosurv_fixed_text_window_0001113,emosurv_fixed_text,overloaded,emosurv_weakly_supervised_four_class_proxy,Angry,overloaded,True,0.03471450223538353,0.3408598956869442,0.17374910727890416,0.4506764947987681
emosurv,emosurv_130,emosurv_fixed_text_130_A,emosurv_fixed_text_window_0001114,emosurv_fixed_text,overloaded,emosurv_weakly_supervised_four_class_proxy,Angry,distracted,False,0.012815071215267381,0.5554439861604592,0.2024300361383564,0.22931090648591707
emosurv,emosurv_130,emosurv_fixed_text_130_A,emosurv_fixed_text_window_0001115,emosurv_fixed_text,overloaded,emosurv_weakly_supervised_four_class_proxy,Angry,fatigued,False,0.009812351700603914,0.21716230819943375,0.3901919968550098,0.3828333432449526
emosurv,emosurv_130,emosurv_fixed_text_130_A,emosurv_fixed_text_window_0001116,emosurv_fixed_text,overloaded,emosurv_weakly_supervised_four_class_proxy,Angry,distracted,False,0.05464405208844059,0.6232559296043148,0.030642527245584614,0.29145749106166
emosurv,emosurv_100,emosurv_free_text_100_N,emosurv_free_text_window_0001160,emosurv_free_text,distracted,emosurv_weakly_supervised_four_class_proxy,Neutral,distracted,True,0.0050580940158209825,0.6635487207363648,0.13921654839739292,0.19217663685042127
emosurv,emosurv_100,emosurv_free_text_100_N,emosurv_free_text_window_0001161,emosurv_free_text,focused,emosurv_weakly_supervised_four_class_proxy,Neutral,distracted,False,0.009779085909797113,0.7446096450096479,0.20563040599551485,0.039980863085040064
emosurv,emosurv_100,emosurv_free_text_100_N,emosurv_free_text_window_0001162,emosurv_free_text,focused,emosurv_weakly_supervised_four_class_proxy,Neutral,distracted,False,0.00343185602341354,0.8705858727794202,0.10425097998675563,0.021731291210410657
emosurv,emosurv_100,emosurv_free_text_100_N,emosurv_free_text_window_0001163,emosurv_free_text,focused,emosurv_weakly_supervised_four_class_proxy,Neutral,distracted,False,0.012820353925299198,0.8959342804946135,0.031854040857551766,0.059391324722535555
emosurv,emosurv_100,emosurv_free_text_100_N,emosurv_free_text_window_0001164,emosurv_free_text,focused,emosurv_weakly_supervised_four_class_proxy,Neutral,distracted,False,0.0069065276759488325,0.8190720512389897,0.15120743619984187,0.022813984885219598
emosurv,emosurv_100,emosurv_free_text_100_N,emosurv_free_text_window_0001165,emosurv_free_text,distracted,emosurv_weakly_supervised_four_class_proxy,Neutral,distracted,True,0.003165314682636007,0.5922667659683751,0.3223261812962873,0.08224173805270144
emosurv,emosurv_100,emosurv_free_text_100_N,emosurv_free_text_window_0001166,emosurv_free_text,distracted,emosurv_weakly_supervised_four_class_proxy,Neutral,distracted,True,0.0,0.7631582170773461,0.14484829910888294,0.09199348381377095
emosurv,emosurv_100,emosurv_free_text_100_N,emosurv_free_text_window_0001167,emosurv_free_text,focused,emosurv_weakly_supervised_four_class_proxy,Neutral,distracted,False,0.12131395589100626,0.8268750408885658,0.033900253378562346,0.017910749841865477
emosurv,emosurv_100,emosurv_free_text_100_N,emosurv_free_text_window_0001168,emosurv_free_text,distracted,emosurv_weakly_supervised_four_class_proxy,Neutral,fatigued,False,0.0010334572490706322,0.20834963015165706,0.7524782973249775,0.03813861527429491
emosurv,emosurv_100,emosurv_free_text_100_N,emosurv_free_text_window_0001169,emosurv_free_text,distracted,emosurv_weakly_supervised_four_class_proxy,Neutral,overloaded,False,0.013038306987518693,0.09848028917058085,0.23208405235297466,0.6563973514889259
emosurv,emosurv_100,emosurv_free_text_100_H,emosurv_free_text_window_0001170,emosurv_free_text,focused,emosurv_weakly_supervised_four_class_proxy,Happy,distracted,False,0.22715006716420638,0.6439167628278705,0.013533334642437807,0.11539983536548534
emosurv,emosurv_100,emosurv_free_text_100_H,emosurv_free_text_window_0001171,emosurv_free_text,focused,emosurv_weakly_supervised_four_class_proxy,Happy,distracted,False,0.04985731007897284,0.6922575494671552,0.1386938031713566,0.11919133728251524
emosurv,emosurv_100,emosurv_free_text_100_H,emosurv_free_text_window_0001172,emosurv_free_text,focused,emosurv_weakly_supervised_four_class_proxy,Happy,distracted,False,0.037411749611823766,0.9283056454682717,0.01188671839399938,0.02239588652590512
emosurv,emosurv_139,emosurv_free_text_139_N,emosurv_free_text_window_0001197,emosurv_free_text,focused,emosurv_weakly_supervised_four_class_proxy,Neutral,fatigued,False,0.004811579265740597,0.18322919825048536,0.7509499713229408,0.06100925116083319
emosurv,emosurv_139,emosurv_free_text_139_N,emosurv_free_text_window_0001198,emosurv_free_text,distracted,emosurv_weakly_supervised_four_class_proxy,Neutral,fatigued,False,0.0,0.09840025309952813,0.8616972425316763,0.039902504368795465
emosurv,emosurv_139,emosurv_free_text_139_N,emosurv_free_text_window_0001199,emosurv_free_text,distracted,emosurv_weakly_supervised_four_class_proxy,Neutral,fatigued,False,0.0,0.008853045348176219,0.9878030393079085,0.003343915343915345
emosurv,emosurv_139,emosurv_free_text_139_N,emosurv_free_text_window_0001200,emosurv_free_text,distracted,emosurv_weakly_supervised_four_class_proxy,Neutral,fatigued,False,0.002,0.042239550253589137,0.8436178222430933,0.11214262750331748
emosurv,emosurv_139,emosurv_free_text_139_N,emosurv_free_text_window_0001201,emosurv_free_text,distracted,emosurv_weakly_supervised_four_class_proxy,Neutral,overloaded,False,0.15570531432407042,0.05846183585285784,0.10691940114209082,0.6789134486809809
emosurv,emosurv_139,emosurv_free_text_139_N,emosurv_free_text_window_0001202,emosurv_free_text,distracted,emosurv_weakly_supervised_four_class_proxy,Neutral,fatigued,False,0.0010334572490706322,0.10711340147364731,0.8708877619380382,0.020965379339243948
emosurv,emosurv_139,emosurv_free_text_139_N,emosurv_free_text_window_0001203,emosurv_free_text,distracted,emosurv_weakly_supervised_four_class_proxy,Neutral,fatigued,False,0.0019287815618965116,0.06729936352258822,0.8796910826000995,0.05108077231541577
emosurv,emosurv_139,emosurv_free_text_139_N,emosurv_free_text_window_0001204,emosurv_free_text,distracted,emosurv_weakly_supervised_four_class_proxy,Neutral,fatigued,False,0.001033457249070632,0.08034984395268213,0.8705195363629386,0.04809716243530871
emosurv,emosurv_139,emosurv_free_text_139_N,emosurv_free_text_window_0001205,emosurv_free_text,distracted,emosurv_weakly_supervised_four_class_proxy,Neutral,fatigued,False,0.0,0.07287908161713785,0.8702050334030413,0.05691588497982087
emosurv,emosurv_139,emosurv_free_text_139_N,emosurv_free_text_window_0001206,emosurv_free_text,distracted,emosurv_weakly_supervised_four_class_proxy,Neutral,fatigued,False,0.0,0.011058574853730928,0.985275679921011,0.003665745225258156
emosurv,emosurv_139,emosurv_free_text_139_N,emosurv_free_text_window_0001207,emosurv_free_text,distracted,emosurv_weakly_supervised_four_class_proxy,Neutral,fatigued,False,0.011328389046927349,0.2531756320303174,0.4737414776926755,0.2617545012300797
emosurv,emosurv_139,emosurv_free_text_139_H,emosurv_free_text_window_0001208,emosurv_free_text,focused,emosurv_weakly_supervised_four_class_proxy,Happy,fatigued,False,0.005370756870538488,0.05672603159383904,0.8688286545585515,0.06907455697707093
emosurv,emosurv_139,emosurv_free_text_139_H,emosurv_free_text_window_0001209,emosurv_free_text,distracted,emosurv_weakly_supervised_four_class_proxy,Happy,fatigued,False,0.0010733590733590737,0.06561403870237853,0.8532120187897985,0.08010058343446397
emosurv,emosurv_130,emosurv_free_text_130_N,emosurv_free_text_window_0001228,emosurv_free_text,focused,emosurv_weakly_supervised_four_class_proxy,Neutral,distracted,False,0.005332162827176769,0.8891032155270595,0.06652412923896023,0.03904049240680352
emosurv,emosurv_130,emosurv_free_text_130_N,emosurv_free_text_window_0001229,emosurv_free_text,focused,emosurv_weakly_supervised_four_class_proxy,Neutral,distracted,False,0.00894458413336679,0.6795155885646229,0.29301426908295297,0.018525558219057298
emosurv,emosurv_130,emosurv_free_text_130_N,emosurv_free_text_window_0001230,emosurv_free_text,distracted,emosurv_weakly_supervised_four_class_proxy,Neutral,distracted,True,0.003294977791251592,0.41564859216176486,0.359100003293977,0.22195642675300653
emosurv,emosurv_130,emosurv_free_text_130_N,emosurv_free_text_window_0001231,emosurv_free_text,focused,emosurv_weakly_supervised_four_class_proxy,Neutral,distracted,False,0.00391610120375038,0.644543412346426,0.1483193738475864,0.2032211126022372
emosurv,emosurv_130,emosurv_free_text_130_N,emosurv_free_text_window_0001232,emosurv_free_text,distracted,emosurv_weakly_supervised_four_class_proxy,Neutral,overloaded,False,0.0029115529255731858,0.1876679861285431,0.1443382490954407,0.665082211850443
emosurv,emosurv_130,emosurv_free_text_130_N,emosurv_free_text_window_0001233,emosurv_free_text,focused,emosurv_weakly_supervised_four_class_proxy,Neutral,distracted,False,0.07024893653166182,0.4494816006254136,0.15726776969227077,0.3230016931506538
emosurv,emosurv_130,emosurv_free_text_130_N,emosurv_free_text_window_0001234,emosurv_free_text,focused,emosurv_weakly_supervised_four_class_proxy,Neutral,overloaded,False,0.01169244894046255,0.3626550823244773,0.18629729263544945,0.4393551760996107
emosurv,emosurv_130,emosurv_free_text_130_N,emosurv_free_text_window_0001235,emosurv_free_text,focused,emosurv_weakly_supervised_four_class_proxy,Neutral,overloaded,False,0.013049843060156175,0.40788172013251917,0.15922159811964567,0.41984683868767914
emosurv,emosurv_130,emosurv_free_text_130_N,emosurv_free_text_window_0001236,emosurv_free_text,distracted,emosurv_weakly_supervised_four_class_proxy,Neutral,overloaded,False,0.006228077501128394,0.33558668741909314,0.2815333566848745,0.3766518783949038
emosurv,emosurv_130,emosurv_free_text_130_N,emosurv_free_text_window_0001237,emosurv_free_text,distracted,emosurv_weakly_supervised_four_class_proxy,Neutral,fatigued,False,0.0020262748946764486,0.21637471697083632,0.5259109993638221,0.25568800877066516
emosurv,emosurv_130,emosurv_free_text_130_N,emosurv_free_text_window_0001238,emosurv_free_text,distracted,emosurv_weakly_supervised_four_class_proxy,Neutral,distracted,True,0.005787936676566463,0.5384109621383508,0.23044181846331177,0.2253592827217709
emosurv,emosurv_130,emosurv_free_text_130_N,emosurv_free_text_window_0001239,emosurv_free_text,distracted,emosurv_weakly_supervised_four_class_proxy,Neutral,distracted,True,0.0028386530317115995,0.4129384428515278,0.3845253269870029,0.19969757712975758
emosurv,emosurv_130,emosurv_free_text_130_N,emosurv_free_text_window_0001240,emosurv_free_text,focused,emosurv_weakly_supervised_four_class_proxy,Neutral,distracted,False,0.005804346008213426,0.43074271608332565,0.15318783663869928,0.4102651012697617
emosurv,emosurv_130,emosurv_free_text_130_N,emosurv_free_text_window_0001241,emosurv_free_text,distracted,emosurv_weakly_supervised_four_class_proxy,Neutral,fatigued,False,0.003376028589257729,0.20788416254235384,0.5029457073657637,0.28579410150262474
emosurv,emosurv_130,emosurv_free_text_130_N,emosurv_free_text_window_0001242,emosurv_free_text,focused,emosurv_weakly_supervised_four_class_proxy,Neutral,distracted,False,0.019184554932394977,0.7024765960759422,0.0444674086111292,0.23387144038053362
emosurv,emosurv_130,emosurv_free_text_130_H,emosurv_free_text_window_0001243,emosurv_free_text,focused,emosurv_weakly_supervised_four_class_proxy,Happy,distracted,False,0.008809121791526524,0.6723678120163646,0.27020453148868323,0.04861853470342572
emosurv,emosurv_126,emosurv_free_text_126_N,emosurv_free_text_window_0001336,emosurv_free_text,focused,emosurv_weakly_supervised_four_class_proxy,Neutral,distracted,False,0.0043194081776019655,0.4609262823503703,0.1012945716112306,0.43345973786079717
emosurv,emosurv_126,emosurv_free_text_126_N,emosurv_free_text_window_0001337,emosurv_free_text,distracted,emosurv_weakly_supervised_four_class_proxy,Neutral,overloaded,False,0.0036820878383482095,0.3020315601487148,0.21546403152744312,0.4788223204854939
emosurv,emosurv_126,emosurv_free_text_126_N,emosurv_free_text_window_0001338,emosurv_free_text,distracted,emosurv_weakly_supervised_four_class_proxy,Neutral,fatigued,False,0.001457700650759219,0.275024323461155,0.3783932531288863,0.3451247227591994
emosurv,emosurv_126,emosurv_free_text_126_N,emosurv_free_text_window_0001339,emosurv_free_text,distracted,emosurv_weakly_supervised_four_class_proxy,Neutral,fatigued,False,0.0028074543453404997,0.18144180037861518,0.5287060391590549,0.2870447061169895
emosurv,emosurv_126,emosurv_free_text_126_N,emosurv_free_text_window_0001340,emosurv_free_text,distracted,emosurv_weakly_supervised_four_class_proxy,Neutral,fatigued,False,0.002026274894676448,0.2784935832859548,0.48385270895523436,0.23562743286413443
emosurv,emosurv_144,emosurv_free_text_144_N,emosurv_free_text_window_0001398,emosurv_free_text,distracted,emosurv_weakly_supervised_four_class_proxy,Neutral,distracted,True,0.0063692484491242735,0.8270522795536596,0.03242134016492959,0.13415713183228659
emosurv,emosurv_144,emosurv_free_text_144_N,emosurv_free_text_window_0001399,emosurv_free_text,focused,emosurv_weakly_supervised_four_class_proxy,Neutral,distracted,False,0.0014093264248704667,0.9255753121027495,0.057289286710271524,0.01572607476210854
emosurv,emosurv_144,emosurv_free_text_144_N,emosurv_free_text_window_0001400,emosurv_free_text,distracted,emosurv_weakly_supervised_four_class_proxy,Neutral,distracted,True,0.0,0.6240041580265031,0.3706246145746654,0.005371227398831496
emosurv,emosurv_144,emosurv_free_text_144_N,emosurv_free_text_window_0001401,emosurv_free_text,focused,emosurv_weakly_supervised_four_class_proxy,Neutral,distracted,False,0.004841182448284007,0.9378957473061035,0.03127040291431817,0.025992667331294347
emosurv,emosurv_144,emosurv_free_text_144_N,emosurv_free_text_window_0001402,emosurv_free_text,focused,emosurv_weakly_supervised_four_class_proxy,Neutral,distracted,False,0.0,0.8422894053408956,0.06440324444381192,0.09330735021529263
emosurv,emosurv_144,emosurv_free_text_144_N,emosurv_free_text_window_0001403,emosurv_free_text,distracted,emosurv_weakly_supervised_four_class_proxy,Neutral,distracted,True,0.0,0.8522936404799957,0.026948288068636465,0.1207580714513679
emosurv,emosurv_144,emosurv_free_text_144_N,emosurv_free_text_window_0001404,emosurv_free_text,distracted,emosurv_weakly_supervised_four_class_proxy,Neutral,distracted,True,0.0,0.8117583782238162,0.06799135117533801,0.12025027060084574
emosurv,emosurv_144,emosurv_free_text_144_N,emosurv_free_text_window_0001405,emosurv_free_text,distracted,emosurv_weakly_supervised_four_class_proxy,Neutral,fatigued,False,0.0,0.3008221055110415,0.6453449297165762,0.0538329647723824
emosurv,emosurv_144,emosurv_free_text_144_H,emosurv_free_text_window_0001406,emosurv_free_text,focused,emosurv_weakly_supervised_four_class_proxy,Happy,distracted,False,0.016026079457387373,0.8821708904217375,0.0600355886762118,0.041767441444663475
emosurv,emosurv_144,emosurv_free_text_144_H,emosurv_free_text_window_0001407,emosurv_free_text,distracted,emosurv_weakly_supervised_four_class_proxy,Happy,distracted,True,0.000934959349593496,0.9257319624682325,0.025667989621186483,0.04766508856098753
emosurv,emosurv_144,emosurv_free_text_144_H,emosurv_free_text_window_0001408,emosurv_free_text,distracted,emosurv_weakly_supervised_four_class_proxy,Happy,distracted,True,0.0043905618823930305,0.8518521091398046,0.13383346312056696,0.00992386585723539
emosurv,emosurv_144,emosurv_free_text_144_S,emosurv_free_text_window_0001409,emosurv_free_text,fatigued,emosurv_weakly_supervised_four_class_proxy,Sad,distracted,False,0.0021705540232641804,0.49231300910844034,0.41548615165339003,0.09003028521490562
emosurv,emosurv_144,emosurv_free_text_144_S,emosurv_free_text_window_0001410,emosurv_free_text,fatigued,emosurv_weakly_supervised_four_class_proxy,Sad,distracted,False,0.0,0.5419444039253484,0.4079155708419187,0.05014002523273278
emosurv,emosurv_144,emosurv_free_text_144_S,emosurv_free_text_window_0001411,emosurv_free_text,fatigued,emosurv_weakly_supervised_four_class_proxy,Sad,distracted,False,0.036098712342371865,0.7630154050836032,0.05928560060280102,0.141600281971224
emosurv,emosurv_144,emosurv_free_text_144_C,emosurv_free_text_window_0001412,emosurv_free_text,focused,emosurv_weakly_supervised_four_class_proxy,Calm,distracted,False,0.016725835160444756,0.7985373134510803,0.15760602186627987,0.027130829522195088
emosurv,emosurv_144,emosurv_free_text_144_C,emosurv_free_text_window_0001413,emosurv_free_text,focused,emosurv_weakly_supervised_four_class_proxy,Calm,fatigued,False,0.0,0.2557960460503876,0.7341369551839781,0.01006699876563435
emosurv,emosurv_144,emosurv_free_text_144_C,emosurv_free_text_window_0001414,emosurv_free_text,focused,emosurv_weakly_supervised_four_class_proxy,Calm,distracted,False,0.0014093264248704667,0.6289618789837225,0.36211400498514285,0.007514789606264259
emosurv,emosurv_144,emosurv_free_text_144_C,emosurv_free_text_window_0001415,emosurv_free_text,focused,emosurv_weakly_supervised_four_class_proxy,Calm,distracted,False,0.0048649289576700025,0.7045802169754268,0.19171091184651248,0.0988439422203906
emosurv,emosurv_117,emosurv_free_text_117_N,emosurv_free_text_window_0001440,emosurv_free_text,focused,emosurv_weakly_supervised_four_class_proxy,Neutral,distracted,False,0.0,0.8966328832537416,0.07960970066289023,0.023757416083368284
emosurv,emosurv_117,emosurv_free_text_117_N,emosurv_free_text_window_0001441,emosurv_free_text,focused,emosurv_weakly_supervised_four_class_proxy,Neutral,distracted,False,0.015875599019000423,0.9075061748994352,0.05131216130044771,0.025306064781116775
emosurv,emosurv_117,emosurv_free_text_117_N,emosurv_free_text_window_0001442,emosurv_free_text,focused,emosurv_weakly_supervised_four_class_proxy,Neutral,distracted,False,0.011904682417074383,0.8532974780283362,0.02127746840355131,0.11352037115103811
emosurv,emosurv_117,emosurv_free_text_117_N,emosurv_free_text_window_0001443,emosurv_free_text,focused,emosurv_weakly_supervised_four_class_proxy,Neutral,distracted,False,0.07046952728130104,0.749723222558825,0.013142821246740178,0.16666442891313393
emosurv,emosurv_117,emosurv_free_text_117_H,emosurv_free_text_window_0001444,emosurv_free_text,focused,emosurv_weakly_supervised_four_class_proxy,Happy,distracted,False,0.0055571243312357915,0.8169448284207147,0.0593832564094826,0.11811479083856687
emosurv,emosurv_117,emosurv_free_text_117_H,emosurv_free_text_window_0001445,emosurv_free_text,focused,emosurv_weakly_supervised_four_class_proxy,Happy,distracted,False,0.01348493954990965,0.9217223744202363,0.016119847837997085,0.04867283819185674
emosurv,emosurv_79,emosurv_free_text_79_N,emosurv_free_text_window_0001449,emosurv_free_text,distracted,emosurv_weakly_supervised_four_class_proxy,Neutral,overloaded,False,0.015600789107448897,0.3611243083236106,0.028896200393705187,0.5943787021752355
emosurv,emosurv_79,emosurv_free_text_79_N,emosurv_free_text_window_0001450,emosurv_free_text,distracted,emosurv_weakly_supervised_four_class_proxy,Neutral,overloaded,False,0.048677414283984345,0.3134820925597315,0.018816122725760012,0.6190243704305242
emosurv,emosurv_79,emosurv_free_text_79_N,emosurv_free_text_window_0001451,emosurv_free_text,focused,emosurv_weakly_supervised_four_class_proxy,Neutral,overloaded,False,0.067568650357022,0.350007927195098,0.016013696287990074,0.5664097261598899
emosurv,emosurv_79,emosurv_free_text_79_N,emosurv_free_text_window_0001452,emosurv_free_text,distracted,emosurv_weakly_supervised_four_class_proxy,Neutral,overloaded,False,0.14914860844215125,0.12900724481179307,0.10563262229315337,0.6162115244529024
emosurv,emosurv_79,emosurv_free_text_79_N,emosurv_free_text_window_0001453,emosurv_free_text,distracted,emosurv_weakly_supervised_four_class_proxy,Neutral,overloaded,False,0.0074575612314070954,0.39454426007799276,0.007767709937443184,0.5902304687531569
emosurv,emosurv_79,emosurv_free_text_79_N,emosurv_free_text_window_0001454,emosurv_free_text,distracted,emosurv_weakly_supervised_four_class_proxy,Neutral,overloaded,False,0.05060916807561934,0.3898526508813666,0.016567409482285477,0.5429707715607286
emosurv,emosurv_79,emosurv_free_text_79_N,emosurv_free_text_window_0001455,emosurv_free_text,focused,emosurv_weakly_supervised_four_class_proxy,Neutral,overloaded,False,0.06932442860204735,0.38719173388215566,0.11016508603522006,0.43331875148057697
emosurv,emosurv_79,emosurv_free_text_79_N,emosurv_free_text_window_0001456,emosurv_free_text,focused,emosurv_weakly_supervised_four_class_proxy,Neutral,overloaded,False,0.020836947421537064,0.38163399421546146,0.008335494825176152,0.5891935635378254
emosurv,emosurv_79,emosurv_free_text_79_N,emosurv_free_text_window_0001457,emosurv_free_text,focused,emosurv_weakly_supervised_four_class_proxy,Neutral,overloaded,False,0.017822829541318887,0.3740270621109071,0.007268482610559199,0.6008816257372149
emosurv,emosurv_79,emosurv_free_text_79_N,emosurv_free_text_window_0001458,emosurv_free_text,distracted,emosurv_weakly_supervised_four_class_proxy,Neutral,overloaded,False,0.004654017234072706,0.19758334395547597,0.37261955502070354,0.42514308378974786
emosurv,emosurv_87,emosurv_free_text_87_N,emosurv_free_text_window_0001486,emosurv_free_text,distracted,emosurv_weakly_supervised_four_class_proxy,Neutral,fatigued,False,0.0010334572490706317,0.10292796822064773,0.8375877389445073,0.058450835585774144
emosurv,emosurv_87,emosurv_free_text_87_N,emosurv_free_text_window_0001487,emosurv_free_text,distracted,emosurv_weakly_supervised_four_class_proxy,Neutral,fatigued,False,0.004213787009022385,0.13559100953906728,0.7277651578587522,0.13243004559315824
emosurv,emosurv_87,emosurv_free_text_87_N,emosurv_free_text_window_0001488,emosurv_free_text,focused,emosurv_weakly_supervised_four_class_proxy,Neutral,distracted,False,0.048164132076121496,0.3890158024410381,0.19007635307618181,0.3727437124066587
emosurv,emosurv_87,emosurv_free_text_87_N,emosurv_free_text_window_0001489,emosurv_free_text,distracted,emosurv_weakly_supervised_four_class_proxy,Neutral,fatigued,False,0.0024653121802207505,0.133775998328174,0.7155766124446382,0.14818207704696706
emosurv,emosurv_87,emosurv_free_text_87_N,emosurv_free_text_window_0001490,emosurv_free_text,focused,emosurv_weakly_supervised_four_class_proxy,Neutral,fatigued,False,0.031835936911541816,0.19368417301246668,0.4885575707462199,0.28592231932977163
emosurv,emosurv_87,emosurv_free_text_87_N,emosurv_free_text_window_0001491,emosurv_free_text,focused,emosurv_weakly_supervised_four_class_proxy,Neutral,fatigued,False,0.00654488073085496,0.23431596367338972,0.47105835615574765,0.28808079944000764
emosurv,emosurv_87,emosurv_free_text_87_C,emosurv_free_text_window_0001492,emosurv_free_text,focused,emosurv_weakly_supervised_four_class_proxy,Calm,fatigued,False,0.0010733590733590737,0.06669828131384886,0.8578347594000124,0.07439360021277962
emosurv,emosurv_87,emosurv_free_text_87_C,emosurv_free_text_window_0001493,emosurv_free_text,focused,emosurv_weakly_supervised_four_class_proxy,Calm,fatigued,False,0.0,0.10954089211729821,0.8783527053276564,0.012106402555045387
emosurv,emosurv_87,emosurv_free_text_87_C,emosurv_free_text_window_0001494,emosurv_free_text,focused,emosurv_weakly_supervised_four_class_proxy,Calm,distracted,False,0.0014093264248704667,0.6839347050426984,0.2378133870889427,0.07684258144348845
emosurv,emosurv_87,emosurv_free_text_87_C,emosurv_free_text_window_0001495,emosurv_free_text,focused,emosurv_weakly_supervised_four_class_proxy,Calm,distracted,False,0.0068452639903415335,0.7341304450032814,0.23385406497588745,0.025170226030489618
emosurv,emosurv_87,emosurv_free_text_87_C,emosurv_free_text_window_0001496,emosurv_free_text,focused,emosurv_weakly_supervised_four_class_proxy,Calm,distracted,False,0.0011181102362204727,0.7002987920630778,0.21802341065864023,0.08055968704206153
emosurv,emosurv_87,emosurv_free_text_87_C,emosurv_free_text_window_0001497,emosurv_free_text,focused,emosurv_weakly_supervised_four_class_proxy,Calm,overloaded,False,0.006069221428672757,0.22961561847833775,0.27506336365740425,0.48925179643558525
emosurv,emosurv_142,emosurv_free_text_142_N,emosurv_free_text_window_0001498,emosurv_free_text,focused,emosurv_weakly_supervised_four_class_proxy,Neutral,distracted,False,0.13740132589447102,0.6640803273614116,0.009648604350789985,0.1888697423933275
emosurv,emosurv_142,emosurv_free_text_142_N,emosurv_free_text_window_0001499,emosurv_free_text,focused,emosurv_weakly_supervised_four_class_proxy,Neutral,distracted,False,0.02038404624512971,0.8422306946171477,0.012797872713553215,0.12458738642416932
emosurv,emosurv_142,emosurv_free_text_142_N,emosurv_free_text_window_0001500,emosurv_free_text,focused,emosurv_weakly_supervised_four_class_proxy,Neutral,distracted,False,0.10105687038549598,0.7969548846421498,0.004621154102646805,0.09736709086970743
emosurv,emosurv_142,emosurv_free_text_142_N,emosurv_free_text_window_0001501,emosurv_free_text,focused,emosurv_weakly_supervised_four_class_proxy,Neutral,distracted,False,0.14560041300371435,0.6559956884836362,0.018078197058551845,0.18032570145409763
emosurv,emosurv_142,emosurv_free_text_142_C,emosurv_free_text_window_0001502,emosurv_free_text,focused,emosurv_weakly_supervised_four_class_proxy,Calm,distracted,False,0.0,0.4875473448128657,0.40635317867265697,0.10609947651447725
emosurv,emosurv_87,emosurv_free_text_87_S,emosurv_free_text_window_0001526,emosurv_free_text,fatigued,emosurv_weakly_supervised_four_class_proxy,Sad,distracted,False,0.030884643473361974,0.7718370754492817,0.16056799086043455,0.03671029021692176
emosurv,emosurv_87,emosurv_free_text_87_S,emosurv_free_text_window_0001527,emosurv_free_text,fatigued,emosurv_weakly_supervised_four_class_proxy,Sad,distracted,False,0.03576327967142008,0.7012285714745248,0.23906897156793305,0.023939177286121993
emosurv,emosurv_87,emosurv_free_text_87_S,emosurv_free_text_window_0001528,emosurv_free_text,fatigued,emosurv_weakly_supervised_four_class_proxy,Sad,distracted,False,0.0,0.5873608098576775,0.40224097626780275,0.010398213874519764
emosurv,emosurv_87,emosurv_free_text_87_A,emosurv_free_text_window_0001529,emosurv_free_text,overloaded,emosurv_weakly_supervised_four_class_proxy,Angry,fatigued,False,0.00337602858925773,0.21906889428395385,0.5281399750587845,0.249415102068004
emosurv,emosurv_87,emosurv_free_text_87_A,emosurv_free_text_window_0001530,emosurv_free_text,overloaded,emosurv_weakly_supervised_four_class_proxy,Angry,overloaded,True,0.039704478334296314,0.3788658350902116,0.18798815617631334,0.3934415303991787
emosurv,emosurv_87,emosurv_free_text_87_A,emosurv_free_text_window_0001531,emosurv_free_text,overloaded,emosurv_weakly_supervised_four_class_proxy,Angry,overloaded,True,0.07455321373923966,0.40292581652414305,0.02795685731818453,0.4945641124184329
emosurv,emosurv_87,emosurv_free_text_87_H,emosurv_free_text_window_0001532,emosurv_free_text,focused,emosurv_weakly_supervised_four_class_proxy,Happy,overloaded,False,0.045851183358936065,0.35918914285153114,0.14315551447407163,0.45180415931546125
emosurv,emosurv_87,emosurv_free_text_87_H,emosurv_free_text_window_0001533,emosurv_free_text,focused,emosurv_weakly_supervised_four_class_proxy,Happy,overloaded,False,0.06452650741688638,0.4035110794178377,0.021790531032640167,0.5101718821326356
emosurv,emosurv_87,emosurv_free_text_87_H,emosurv_free_text_window_0001534,emosurv_free_text,focused,emosurv_weakly_supervised_four_class_proxy,Happy,distracted,False,0.09194763197032357,0.36371713315965165,0.2829584208879385,0.26137681398208634
emosurv,emosurv_148,emosurv_free_text_148_N,emosurv_free_text_window_0001569,emosurv_free_text,focused,emosurv_weakly_supervised_four_class_proxy,Neutral,distracted,False,0.10213257439591616,0.4533212718387757,0.008910591809310158,0.4356355619559979
emosurv,emosurv_148,emosurv_free_text_148_N,emosurv_free_text_window_0001570,emosurv_free_text,focused,emosurv_weakly_supervised_four_class_proxy,Neutral,distracted,False,0.05650142877256623,0.6606287537035515,0.016949878422941465,0.26591993910094086
emosurv,emosurv_148,emosurv_free_text_148_N,emosurv_free_text_window_0001571,emosurv_free_text,distracted,emosurv_weakly_supervised_four_class_proxy,Neutral,overloaded,False,0.011677473590574389,0.4546658158067218,0.002983985021809254,0.5306727255808945
emosurv,emosurv_148,emosurv_free_text_148_N,emosurv_free_text_window_0001572,emosurv_free_text,focused,emosurv_weakly_supervised_four_class_proxy,Neutral,overloaded,False,0.05141563003574934,0.31320190629859623,0.015220715700935764,0.6201617479647187
emosurv,emosurv_148,emosurv_free_text_148_N,emosurv_free_text_window_0001573,emosurv_free_text,distracted,emosurv_weakly_supervised_four_class_proxy,Neutral,overloaded,False,0.010805736472577064,0.3009395695342725,0.12924840337483184,0.5590062906183186
emosurv,emosurv_148,emosurv_free_text_148_N,emosurv_free_text_window_0001574,emosurv_free_text,distracted,emosurv_weakly_supervised_four_class_proxy,Neutral,distracted,True,0.0013927320414818904,0.7120226096331133,0.011525209802322781,0.2750594485230821
emosurv,emosurv_148,emosurv_free_text_148_H,emosurv_free_text_window_0001575,emosurv_free_text,distracted,emosurv_weakly_supervised_four_class_proxy,Happy,distracted,True,0.024708309129871805,0.7119163115953698,0.07036120807863973,0.19301417119611872
emosurv,emosurv_148,emosurv_free_text_148_H,emosurv_free_text_window_0001576,emosurv_free_text,focused,emosurv_weakly_supervised_four_class_proxy,Happy,distracted,False,0.2587895487972564,0.47992411102359656,0.015880685161202907,0.2454056550179441
emosurv,emosurv_148,emosurv_free_text_148_H,emosurv_free_text_window_0001577,emosurv_free_text,focused,emosurv_weakly_supervised_four_class_proxy,Happy,distracted,False,0.0014075610880590135,0.7803370236798279,0.004165394281548377,0.21409002095056465
emosurv,emosurv_148,emosurv_free_text_148_H,emosurv_free_text_window_0001578,emosurv_free_text,focused,emosurv_weakly_supervised_four_class_proxy,Happy,distracted,False,0.02586216777047642,0.5508338096321252,0.10368030725572294,0.3196237153416754
emosurv,emosurv_148,emosurv_free_text_148_H,emosurv_free_text_window_0001579,emosurv_free_text,distracted,emosurv_weakly_supervised_four_class_proxy,Happy,distracted,True,0.006868701509774628,0.526953555551776,0.11768929466989951,0.3484884482685499
emosurv,emosurv_148,emosurv_free_text_148_H,emosurv_free_text_window_0001580,emosurv_free_text,distracted,emosurv_weakly_supervised_four_class_proxy,Happy,fatigued,False,0.0009311740890688257,0.3164991888315255,0.6093559946323921,0.07321364244701352
emosurv,emosurv_148,emosurv_free_text_148_H,emosurv_free_text_window_0001581,emosurv_free_text,focused,emosurv_weakly_supervised_four_class_proxy,Happy,distracted,False,0.1921407148382631,0.43045590624877733,0.022414822094229084,0.35498855681873054
emosurv,emosurv_148,emosurv_free_text_148_C,emosurv_free_text_window_0001582,emosurv_free_text,focused,emosurv_weakly_supervised_four_class_proxy,Calm,distracted,False,0.012235993786317102,0.7595660531673686,0.0012165898617511521,0.22698136318456325
emosurv,emosurv_148,emosurv_free_text_148_C,emosurv_free_text_window_0001583,emosurv_free_text,focused,emosurv_weakly_supervised_four_class_proxy,Calm,distracted,False,0.06949333738185151,0.7536019596430936,0.012876423241207746,0.1640282797338472
emosurv,emosurv_144,emosurv_free_text_144_A,emosurv_free_text_window_0001624,emosurv_free_text,overloaded,emosurv_weakly_supervised_four_class_proxy,Angry,distracted,False,0.00217055402326418,0.49395136726263345,0.41591557084191866,0.08796250787218367
emosurv,emosurv_193,emosurv_free_text_193_N,emosurv_free_text_window_0001630,emosurv_free_text,distracted,emosurv_weakly_supervised_four_class_proxy,Neutral,distracted,True,0.0028917096275794113,0.48568347290503894,0.4103830391754743,0.10104177829190722
emosurv,emosurv_193,emosurv_free_text_193_N,emosurv_free_text_window_0001631,emosurv_free_text,focused,emosurv_weakly_supervised_four_class_proxy,Neutral,distracted,False,0.002152495823777571,0.8258955300682196,0.05563266105036103,0.11631931305764184
emosurv,emosurv_193,emosurv_free_text_193_N,emosurv_free_text_window_0001632,emosurv_free_text,distracted,emosurv_weakly_supervised_four_class_proxy,Neutral,distracted,True,0.004925562382635021,0.6671358816329735,0.21368988087725038,0.11424867510714107
emosurv,emosurv_193,emosurv_free_text_193_N,emosurv_free_text_window_0001633,emosurv_free_text,distracted,emosurv_weakly_supervised_four_class_proxy,Neutral,distracted,True,0.013397139098649794,0.7114155743321979,0.05859137514412336,0.21659591142502885
emosurv,emosurv_193,emosurv_free_text_193_N,emosurv_free_text_window_0001634,emosurv_free_text,distracted,emosurv_weakly_supervised_four_class_proxy,Neutral,distracted,True,0.001349753694581281,0.5048516323251525,0.3703689506952381,0.1234296632850282
emosurv,emosurv_193,emosurv_free_text_193_N,emosurv_free_text_window_0001635,emosurv_free_text,distracted,emosurv_weakly_supervised_four_class_proxy,Neutral,distracted,True,0.007584100163972364,0.8051382774930129,0.05445447990498571,0.1328231424380289
emosurv,emosurv_193,emosurv_free_text_193_N,emosurv_free_text_window_0001636,emosurv_free_text,distracted,emosurv_weakly_supervised_four_class_proxy,Neutral,distracted,True,0.0,0.6710945080301551,0.2552873320868151,0.07361815988302989
emosurv,emosurv_193,emosurv_free_text_193_N,emosurv_free_text_window_0001637,emosurv_free_text,distracted,emosurv_weakly_supervised_four_class_proxy,Neutral,distracted,True,0.0031356941996265597,0.754930744509505,0.021684509272040076,0.2202490520188285
emosurv,emosurv_193,emosurv_free_text_193_N,emosurv_free_text_window_0001638,emosurv_free_text,distracted,emosurv_weakly_supervised_four_class_proxy,Neutral,distracted,True,0.003901421035914306,0.43158413739273344,0.4031500686915319,0.16136437287982042
emosurv,emosurv_114,emosurv_free_text_114_N,emosurv_free_text_window_0001639,emosurv_free_text,focused,emosurv_weakly_supervised_four_class_proxy,Neutral,distracted,False,0.004176875979485107,0.8909584861581326,0.08453391009687454,0.020330727765507785
emosurv,emosurv_114,emosurv_free_text_114_N,emosurv_free_text_window_0001640,emosurv_free_text,focused,emosurv_weakly_supervised_four_class_proxy,Neutral,distracted,False,0.013640194329549823,0.6750581573666385,0.27092030124187905,0.04038134706193262
emosurv,emosurv_114,emosurv_free_text_114_N,emosurv_free_text_window_0001641,emosurv_free_text,distracted,emosurv_weakly_supervised_four_class_proxy,Neutral,distracted,True,0.0,0.7754318354124914,0.18487959519498412,0.03968856939252452
emosurv,emosurv_114,emosurv_free_text_114_N,emosurv_free_text_window_0001642,emosurv_free_text,focused,emosurv_weakly_supervised_four_class_proxy,Neutral,distracted,False,0.0028352615310864426,0.8217026624533035,0.15653344758329732,0.01892862843231278
emosurv,emosurv_114,emosurv_free_text_114_N,emosurv_free_text_window_0001643,emosurv_free_text,distracted,emosurv_weakly_supervised_four_class_proxy,Neutral,fatigued,False,0.01209280840685604,0.32019831950891764,0.5839847860686992,0.0837240860155272
emosurv,emosurv_114,emosurv_free_text_114_N,emosurv_free_text_window_0001644,emosurv_free_text,focused,emosurv_weakly_supervised_four_class_proxy,Neutral,distracted,False,0.0,0.8195518993171647,0.08233975017346425,0.09810835050937108
emosurv,emosurv_114,emosurv_free_text_114_N,emosurv_free_text_window_0001645,emosurv_free_text,focused,emosurv_weakly_supervised_four_class_proxy,Neutral,distracted,False,0.005597906317407104,0.8014385106661933,0.1731890149686174,0.01977456804778223
emosurv,emosurv_114,emosurv_free_text_114_N,emosurv_free_text_window_0001646,emosurv_free_text,focused,emosurv_weakly_supervised_four_class_proxy,Neutral,distracted,False,0.0,0.589060508563313,0.4002643374824623,0.010675153954224737
emosurv,emosurv_114,emosurv_free_text_114_N,emosurv_free_text_window_0001647,emosurv_free_text,distracted,emosurv_weakly_supervised_four_class_proxy,Neutral,distracted,True,0.0,0.5304776516342019,0.461896057504762,0.007626290861036017
emosurv,emosurv_114,emosurv_free_text_114_N,emosurv_free_text_window_0001648,emosurv_free_text,distracted,emosurv_weakly_supervised_four_class_proxy,Neutral,distracted,True,0.0,0.5079344991164569,0.4632800076741901,0.028785493209352954
emosurv,emosurv_114,emosurv_free_text_114_S,emosurv_free_text_window_0001649,emosurv_free_text,fatigued,emosurv_weakly_supervised_four_class_proxy,Sad,fatigued,True,0.010001611197741964,0.3991020391534951,0.4785156165977163,0.11238073305104662
emosurv,emosurv_106,emosurv_free_text_106_N,emosurv_free_text_window_0001705,emosurv_free_text,distracted,emosurv_weakly_supervised_four_class_proxy,Neutral,distracted,True,0.0,0.6346341156314455,0.29393494537753373,0.07143093899102086
emosurv,emosurv_106,emosurv_free_text_106_N,emosurv_free_text_window_0001706,emosurv_free_text,distracted,emosurv_weakly_supervised_four_class_proxy,Neutral,fatigued,False,0.0010334572490706322,0.1055912005000765,0.8770963875993675,0.016278954651485447
emosurv,emosurv_106,emosurv_free_text_106_N,emosurv_free_text_window_0001707,emosurv_free_text,focused,emosurv_weakly_supervised_four_class_proxy,Neutral,distracted,False,0.04337777961521998,0.5980574988715409,0.19680565810525796,0.16175906340798113
emosurv,emosurv_106,emosurv_free_text_106_N,emosurv_free_text_window_0001708,emosurv_free_text,focused,emosurv_weakly_supervised_four_class_proxy,Neutral,distracted,False,0.027262215491219568,0.3377106037638857,0.3346510742298015,0.3003761065150933
emosurv,emosurv_106,emosurv_free_text_106_A,emosurv_free_text_window_0001709,emosurv_free_text,overloaded,emosurv_weakly_supervised_four_class_proxy,Angry,fatigued,False,0.023625558340905406,0.3486121286408877,0.36184536119815014,0.2659169518200568
emosurv,emosurv_106,emosurv_free_text_106_A,emosurv_free_text_window_0001710,emosurv_free_text,overloaded,emosurv_weakly_supervised_four_class_proxy,Angry,fatigued,False,0.0028386530317116,0.3463719543381694,0.45838667310938963,0.1924027195207295
emosurv,emosurv_106,emosurv_free_text_106_A,emosurv_free_text_window_0001711,emosurv_free_text,overloaded,emosurv_weakly_supervised_four_class_proxy,Angry,distracted,False,0.028025491600994986,0.4082091039260145,0.19196397190494105,0.37180143256804954
emosurv,emosurv_106,emosurv_free_text_106_A,emosurv_free_text_window_0001712,emosurv_free_text,overloaded,emosurv_weakly_supervised_four_class_proxy,Angry,overloaded,True,0.050420329023701804,0.4546883252244637,0.02317369018576639,0.47171765556606793
emosurv,emosurv_106,emosurv_free_text_106_A,emosurv_free_text_window_0001713,emosurv_free_text,overloaded,emosurv_weakly_supervised_four_class_proxy,Angry,distracted,False,0.03335315012510056,0.40302328106462026,0.16330680683512486,0.4003167619751543
emosurv,emosurv_106,emosurv_free_text_106_S,emosurv_free_text_window_0001714,emosurv_free_text,fatigued,emosurv_weakly_supervised_four_class_proxy,Sad,overloaded,False,0.07622119454103005,0.2540173227055525,0.17795453309704512,0.49180694965637234
emosurv,emosurv_106,emosurv_free_text_106_S,emosurv_free_text_window_0001715,emosurv_free_text,fatigued,emosurv_weakly_supervised_four_class_proxy,Sad,fatigued,True,0.0029881422924901194,0.06456633367921367,0.8682870385073445,0.0641584855209518
emosurv,emosurv_106,emosurv_free_text_106_S,emosurv_free_text_window_0001716,emosurv_free_text,fatigued,emosurv_weakly_supervised_four_class_proxy,Sad,distracted,False,0.019048025111406797,0.6312022740353223,0.3235229524737528,0.026226748379518165
emosurv,emosurv_106,emosurv_free_text_106_S,emosurv_free_text_window_0001717,emosurv_free_text,fatigued,emosurv_weakly_supervised_four_class_proxy,Sad,fatigued,True,0.002568047337278107,0.16545121215042288,0.8268040846535972,0.005176655858701727
emosurv,emosurv_77,emosurv_free_text_77_N,emosurv_free_text_window_0001735,emosurv_free_text,focused,emosurv_weakly_supervised_four_class_proxy,Neutral,fatigued,False,0.0,0.4201717442757915,0.5684688544509491,0.011359401273259497
emosurv,emosurv_77,emosurv_free_text_77_N,emosurv_free_text_window_0001736,emosurv_free_text,focused,emosurv_weakly_supervised_four_class_proxy,Neutral,distracted,False,0.03129702698300234,0.5559031494709117,0.2586577541676099,0.15414206937847608
emosurv,emosurv_77,emosurv_free_text_77_N,emosurv_free_text_window_0001737,emosurv_free_text,focused,emosurv_weakly_supervised_four_class_proxy,Neutral,distracted,False,0.013337722355943972,0.5669198928251695,0.300371599557026,0.11937078526186043
emosurv,emosurv_77,emosurv_free_text_77_C,emosurv_free_text_window_0001738,emosurv_free_text,focused,emosurv_weakly_supervised_four_class_proxy,Calm,fatigued,False,0.0011181102362204723,0.24304917026970058,0.7501369014479699,0.005695818046109018
emosurv,emosurv_77,emosurv_free_text_77_C,emosurv_free_text_window_0001739,emosurv_free_text,focused,emosurv_weakly_supervised_four_class_proxy,Calm,distracted,False,0.0006929577464788734,0.7152726701757414,0.2708542018697462,0.01318017020803358
emosurv,emosurv_77,emosurv_free_text_77_C,emosurv_free_text_window_0001740,emosurv_free_text,focused,emosurv_weakly_supervised_four_class_proxy,Calm,fatigued,False,0.002213348331458567,0.15531580981562904,0.8377731994505719,0.004697642402340388
emosurv,emosurv_35,emosurv_free_text_35_N,emosurv_free_text_window_0001756,emosurv_free_text,distracted,emosurv_weakly_supervised_four_class_proxy,Neutral,fatigued,False,0.002740956335119661,0.2534431996505226,0.6348766765616741,0.10893916745268359
emosurv,emosurv_35,emosurv_free_text_35_S,emosurv_free_text_window_0001757,emosurv_free_text,fatigued,emosurv_weakly_supervised_four_class_proxy,Sad,fatigued,True,0.0009406392694063928,0.013390901116041597,0.9794562541054155,0.006212205509136506
emosurv,emosurv_35,emosurv_free_text_35_S,emosurv_free_text_window_0001758,emosurv_free_text,fatigued,emosurv_weakly_supervised_four_class_proxy,Sad,fatigued,True,0.021849670440597855,0.26039398668267255,0.650899920013001,0.06685642286372855
emosurv,emosurv_35,emosurv_free_text_35_S,emosurv_free_text_window_0001759,emosurv_free_text,fatigued,emosurv_weakly_supervised_four_class_proxy,Sad,distracted,False,0.2327199488201602,0.39834981225321797,0.2654465714291922,0.10348366749742956
emosurv,emosurv_155,emosurv_free_text_155_N,emosurv_free_text_window_0001788,emosurv_free_text,focused,emosurv_weakly_supervised_four_class_proxy,Neutral,distracted,False,0.019040075833362376,0.38056036778833136,0.26172831338797764,0.3386712429903287
emosurv,emosurv_155,emosurv_free_text_155_N,emosurv_free_text_window_0001789,emosurv_free_text,focused,emosurv_weakly_supervised_four_class_proxy,Neutral,fatigued,False,0.0,0.11368247190543146,0.856706806815811,0.02961072127875755
emosurv,emosurv_155,emosurv_free_text_155_A,emosurv_free_text_window_0001790,emosurv_free_text,overloaded,emosurv_weakly_supervised_four_class_proxy,Angry,overloaded,True,0.03180499204410894,0.3416356238828427,0.26628537558352766,0.36027400848952074
emosurv,emosurv_155,emosurv_free_text_155_A,emosurv_free_text_window_0001791,emosurv_free_text,overloaded,emosurv_weakly_supervised_four_class_proxy,Angry,overloaded,True,0.02829837413259515,0.30676654900302314,0.29372523908511194,0.37120983777926986
emosurv,emosurv_155,emosurv_free_text_155_A,emosurv_free_text_window_0001792,emosurv_free_text,overloaded,emosurv_weakly_supervised_four_class_proxy,Angry,distracted,False,0.006808790452657872,0.4358384589920988,0.1498550189146768,0.4074977316405666
emosurv,emosurv_155,emosurv_free_text_155_A,emosurv_free_text_window_0001793,emosurv_free_text,overloaded,emosurv_weakly_supervised_four_class_proxy,Angry,distracted,False,0.06010460626762133,0.35384785584790246,0.24954356713080225,0.3365039707536741
emosurv,emosurv_155,emosurv_free_text_155_S,emosurv_free_text_window_0001794,emosurv_free_text,fatigued,emosurv_weakly_supervised_four_class_proxy,Sad,fatigued,True,0.0027737348048885195,0.4920591814318871,0.49810449870503537,0.007062585058188988
emosurv,emosurv_155,emosurv_free_text_155_S,emosurv_free_text_window_0001795,emosurv_free_text,fatigued,emosurv_weakly_supervised_four_class_proxy,Sad,fatigued,True,0.001095238095238095,0.07603336282478353,0.9184574054130004,0.004413993666977999
emosurv,emosurv_155,emosurv_free_text_155_S,emosurv_free_text_window_0001796,emosurv_free_text,fatigued,emosurv_weakly_supervised_four_class_proxy,Sad,fatigued,True,0.0,0.021870223382571066,0.9725736557643772,0.00555612085305185
emosurv,emosurv_47,emosurv_free_text_47_N,emosurv_free_text_window_0001803,emosurv_free_text,focused,emosurv_weakly_supervised_four_class_proxy,Neutral,distracted,False,0.016128146070298936,0.47406566991093446,0.06308214693173204,0.4467240370870346
emosurv,emosurv_47,emosurv_free_text_47_N,emosurv_free_text_window_0001804,emosurv_free_text,focused,emosurv_weakly_supervised_four_class_proxy,Neutral,overloaded,False,0.0514068549072452,0.2837946657355088,0.1272887484237977,0.5375097309334483
emosurv,emosurv_47,emosurv_free_text_47_N,emosurv_free_text_window_0001805,emosurv_free_text,focused,emosurv_weakly_supervised_four_class_proxy,Neutral,overloaded,False,0.05727852081023895,0.3175290152399735,0.0186189670154199,0.6065734969343678
emosurv,emosurv_47,emosurv_free_text_47_N,emosurv_free_text_window_0001806,emosurv_free_text,focused,emosurv_weakly_supervised_four_class_proxy,Neutral,overloaded,False,0.038017568225950225,0.37869735003711663,0.14293035097645473,0.44035473076047854
emosurv,emosurv_47,emosurv_free_text_47_N,emosurv_free_text_window_0001807,emosurv_free_text,focused,emosurv_weakly_supervised_four_class_proxy,Neutral,overloaded,False,0.09544953685221728,0.2538855351847752,0.12422590345915958,0.526439024503848
emosurv,emosurv_47,emosurv_free_text_47_N,emosurv_free_text_window_0001808,emosurv_free_text,focused,emosurv_weakly_supervised_four_class_proxy,Neutral,overloaded,False,0.22809316468970986,0.35114768239759214,0.019955215014999198,0.4008039378976988
emosurv,emosurv_47,emosurv_free_text_47_N,emosurv_free_text_window_0001809,emosurv_free_text,focused,emosurv_weakly_supervised_four_class_proxy,Neutral,overloaded,False,0.04331388081071981,0.2615733275709521,0.13003247831539888,0.5650803133029293
emosurv,emosurv_47,emosurv_free_text_47_A,emosurv_free_text_window_0001810,emosurv_free_text,overloaded,emosurv_weakly_supervised_four_class_proxy,Angry,overloaded,True,0.037170429939401534,0.3176071105506016,0.061780561074365505,0.5834418984356313
emosurv,emosurv_47,emosurv_free_text_47_A,emosurv_free_text_window_0001811,emosurv_free_text,overloaded,emosurv_weakly_supervised_four_class_proxy,Angry,overloaded,True,0.03821967515816227,0.2744930354492037,0.1429524465880949,0.5443348428045393
emosurv,emosurv_130,emosurv_free_text_130_A,emosurv_free_text_window_0001814,emosurv_free_text,overloaded,emosurv_weakly_supervised_four_class_proxy,Angry,distracted,False,0.0050199641271634005,0.5186528736641136,0.18162255821710646,0.2947046039916165
emosurv,emosurv_130,emosurv_free_text_130_A,emosurv_free_text_window_0001815,emosurv_free_text,overloaded,emosurv_weakly_supervised_four_class_proxy,Angry,distracted,False,0.04063852763816487,0.7113964690072179,0.12128057709544074,0.12668442625917656
emosurv,emosurv_130,emosurv_free_text_130_A,emosurv_free_text_window_0001816,emosurv_free_text,overloaded,emosurv_weakly_supervised_four_class_proxy,Angry,overloaded,True,0.04523229261595167,0.39528328774047233,0.14788204325547602,0.4116023763880999
