dataset_source,participant_id,session_id,sample_id,source_type,label,label_origin,original_label,predicted_label,prediction_correct,prob_focused,prob_distracted,prob_fatigued,prob_overloaded
emosurv,emosurv_100,emosurv_fixed_text_100_N,emosurv_fixed_text_window_0000000,emosurv_fixed_text,distracted,emosurv_weakly_supervised_four_class_proxy,Neutral,distracted,True,0.14467433277854638,0.7374767336756732,0.059623198981112124,0.0582257345646682
emosurv,emosurv_100,emosurv_fixed_text_100_N,emosurv_fixed_text_window_0000001,emosurv_fixed_text,distracted,emosurv_weakly_supervised_four_class_proxy,Neutral,distracted,True,0.22064933210964702,0.4770061889106368,0.2161384801078204,0.08620599887189584
emosurv,emosurv_100,emosurv_fixed_text_100_N,emosurv_fixed_text_window_0000002,emosurv_fixed_text,distracted,emosurv_weakly_supervised_four_class_proxy,Neutral,distracted,True,0.05859237657567872,0.9115609801969171,0.021398930965810744,0.00844771226159342
emosurv,emosurv_100,emosurv_fixed_text_100_N,emosurv_fixed_text_window_0000003,emosurv_fixed_text,distracted,emosurv_weakly_supervised_four_class_proxy,Neutral,distracted,True,0.08356110508043861,0.8524333213333185,0.03690634394131268,0.027099229644930237
emosurv,emosurv_100,emosurv_fixed_text_100_N,emosurv_fixed_text_window_0000004,emosurv_fixed_text,distracted,emosurv_weakly_supervised_four_class_proxy,Neutral,distracted,True,0.10922125803058062,0.7938715041642868,0.01674859704644912,0.08015864075868337
emosurv,emosurv_100,emosurv_fixed_text_100_N,emosurv_fixed_text_window_0000005,emosurv_fixed_text,distracted,emosurv_weakly_supervised_four_class_proxy,Neutral,distracted,True,0.06301952187936857,0.8850771334617145,0.03689160941525164,0.015011735243665341
emosurv,emosurv_100,emosurv_fixed_text_100_N,emosurv_fixed_text_window_0000006,emosurv_fixed_text,distracted,emosurv_weakly_supervised_four_class_proxy,Neutral,distracted,True,0.04340598215487892,0.93080202412458,0.017474431330841353,0.00831756238969975
emosurv,emosurv_100,emosurv_fixed_text_100_N,emosurv_fixed_text_window_0000007,emosurv_fixed_text,distracted,emosurv_weakly_supervised_four_class_proxy,Neutral,distracted,True,0.27087686683989504,0.4422231816074884,0.2007930843322486,0.08610686722036791
emosurv,emosurv_100,emosurv_fixed_text_100_N,emosurv_fixed_text_window_0000008,emosurv_fixed_text,focused,emosurv_weakly_supervised_four_class_proxy,Neutral,distracted,False,0.37925545268624367,0.38581828626577724,0.15897772374532815,0.07594853730265103
emosurv,emosurv_100,emosurv_fixed_text_100_N,emosurv_fixed_text_window_0000009,emosurv_fixed_text,focused,emosurv_weakly_supervised_four_class_proxy,Neutral,focused,True,0.6225932392314637,0.2081730569797404,0.12351500438523601,0.04571869940355993
emosurv,emosurv_100,emosurv_fixed_text_100_N,emosurv_fixed_text_window_0000010,emosurv_fixed_text,focused,emosurv_weakly_supervised_four_class_proxy,Neutral,focused,True,0.7179542487846403,0.0012782222222222218,0.2321885605891785,0.04857896840395907
emosurv,emosurv_100,emosurv_fixed_text_100_N,emosurv_fixed_text_window_0000011,emosurv_fixed_text,focused,emosurv_weakly_supervised_four_class_proxy,Neutral,focused,True,0.5381842516272501,0.0041447833852647515,0.34717267989511397,0.11049828509237102
emosurv,emosurv_100,emosurv_fixed_text_100_N,emosurv_fixed_text_window_0000012,emosurv_fixed_text,focused,emosurv_weakly_supervised_four_class_proxy,Neutral,focused,True,0.37194380709727404,0.35263662133721185,0.13626565352745348,0.13915391803806076
emosurv,emosurv_100,emosurv_fixed_text_100_N,emosurv_fixed_text_window_0000013,emosurv_fixed_text,focused,emosurv_weakly_supervised_four_class_proxy,Neutral,focused,True,0.46964457000659965,0.1111538483750856,0.3689298421867571,0.050271739431557765
emosurv,emosurv_100,emosurv_fixed_text_100_N,emosurv_fixed_text_window_0000014,emosurv_fixed_text,focused,emosurv_weakly_supervised_four_class_proxy,Neutral,focused,True,0.5965745777154413,0.13924013914580954,0.21067973512109026,0.05350554801765894
emosurv,emosurv_100,emosurv_fixed_text_100_N,emosurv_fixed_text_window_0000015,emosurv_fixed_text,focused,emosurv_weakly_supervised_four_class_proxy,Neutral,focused,True,0.600206239484999,0.15548060597676822,0.219365748666632,0.02494740587160078
emosurv,emosurv_100,emosurv_fixed_text_100_N,emosurv_fixed_text_window_0000016,emosurv_fixed_text,distracted,emosurv_weakly_supervised_four_class_proxy,Neutral,distracted,True,0.11839203454901812,0.8228447461826135,0.03279873288922449,0.025964486379143798
emosurv,emosurv_100,emosurv_fixed_text_100_N,emosurv_fixed_text_window_0000017,emosurv_fixed_text,focused,emosurv_weakly_supervised_four_class_proxy,Neutral,focused,True,0.39735088721938494,0.2652880627407587,0.2755446469017185,0.061816403138137875
emosurv,emosurv_100,emosurv_fixed_text_100_N,emosurv_fixed_text_window_0000018,emosurv_fixed_text,focused,emosurv_weakly_supervised_four_class_proxy,Neutral,focused,True,0.5563453579106707,0.2433951998576984,0.16080490109558632,0.03945454113604447
emosurv,emosurv_100,emosurv_fixed_text_100_H,emosurv_fixed_text_window_0000019,emosurv_fixed_text,distracted,emosurv_weakly_supervised_four_class_proxy,Happy,distracted,True,0.06759637018538492,0.8855874105702957,0.009219472438592032,0.037596746805727416
emosurv,emosurv_100,emosurv_fixed_text_100_H,emosurv_fixed_text_window_0000020,emosurv_fixed_text,distracted,emosurv_weakly_supervised_four_class_proxy,Happy,distracted,True,0.2574104353938728,0.6725775756900327,0.05989179917833329,0.01012018973776108
emosurv,emosurv_100,emosurv_fixed_text_100_H,emosurv_fixed_text_window_0000021,emosurv_fixed_text,distracted,emosurv_weakly_supervised_four_class_proxy,Happy,distracted,True,0.26359517923325326,0.5845198151617997,0.0654984689293029,0.08638653667564414
emosurv,emosurv_100,emosurv_fixed_text_100_H,emosurv_fixed_text_window_0000022,emosurv_fixed_text,distracted,emosurv_weakly_supervised_four_class_proxy,Happy,distracted,True,0.10862925709931748,0.7074153186512959,0.13856910712931708,0.045386317120069596
emosurv,emosurv_100,emosurv_fixed_text_100_H,emosurv_fixed_text_window_0000023,emosurv_fixed_text,focused,emosurv_weakly_supervised_four_class_proxy,Happy,focused,True,0.7764481808031396,0.005406796521683033,0.1712346254952802,0.046910397179897194
emosurv,emosurv_100,emosurv_fixed_text_100_H,emosurv_fixed_text_window_0000024,emosurv_fixed_text,focused,emosurv_weakly_supervised_four_class_proxy,Happy,focused,True,0.7288961208000077,0.09347519456864915,0.07227003783901867,0.10535864679232451
emosurv,emosurv_139,emosurv_fixed_text_139_N,emosurv_fixed_text_window_0000086,emosurv_fixed_text,focused,emosurv_weakly_supervised_four_class_proxy,Neutral,focused,True,0.6090487973239211,0.12002275532288988,0.22316763005630358,0.04776081729688545
emosurv,emosurv_139,emosurv_fixed_text_139_N,emosurv_fixed_text_window_0000087,emosurv_fixed_text,distracted,emosurv_weakly_supervised_four_class_proxy,Neutral,distracted,True,0.2215788111569502,0.6425074222225903,0.12027749716226561,0.01563626945819389
emosurv,emosurv_139,emosurv_fixed_text_139_N,emosurv_fixed_text_window_0000088,emosurv_fixed_text,distracted,emosurv_weakly_supervised_four_class_proxy,Neutral,distracted,True,0.03485302568850681,0.942114183582224,0.01754557080680383,0.00548721992246534
emosurv,emosurv_139,emosurv_fixed_text_139_N,emosurv_fixed_text_window_0000089,emosurv_fixed_text,focused,emosurv_weakly_supervised_four_class_proxy,Neutral,focused,True,0.5050598055709224,0.29371918567469024,0.1642906416844398,0.036930367069947394
emosurv,emosurv_139,emosurv_fixed_text_139_N,emosurv_fixed_text_window_0000090,emosurv_fixed_text,focused,emosurv_weakly_supervised_four_class_proxy,Neutral,focused,True,0.5223999769730776,0.20697364902365842,0.24274475883585592,0.027881615167408103
emosurv,emosurv_139,emosurv_fixed_text_139_N,emosurv_fixed_text_window_0000091,emosurv_fixed_text,focused,emosurv_weakly_supervised_four_class_proxy,Neutral,focused,True,0.5979256466623823,0.07455250174809087,0.261324801032065,0.06619705055746176
emosurv,emosurv_139,emosurv_fixed_text_139_H,emosurv_fixed_text_window_0000092,emosurv_fixed_text,distracted,emosurv_weakly_supervised_four_class_proxy,Happy,distracted,True,0.24362977811298628,0.6683177013269888,0.0720173679683487,0.016035152591676097
emosurv,emosurv_139,emosurv_fixed_text_139_H,emosurv_fixed_text_window_0000093,emosurv_fixed_text,focused,emosurv_weakly_supervised_four_class_proxy,Happy,focused,True,0.4472110313399365,0.34071502151659205,0.1761419300674877,0.035932017075983806
emosurv,emosurv_139,emosurv_fixed_text_139_H,emosurv_fixed_text_window_0000094,emosurv_fixed_text,distracted,emosurv_weakly_supervised_four_class_proxy,Happy,distracted,True,0.22533786369810876,0.6738310212345668,0.05488124837749049,0.04594986668983393
emosurv,emosurv_130,emosurv_fixed_text_130_N,emosurv_fixed_text_window_0000129,emosurv_fixed_text,focused,emosurv_weakly_supervised_four_class_proxy,Neutral,focused,True,0.8718357457082163,0.009266565047514806,0.09842764049864162,0.02047004874562726
emosurv,emosurv_130,emosurv_fixed_text_130_N,emosurv_fixed_text_window_0000130,emosurv_fixed_text,focused,emosurv_weakly_supervised_four_class_proxy,Neutral,focused,True,0.7704172768382056,0.007573455751463466,0.08489210784130653,0.13711715956902426
emosurv,emosurv_130,emosurv_fixed_text_130_N,emosurv_fixed_text_window_0000131,emosurv_fixed_text,focused,emosurv_weakly_supervised_four_class_proxy,Neutral,focused,True,0.6504538413909977,0.03267119446389827,0.2611054542795296,0.055769509865574496
emosurv,emosurv_130,emosurv_fixed_text_130_N,emosurv_fixed_text_window_0000132,emosurv_fixed_text,focused,emosurv_weakly_supervised_four_class_proxy,Neutral,focused,True,0.7407214457848486,0.045512249238115324,0.15216569390360343,0.06160061107343265
emosurv,emosurv_130,emosurv_fixed_text_130_N,emosurv_fixed_text_window_0000133,emosurv_fixed_text,focused,emosurv_weakly_supervised_four_class_proxy,Neutral,focused,True,0.6586620106741122,0.01643014943751317,0.26083749632375464,0.0640703435646198
emosurv,emosurv_130,emosurv_fixed_text_130_N,emosurv_fixed_text_window_0000134,emosurv_fixed_text,focused,emosurv_weakly_supervised_four_class_proxy,Neutral,focused,True,0.8480180997067304,0.008258512472128898,0.02573392365269648,0.11798946416844433
emosurv,emosurv_130,emosurv_fixed_text_130_N,emosurv_fixed_text_window_0000135,emosurv_fixed_text,distracted,emosurv_weakly_supervised_four_class_proxy,Neutral,distracted,True,0.1056475314128513,0.5442474479895906,0.18005309892744636,0.17005192167011185
emosurv,emosurv_130,emosurv_fixed_text_130_N,emosurv_fixed_text_window_0000136,emosurv_fixed_text,focused,emosurv_weakly_supervised_four_class_proxy,Neutral,focused,True,0.844476433636622,0.023151275228122586,0.05719912245372328,0.07517316868153227
emosurv,emosurv_130,emosurv_fixed_text_130_N,emosurv_fixed_text_window_0000137,emosurv_fixed_text,focused,emosurv_weakly_supervised_four_class_proxy,Neutral,focused,True,0.562685285440693,0.2935725555175567,0.0479921380681148,0.09575002097363562
emosurv,emosurv_130,emosurv_fixed_text_130_N,emosurv_fixed_text_window_0000138,emosurv_fixed_text,distracted,emosurv_weakly_supervised_four_class_proxy,Neutral,distracted,True,0.10636974977828749,0.6112140526304993,0.17922015900806193,0.10319603858315134
emosurv,emosurv_130,emosurv_fixed_text_130_N,emosurv_fixed_text_window_0000139,emosurv_fixed_text,distracted,emosurv_weakly_supervised_four_class_proxy,Neutral,distracted,True,0.08162150098447739,0.7519953215028357,0.15467072405069787,0.011712453461989073
emosurv,emosurv_130,emosurv_fixed_text_130_N,emosurv_fixed_text_window_0000140,emosurv_fixed_text,focused,emosurv_weakly_supervised_four_class_proxy,Neutral,focused,True,0.6373809067953652,0.046580518797138,0.2661892428520073,0.04984933155548962
emosurv,emosurv_130,emosurv_fixed_text_130_N,emosurv_fixed_text_window_0000141,emosurv_fixed_text,focused,emosurv_weakly_supervised_four_class_proxy,Neutral,focused,True,0.6898531887041585,0.05139496176355641,0.18656720693315626,0.07218464259912896
emosurv,emosurv_130,emosurv_fixed_text_130_N,emosurv_fixed_text_window_0000142,emosurv_fixed_text,focused,emosurv_weakly_supervised_four_class_proxy,Neutral,focused,True,0.7889961467898843,0.020586571519165407,0.04309823757701284,0.14731904411393756
emosurv,emosurv_130,emosurv_fixed_text_130_N,emosurv_fixed_text_window_0000143,emosurv_fixed_text,focused,emosurv_weakly_supervised_four_class_proxy,Neutral,focused,True,0.8109164753413844,0.08942937448902202,0.0538941651776495,0.0457599849919439
emosurv,emosurv_130,emosurv_fixed_text_130_N,emosurv_fixed_text_window_0000144,emosurv_fixed_text,focused,emosurv_weakly_supervised_four_class_proxy,Neutral,focused,True,0.6366581835271848,0.08221634397849972,0.1331947546974444,0.14793071779687095
emosurv,emosurv_130,emosurv_fixed_text_130_N,emosurv_fixed_text_window_0000145,emosurv_fixed_text,distracted,emosurv_weakly_supervised_four_class_proxy,Neutral,distracted,True,0.07612723613110983,0.5931211070926589,0.12153541730622806,0.2092162394700032
emosurv,emosurv_130,emosurv_fixed_text_130_N,emosurv_fixed_text_window_0000146,emosurv_fixed_text,focused,emosurv_weakly_supervised_four_class_proxy,Neutral,focused,True,0.571032314964678,0.296186529786662,0.08814713826802428,0.044634016980635884
emosurv,emosurv_130,emosurv_fixed_text_130_N,emosurv_fixed_text_window_0000147,emosurv_fixed_text,focused,emosurv_weakly_supervised_four_class_proxy,Neutral,focused,True,0.7264348707525482,0.008105454020563105,0.1696146022803495,0.09584507294653921
emosurv,emosurv_130,emosurv_fixed_text_130_N,emosurv_fixed_text_window_0000148,emosurv_fixed_text,focused,emosurv_weakly_supervised_four_class_proxy,Neutral,focused,True,0.8285716115065436,0.0076293815656865655,0.019023889285207728,0.1447751176425622
emosurv,emosurv_130,emosurv_fixed_text_130_N,emosurv_fixed_text_window_0000149,emosurv_fixed_text,focused,emosurv_weakly_supervised_four_class_proxy,Neutral,focused,True,0.7596684248496842,0.02545487631216847,0.026755087420036475,0.1881216114181108
emosurv,emosurv_130,emosurv_fixed_text_130_N,emosurv_fixed_text_window_0000150,emosurv_fixed_text,focused,emosurv_weakly_supervised_four_class_proxy,Neutral,focused,True,0.8728976756803364,0.0015528634361233482,0.041265177787715615,0.0842842830958246
emosurv,emosurv_130,emosurv_fixed_text_130_H,emosurv_fixed_text_window_0000151,emosurv_fixed_text,focused,emosurv_weakly_supervised_four_class_proxy,Happy,focused,True,0.7364409251812128,0.05802738608251043,0.03801718924503639,0.16751449949124028
emosurv,emosurv_130,emosurv_fixed_text_130_H,emosurv_fixed_text_window_0000152,emosurv_fixed_text,focused,emosurv_weakly_supervised_four_class_proxy,Happy,focused,True,0.6959212866957557,0.014676495770070973,0.12955442593445965,0.15984779159971355
emosurv,emosurv_130,emosurv_fixed_text_130_H,emosurv_fixed_text_window_0000153,emosurv_fixed_text,focused,emosurv_weakly_supervised_four_class_proxy,Happy,focused,True,0.609273664674575,0.020327164106731157,0.28604025493875984,0.08435891627993405
emosurv,emosurv_126,emosurv_fixed_text_126_N,emosurv_fixed_text_window_0000253,emosurv_fixed_text,focused,emosurv_weakly_supervised_four_class_proxy,Neutral,focused,True,0.7982633095768956,0.017112152230868486,0.020439118071870536,0.16418542012036544
emosurv,emosurv_126,emosurv_fixed_text_126_N,emosurv_fixed_text_window_0000254,emosurv_fixed_text,focused,emosurv_weakly_supervised_four_class_proxy,Neutral,focused,True,0.6965759817706682,0.12812190099599222,0.09002404059310132,0.08527807664023834
emosurv,emosurv_126,emosurv_fixed_text_126_N,emosurv_fixed_text_window_0000255,emosurv_fixed_text,focused,emosurv_weakly_supervised_four_class_proxy,Neutral,focused,True,0.8164068838346296,0.0024176097194730743,0.014333807869223496,0.166841698576674
emosurv,emosurv_126,emosurv_fixed_text_126_N,emosurv_fixed_text_window_0000256,emosurv_fixed_text,focused,emosurv_weakly_supervised_four_class_proxy,Neutral,focused,True,0.7253596854323455,0.02361887936469736,0.059824075578209956,0.19119735962474718
emosurv,emosurv_126,emosurv_fixed_text_126_N,emosurv_fixed_text_window_0000257,emosurv_fixed_text,focused,emosurv_weakly_supervised_four_class_proxy,Neutral,focused,True,0.48568569157272623,0.05063290228155561,0.11533810329910638,0.34834330284661186
emosurv,emosurv_144,emosurv_fixed_text_144_N,emosurv_fixed_text_window_0000393,emosurv_fixed_text,focused,emosurv_weakly_supervised_four_class_proxy,Neutral,focused,True,0.6572801361927978,0.02584936896432379,0.2683081376064486,0.048562357236429876
emosurv,emosurv_144,emosurv_fixed_text_144_N,emosurv_fixed_text_window_0000394,emosurv_fixed_text,focused,emosurv_weakly_supervised_four_class_proxy,Neutral,focused,True,0.3742682401199687,0.29510276920821366,0.2695300408058982,0.061098949865919606
emosurv,emosurv_144,emosurv_fixed_text_144_N,emosurv_fixed_text_window_0000395,emosurv_fixed_text,focused,emosurv_weakly_supervised_four_class_proxy,Neutral,focused,True,0.5777847156982864,0.08510328585075244,0.2705438917557397,0.06656810669522162
emosurv,emosurv_144,emosurv_fixed_text_144_N,emosurv_fixed_text_window_0000396,emosurv_fixed_text,distracted,emosurv_weakly_supervised_four_class_proxy,Neutral,distracted,True,0.16116400710488785,0.3964943181203947,0.3372336923506453,0.10510798242407217
emosurv,emosurv_144,emosurv_fixed_text_144_N,emosurv_fixed_text_window_0000397,emosurv_fixed_text,focused,emosurv_weakly_supervised_four_class_proxy,Neutral,focused,True,0.45772758368373606,0.29134143365607945,0.1484974322888645,0.10243355037131996
emosurv,emosurv_144,emosurv_fixed_text_144_N,emosurv_fixed_text_window_0000398,emosurv_fixed_text,focused,emosurv_weakly_supervised_four_class_proxy,Neutral,focused,True,0.811010441399099,0.03846877778679983,0.12054619351348811,0.02997458730061306
emosurv,emosurv_144,emosurv_fixed_text_144_N,emosurv_fixed_text_window_0000399,emosurv_fixed_text,distracted,emosurv_weakly_supervised_four_class_proxy,Neutral,focused,False,0.4590229909757327,0.20509797269876226,0.16330806371846343,0.17257097260704163
emosurv,emosurv_144,emosurv_fixed_text_144_N,emosurv_fixed_text_window_0000400,emosurv_fixed_text,focused,emosurv_weakly_supervised_four_class_proxy,Neutral,focused,True,0.6610428228338114,0.021213796478091882,0.2324037550631185,0.08533962562497822
emosurv,emosurv_144,emosurv_fixed_text_144_N,emosurv_fixed_text_window_0000401,emosurv_fixed_text,focused,emosurv_weakly_supervised_four_class_proxy,Neutral,focused,True,0.8484881097817276,0.006074985605958923,0.077464193982879,0.06797271062943462
emosurv,emosurv_144,emosurv_fixed_text_144_N,emosurv_fixed_text_window_0000402,emosurv_fixed_text,focused,emosurv_weakly_supervised_four_class_proxy,Neutral,focused,True,0.7918528938373303,0.042933910425867576,0.10705694073447672,0.058156255002325324
emosurv,emosurv_144,emosurv_fixed_text_144_N,emosurv_fixed_text_window_0000403,emosurv_fixed_text,focused,emosurv_weakly_supervised_four_class_proxy,Neutral,focused,True,0.693549844393238,0.040521939157870626,0.1964040611117189,0.06952415533717249
emosurv,emosurv_144,emosurv_fixed_text_144_H,emosurv_fixed_text_window_0000404,emosurv_fixed_text,focused,emosurv_weakly_supervised_four_class_proxy,Happy,focused,True,0.829537133279927,0.017994367653637402,0.10617761023710898,0.04629088882932676
emosurv,emosurv_144,emosurv_fixed_text_144_H,emosurv_fixed_text_window_0000405,emosurv_fixed_text,focused,emosurv_weakly_supervised_four_class_proxy,Happy,focused,True,0.7459915881479999,0.019277697981672542,0.07964312968301951,0.1550875841873081
emosurv,emosurv_144,emosurv_fixed_text_144_H,emosurv_fixed_text_window_0000406,emosurv_fixed_text,distracted,emosurv_weakly_supervised_four_class_proxy,Happy,focused,False,0.36968665767214387,0.23349858315354946,0.30719305130763375,0.08962170786667294
emosurv,emosurv_144,emosurv_fixed_text_144_S,emosurv_fixed_text_window_0000407,emosurv_fixed_text,fatigued,emosurv_weakly_supervised_four_class_proxy,Sad,focused,False,0.8003570120757654,0.0033364306914925,0.13256349862518943,0.06374305860755279
emosurv,emosurv_144,emosurv_fixed_text_144_S,emosurv_fixed_text_window_0000408,emosurv_fixed_text,fatigued,emosurv_weakly_supervised_four_class_proxy,Sad,focused,False,0.8312717213527918,0.0015676897909937758,0.1009718448445189,0.06618874401169544
emosurv,emosurv_144,emosurv_fixed_text_144_S,emosurv_fixed_text_window_0000409,emosurv_fixed_text,fatigued,emosurv_weakly_supervised_four_class_proxy,Sad,focused,False,0.8628777844263067,0.0113317975207237,0.09830803024194781,0.02748238781102189
emosurv,emosurv_144,emosurv_fixed_text_144_S,emosurv_fixed_text_window_0000410,emosurv_fixed_text,fatigued,emosurv_weakly_supervised_four_class_proxy,Sad,focused,False,0.7996121541231546,0.02713494380605927,0.12022088589239734,0.05303201617838876
emosurv,emosurv_144,emosurv_fixed_text_144_C,emosurv_fixed_text_window_0000411,emosurv_fixed_text,focused,emosurv_weakly_supervised_four_class_proxy,Calm,focused,True,0.8316730161996271,0.02514770652391107,0.11672290482354108,0.026456372452920752
emosurv,emosurv_144,emosurv_fixed_text_144_C,emosurv_fixed_text_window_0000412,emosurv_fixed_text,focused,emosurv_weakly_supervised_four_class_proxy,Calm,focused,True,0.816062919225742,0.0051748989760567335,0.08372744496196374,0.09503473683623759
emosurv,emosurv_144,emosurv_fixed_text_144_C,emosurv_fixed_text_window_0000413,emosurv_fixed_text,focused,emosurv_weakly_supervised_four_class_proxy,Calm,focused,True,0.820015472641941,0.005204056088536648,0.053507016874656615,0.12127345439486573
emosurv,emosurv_144,emosurv_fixed_text_144_C,emosurv_fixed_text_window_0000414,emosurv_fixed_text,focused,emosurv_weakly_supervised_four_class_proxy,Calm,focused,True,0.6536845669077765,0.006769552604922102,0.28189867537365754,0.05764720511364402
emosurv,emosurv_117,emosurv_fixed_text_117_N,emosurv_fixed_text_window_0000461,emosurv_fixed_text,focused,emosurv_weakly_supervised_four_class_proxy,Neutral,focused,True,0.6156966562398096,0.005064535076536652,0.323591281810527,0.055647526873126664
emosurv,emosurv_117,emosurv_fixed_text_117_N,emosurv_fixed_text_window_0000462,emosurv_fixed_text,focused,emosurv_weakly_supervised_four_class_proxy,Neutral,focused,True,0.5923635388058335,0.09772131359979046,0.16824016455580876,0.14167498303856726
emosurv,emosurv_117,emosurv_fixed_text_117_N,emosurv_fixed_text_window_0000463,emosurv_fixed_text,focused,emosurv_weakly_supervised_four_class_proxy,Neutral,focused,True,0.7884259614592566,0.049016130993102605,0.08856369888990841,0.0739942086577323
emosurv,emosurv_117,emosurv_fixed_text_117_N,emosurv_fixed_text_window_0000464,emosurv_fixed_text,focused,emosurv_weakly_supervised_four_class_proxy,Neutral,focused,True,0.8748319746145516,0.02187457692060355,0.08315064074480533,0.020142807720039523
emosurv,emosurv_117,emosurv_fixed_text_117_N,emosurv_fixed_text_window_0000465,emosurv_fixed_text,focused,emosurv_weakly_supervised_four_class_proxy,Neutral,focused,True,0.8623603270941252,0.0149439115691652,0.09334813386426381,0.02934762747244587
emosurv,emosurv_117,emosurv_fixed_text_117_N,emosurv_fixed_text_window_0000466,emosurv_fixed_text,focused,emosurv_weakly_supervised_four_class_proxy,Neutral,focused,True,0.7270220966053718,0.060906069052315576,0.15929592264287074,0.05277591169944185
emosurv,emosurv_117,emosurv_fixed_text_117_H,emosurv_fixed_text_window_0000467,emosurv_fixed_text,focused,emosurv_weakly_supervised_four_class_proxy,Happy,focused,True,0.7358505222790311,0.06597298283500183,0.12971242324913806,0.06846407163682895
emosurv,emosurv_117,emosurv_fixed_text_117_H,emosurv_fixed_text_window_0000468,emosurv_fixed_text,focused,emosurv_weakly_supervised_four_class_proxy,Happy,focused,True,0.7159370347861336,0.03768316829998243,0.06024935802977711,0.18613043888410694
emosurv,emosurv_117,emosurv_fixed_text_117_H,emosurv_fixed_text_window_0000469,emosurv_fixed_text,focused,emosurv_weakly_supervised_four_class_proxy,Happy,focused,True,0.6251385101001143,0.07634240328046996,0.15552215447879664,0.14299693214061907
emosurv,emosurv_79,emosurv_fixed_text_79_N,emosurv_fixed_text_window_0000474,emosurv_fixed_text,focused,emosurv_weakly_supervised_four_class_proxy,Neutral,focused,True,0.5186046306385862,0.2251637135081132,0.13139745421129023,0.12483420164201048
emosurv,emosurv_79,emosurv_fixed_text_79_N,emosurv_fixed_text_window_0000475,emosurv_fixed_text,distracted,emosurv_weakly_supervised_four_class_proxy,Neutral,focused,False,0.45320801987572856,0.2554659931709325,0.13571968496569667,0.15560630198764236
emosurv,emosurv_79,emosurv_fixed_text_79_N,emosurv_fixed_text_window_0000476,emosurv_fixed_text,focused,emosurv_weakly_supervised_four_class_proxy,Neutral,focused,True,0.5151832650864602,0.19994560743479428,0.12914102848696177,0.15573009899178375
emosurv,emosurv_79,emosurv_fixed_text_79_N,emosurv_fixed_text_window_0000477,emosurv_fixed_text,distracted,emosurv_weakly_supervised_four_class_proxy,Neutral,distracted,True,0.03903413413730474,0.8689981866698194,0.05305406575754351,0.038913613435332395
emosurv,emosurv_79,emosurv_fixed_text_79_N,emosurv_fixed_text_window_0000478,emosurv_fixed_text,distracted,emosurv_weakly_supervised_four_class_proxy,Neutral,distracted,True,0.0678175447735636,0.6739127937999463,0.0545754721954098,0.20369418923108037
emosurv,emosurv_79,emosurv_fixed_text_79_N,emosurv_fixed_text_window_0000479,emosurv_fixed_text,distracted,emosurv_weakly_supervised_four_class_proxy,Neutral,distracted,True,0.05946066113673595,0.7213532225542397,0.15137434017516538,0.06781177613385893
emosurv,emosurv_79,emosurv_fixed_text_79_N,emosurv_fixed_text_window_0000480,emosurv_fixed_text,distracted,emosurv_weakly_supervised_four_class_proxy,Neutral,distracted,True,0.07908448496267965,0.8055365760479596,0.0786945131372529,0.03668442585210792
emosurv,emosurv_79,emosurv_fixed_text_79_N,emosurv_fixed_text_window_0000481,emosurv_fixed_text,focused,emosurv_weakly_supervised_four_class_proxy,Neutral,overloaded,False,0.3914401130258434,0.024665213889998924,0.07336792197892933,0.5105267511052283
emosurv,emosurv_79,emosurv_fixed_text_79_N,emosurv_fixed_text_window_0000482,emosurv_fixed_text,focused,emosurv_weakly_supervised_four_class_proxy,Neutral,focused,True,0.7650450017137419,0.05965972371182999,0.06315256740103145,0.11214270717339657
emosurv,emosurv_79,emosurv_fixed_text_79_N,emosurv_fixed_text_window_0000483,emosurv_fixed_text,focused,emosurv_weakly_supervised_four_class_proxy,Neutral,focused,True,0.7756868890127813,0.04601944862598926,0.05186722333176012,0.1264264390294693
emosurv,emosurv_87,emosurv_fixed_text_87_N,emosurv_fixed_text_window_0000532,emosurv_fixed_text,focused,emosurv_weakly_supervised_four_class_proxy,Neutral,focused,True,0.692026431375502,0.017333106299073992,0.2713370908308835,0.01930337149454052
emosurv,emosurv_87,emosurv_fixed_text_87_N,emosurv_fixed_text_window_0000533,emosurv_fixed_text,distracted,emosurv_weakly_supervised_four_class_proxy,Neutral,distracted,True,0.1397123149380307,0.6779336725370315,0.1345544807389388,0.047799531785998925
emosurv,emosurv_87,emosurv_fixed_text_87_N,emosurv_fixed_text_window_0000534,emosurv_fixed_text,focused,emosurv_weakly_supervised_four_class_proxy,Neutral,focused,True,0.3878434735560195,0.26937448049405155,0.31748813679081667,0.02529390915911235
emosurv,emosurv_87,emosurv_fixed_text_87_N,emosurv_fixed_text_window_0000535,emosurv_fixed_text,distracted,emosurv_weakly_supervised_four_class_proxy,Neutral,distracted,True,0.14898583196481668,0.7152441371947744,0.10969281390522814,0.026077216935180697
emosurv,emosurv_87,emosurv_fixed_text_87_N,emosurv_fixed_text_window_0000536,emosurv_fixed_text,focused,emosurv_weakly_supervised_four_class_proxy,Neutral,focused,True,0.6140411820505671,0.1356915670814636,0.21530400493082286,0.0349632459371465
emosurv,emosurv_87,emosurv_fixed_text_87_N,emosurv_fixed_text_window_0000537,emosurv_fixed_text,focused,emosurv_weakly_supervised_four_class_proxy,Neutral,focused,True,0.3835581584327322,0.21757076587014768,0.32450664736928225,0.07436442832783784
emosurv,emosurv_87,emosurv_fixed_text_87_N,emosurv_fixed_text_window_0000538,emosurv_fixed_text,focused,emosurv_weakly_supervised_four_class_proxy,Neutral,focused,True,0.9279715662426312,0.005764298503852536,0.053479156342653066,0.012784978910863153
emosurv,emosurv_87,emosurv_fixed_text_87_N,emosurv_fixed_text_window_0000539,emosurv_fixed_text,focused,emosurv_weakly_supervised_four_class_proxy,Neutral,focused,True,0.8484459024032445,0.053390946280407706,0.055552393123173484,0.04261075819317425
emosurv,emosurv_87,emosurv_fixed_text_87_N,emosurv_fixed_text_window_0000540,emosurv_fixed_text,distracted,emosurv_weakly_supervised_four_class_proxy,Neutral,distracted,True,0.0670387291046917,0.7935680262705277,0.028136276537389437,0.11125696808739113
emosurv,emosurv_87,emosurv_fixed_text_87_N,emosurv_fixed_text_window_0000541,emosurv_fixed_text,focused,emosurv_weakly_supervised_four_class_proxy,Neutral,focused,True,0.703768009410885,0.03121289354954831,0.028284817216020684,0.2367342798235461
emosurv,emosurv_87,emosurv_fixed_text_87_N,emosurv_fixed_text_window_0000542,emosurv_fixed_text,focused,emosurv_weakly_supervised_four_class_proxy,Neutral,focused,True,0.8140471250588917,0.042782962267760204,0.07865188529997544,0.06451802737337273
emosurv,emosurv_87,emosurv_fixed_text_87_N,emosurv_fixed_text_window_0000543,emosurv_fixed_text,focused,emosurv_weakly_supervised_four_class_proxy,Neutral,distracted,False,0.32184868193964855,0.3836533918028722,0.20622287286642468,0.08827505339105472
emosurv,emosurv_87,emosurv_fixed_text_87_N,emosurv_fixed_text_window_0000544,emosurv_fixed_text,distracted,emosurv_weakly_supervised_four_class_proxy,Neutral,distracted,True,0.09522253724107453,0.7659571190229646,0.10187482763775069,0.03694551609821018
emosurv,emosurv_87,emosurv_fixed_text_87_N,emosurv_fixed_text_window_0000545,emosurv_fixed_text,focused,emosurv_weakly_supervised_four_class_proxy,Neutral,focused,True,0.4017103073681768,0.3156332528797112,0.23202740908949926,0.0506290306626127
emosurv,emosurv_87,emosurv_fixed_text_87_N,emosurv_fixed_text_window_0000546,emosurv_fixed_text,focused,emosurv_weakly_supervised_four_class_proxy,Neutral,focused,True,0.4393566816055469,0.2938808305053096,0.18886334055153844,0.07789914733760489
emosurv,emosurv_87,emosurv_fixed_text_87_N,emosurv_fixed_text_window_0000547,emosurv_fixed_text,distracted,emosurv_weakly_supervised_four_class_proxy,Neutral,distracted,True,0.17733446933060917,0.6928933890543617,0.10427406822012408,0.025498073394905067
emosurv,emosurv_87,emosurv_fixed_text_87_C,emosurv_fixed_text_window_0000548,emosurv_fixed_text,focused,emosurv_weakly_supervised_four_class_proxy,Calm,focused,True,0.51027938708915,0.07558130033202376,0.3603334507831351,0.05380586179569118
emosurv,emosurv_87,emosurv_fixed_text_87_C,emosurv_fixed_text_window_0000549,emosurv_fixed_text,focused,emosurv_weakly_supervised_four_class_proxy,Calm,focused,True,0.4113454974979731,0.11283589768248795,0.3728604183383284,0.10295818648121045
emosurv,emosurv_87,emosurv_fixed_text_87_C,emosurv_fixed_text_window_0000550,emosurv_fixed_text,focused,emosurv_weakly_supervised_four_class_proxy,Calm,distracted,False,0.06501865066983609,0.8975361464664477,0.024913630969657957,0.01253157189405813
emosurv,emosurv_87,emosurv_fixed_text_87_C,emosurv_fixed_text_window_0000551,emosurv_fixed_text,focused,emosurv_weakly_supervised_four_class_proxy,Calm,focused,True,0.6903028627491953,0.027147851878760818,0.26356038300962503,0.018988902362418993
emosurv,emosurv_87,emosurv_fixed_text_87_C,emosurv_fixed_text_window_0000552,emosurv_fixed_text,focused,emosurv_weakly_supervised_four_class_proxy,Calm,fatigued,False,0.440127063740674,0.007172841132226652,0.49938987521746886,0.053310219909630495
emosurv,emosurv_87,emosurv_fixed_text_87_C,emosurv_fixed_text_window_0000553,emosurv_fixed_text,focused,emosurv_weakly_supervised_four_class_proxy,Calm,focused,True,0.661864666155397,0.011099333565929152,0.23728378605016684,0.08975221422850706
emosurv,emosurv_87,emosurv_fixed_text_87_C,emosurv_fixed_text_window_0000554,emosurv_fixed_text,focused,emosurv_weakly_supervised_four_class_proxy,Calm,focused,True,0.4704532813794037,0.04831088973530116,0.44070831706568886,0.040527511819606205
emosurv,emosurv_87,emosurv_fixed_text_87_C,emosurv_fixed_text_window_0000555,emosurv_fixed_text,focused,emosurv_weakly_supervised_four_class_proxy,Calm,focused,True,0.7911715276994549,0.014923014479361127,0.12729396068816862,0.06661149713301544
emosurv,emosurv_87,emosurv_fixed_text_87_C,emosurv_fixed_text_window_0000556,emosurv_fixed_text,focused,emosurv_weakly_supervised_four_class_proxy,Calm,focused,True,0.7289012097493606,0.041383950760769436,0.17377300370502075,0.05594183578484931
emosurv,emosurv_87,emosurv_fixed_text_87_C,emosurv_fixed_text_window_0000557,emosurv_fixed_text,focused,emosurv_weakly_supervised_four_class_proxy,Calm,distracted,False,0.08705948918621172,0.7848314733344952,0.07583320537270874,0.052275832106584284
emosurv,emosurv_87,emosurv_fixed_text_87_C,emosurv_fixed_text_window_0000558,emosurv_fixed_text,focused,emosurv_weakly_supervised_four_class_proxy,Calm,distracted,False,0.18381896412549714,0.5148725183537282,0.16366404673533627,0.13764447078543837
emosurv,emosurv_87,emosurv_fixed_text_87_C,emosurv_fixed_text_window_0000559,emosurv_fixed_text,focused,emosurv_weakly_supervised_four_class_proxy,Calm,distracted,False,0.2840555185676248,0.3928072877633991,0.23622560628640019,0.08691158738257589
emosurv,emosurv_142,emosurv_fixed_text_142_N,emosurv_fixed_text_window_0000560,emosurv_fixed_text,focused,emosurv_weakly_supervised_four_class_proxy,Neutral,focused,True,0.8588840144616114,0.035139013675578624,0.0705404065200609,0.03543656534274916
emosurv,emosurv_142,emosurv_fixed_text_142_N,emosurv_fixed_text_window_0000561,emosurv_fixed_text,focused,emosurv_weakly_supervised_four_class_proxy,Neutral,distracted,False,0.2820495229458847,0.38720653111808134,0.10229791295784794,0.228446032978186
emosurv,emosurv_142,emosurv_fixed_text_142_N,emosurv_fixed_text_window_0000562,emosurv_fixed_text,focused,emosurv_weakly_supervised_four_class_proxy,Neutral,focused,True,0.8845697023606502,0.019429576961754944,0.044564278695563786,0.051436441982031095
emosurv,emosurv_142,emosurv_fixed_text_142_N,emosurv_fixed_text_window_0000563,emosurv_fixed_text,focused,emosurv_weakly_supervised_four_class_proxy,Neutral,focused,True,0.7280004233288417,0.002266463906528086,0.23176842984817372,0.03796468291645645
emosurv,emosurv_142,emosurv_fixed_text_142_N,emosurv_fixed_text_window_0000564,emosurv_fixed_text,focused,emosurv_weakly_supervised_four_class_proxy,Neutral,focused,True,0.9126051641536949,0.013305305917694863,0.0400194733420345,0.03407005658657579
emosurv,emosurv_142,emosurv_fixed_text_142_C,emosurv_fixed_text_window_0000565,emosurv_fixed_text,focused,emosurv_weakly_supervised_four_class_proxy,Calm,focused,True,0.720997393510437,0.020964381100616998,0.15855003129589867,0.0994881940930472
emosurv,emosurv_142,emosurv_fixed_text_142_C,emosurv_fixed_text_window_0000566,emosurv_fixed_text,focused,emosurv_weakly_supervised_four_class_proxy,Calm,focused,True,0.6787087113673861,0.04633867730995879,0.17147960895659958,0.10347300236605551
emosurv,emosurv_142,emosurv_fixed_text_142_C,emosurv_fixed_text_window_0000567,emosurv_fixed_text,focused,emosurv_weakly_supervised_four_class_proxy,Calm,focused,True,0.7287028429359548,0.013860000934637053,0.21800227087010057,0.03943488525930771
emosurv,emosurv_142,emosurv_fixed_text_142_C,emosurv_fixed_text_window_0000568,emosurv_fixed_text,focused,emosurv_weakly_supervised_four_class_proxy,Calm,focused,True,0.7824849224937512,0.022039687394364724,0.09115148764193952,0.10432390246994448
emosurv,emosurv_87,emosurv_fixed_text_87_S,emosurv_fixed_text_window_0000645,emosurv_fixed_text,fatigued,emosurv_weakly_supervised_four_class_proxy,Sad,fatigued,True,0.3237809632016366,0.00450401312459877,0.6622941571781182,0.009420866495646356
emosurv,emosurv_87,emosurv_fixed_text_87_S,emosurv_fixed_text_window_0000646,emosurv_fixed_text,fatigued,emosurv_weakly_supervised_four_class_proxy,Sad,fatigued,True,0.21307117054266783,0.0,0.7794417865730516,0.007487042884280662
emosurv,emosurv_87,emosurv_fixed_text_87_S,emosurv_fixed_text_window_0000647,emosurv_fixed_text,fatigued,emosurv_weakly_supervised_four_class_proxy,Sad,fatigued,True,0.14982370547812976,0.0009215557020435069,0.8404734438353053,0.008781294984521511
emosurv,emosurv_87,emosurv_fixed_text_87_S,emosurv_fixed_text_window_0000648,emosurv_fixed_text,fatigued,emosurv_weakly_supervised_four_class_proxy,Sad,focused,False,0.6070034843004702,0.017043320374611537,0.3007021312074232,0.07525106411749503
emosurv,emosurv_87,emosurv_fixed_text_87_A,emosurv_fixed_text_window_0000649,emosurv_fixed_text,overloaded,emosurv_weakly_supervised_four_class_proxy,Angry,focused,False,0.44373516689509324,0.07411787617369751,0.06151504100396447,0.42063191592724486
emosurv,emosurv_87,emosurv_fixed_text_87_A,emosurv_fixed_text_window_0000650,emosurv_fixed_text,overloaded,emosurv_weakly_supervised_four_class_proxy,Angry,focused,False,0.4972626145305385,0.011955758661595288,0.09803546403116672,0.3927461627766996
emosurv,emosurv_87,emosurv_fixed_text_87_A,emosurv_fixed_text_window_0000651,emosurv_fixed_text,overloaded,emosurv_weakly_supervised_four_class_proxy,Angry,focused,False,0.5955946924499891,0.2025438925137127,0.09548423604002639,0.10637717899627175
emosurv,emosurv_87,emosurv_fixed_text_87_A,emosurv_fixed_text_window_0000652,emosurv_fixed_text,overloaded,emosurv_weakly_supervised_four_class_proxy,Angry,focused,False,0.6421016026620954,0.12134574905243906,0.09935232851496628,0.13720031977049926
emosurv,emosurv_87,emosurv_fixed_text_87_H,emosurv_fixed_text_window_0000653,emosurv_fixed_text,focused,emosurv_weakly_supervised_four_class_proxy,Happy,focused,True,0.6866930123579317,0.006516827638301519,0.0515143533473043,0.2552758066564626
emosurv,emosurv_87,emosurv_fixed_text_87_H,emosurv_fixed_text_window_0000654,emosurv_fixed_text,focused,emosurv_weakly_supervised_four_class_proxy,Happy,overloaded,False,0.29048519535736766,0.012320177839170889,0.009248205127955104,0.6879464216755063
emosurv,emosurv_87,emosurv_fixed_text_87_H,emosurv_fixed_text_window_0000655,emosurv_fixed_text,focused,emosurv_weakly_supervised_four_class_proxy,Happy,focused,True,0.5388008592666728,0.005871598532276785,0.027682720099165673,0.4276448221018848
emosurv,emosurv_148,emosurv_fixed_text_148_N,emosurv_fixed_text_window_0000728,emosurv_fixed_text,focused,emosurv_weakly_supervised_four_class_proxy,Neutral,focused,True,0.690291490664094,0.03209965576502794,0.1251794311509812,0.15242942241989685
emosurv,emosurv_148,emosurv_fixed_text_148_N,emosurv_fixed_text_window_0000729,emosurv_fixed_text,focused,emosurv_weakly_supervised_four_class_proxy,Neutral,focused,True,0.7458959582825312,0.04168222468511158,0.07244761706232299,0.1399741999700341
emosurv,emosurv_148,emosurv_fixed_text_148_N,emosurv_fixed_text_window_0000730,emosurv_fixed_text,focused,emosurv_weakly_supervised_four_class_proxy,Neutral,focused,True,0.7384020669840128,0.05618665587158762,0.1196089822310379,0.08580229491336155
emosurv,emosurv_148,emosurv_fixed_text_148_N,emosurv_fixed_text_window_0000731,emosurv_fixed_text,focused,emosurv_weakly_supervised_four_class_proxy,Neutral,focused,True,0.7048388390858007,0.04143576336474098,0.06555989342767743,0.18816550412178087
emosurv,emosurv_148,emosurv_fixed_text_148_N,emosurv_fixed_text_window_0000732,emosurv_fixed_text,focused,emosurv_weakly_supervised_four_class_proxy,Neutral,focused,True,0.6988300822482024,0.1311533289014508,0.1065992616505694,0.06341732719977737
emosurv,emosurv_148,emosurv_fixed_text_148_N,emosurv_fixed_text_window_0000733,emosurv_fixed_text,focused,emosurv_weakly_supervised_four_class_proxy,Neutral,focused,True,0.5936774533486306,0.20775450815138863,0.1167866710828453,0.08178136741713554
emosurv,emosurv_148,emosurv_fixed_text_148_H,emosurv_fixed_text_window_0000734,emosurv_fixed_text,distracted,emosurv_weakly_supervised_four_class_proxy,Happy,distracted,True,0.2615841087793651,0.5972742963382099,0.04147767932283627,0.09966391555958862
emosurv,emosurv_148,emosurv_fixed_text_148_H,emosurv_fixed_text_window_0000735,emosurv_fixed_text,focused,emosurv_weakly_supervised_four_class_proxy,Happy,focused,True,0.42241599092105586,0.11870845489406491,0.10729570990337928,0.3515798442815
emosurv,emosurv_148,emosurv_fixed_text_148_H,emosurv_fixed_text_window_0000736,emosurv_fixed_text,distracted,emosurv_weakly_supervised_four_class_proxy,Happy,distracted,True,0.06824319278263388,0.7079212473628959,0.11551263385072232,0.10832292600374781
emosurv,emosurv_148,emosurv_fixed_text_148_C,emosurv_fixed_text_window_0000737,emosurv_fixed_text,focused,emosurv_weakly_supervised_four_class_proxy,Calm,focused,True,0.8162812313989238,0.02208911639527722,0.0954057429708861,0.06622390923491285
emosurv,emosurv_148,emosurv_fixed_text_148_C,emosurv_fixed_text_window_0000738,emosurv_fixed_text,focused,emosurv_weakly_supervised_four_class_proxy,Calm,focused,True,0.7851420236564721,0.017505786009744954,0.07036075829087254,0.1269914320429104
emosurv,emosurv_148,emosurv_fixed_text_148_C,emosurv_fixed_text_window_0000739,emosurv_fixed_text,focused,emosurv_weakly_supervised_four_class_proxy,Calm,distracted,False,0.16772799098321725,0.5397683792292419,0.12480734572201443,0.1676962840655265
emosurv,emosurv_148,emosurv_fixed_text_148_C,emosurv_fixed_text_window_0000740,emosurv_fixed_text,focused,emosurv_weakly_supervised_four_class_proxy,Calm,focused,True,0.44796755191761717,0.35886988805492537,0.10649975582354748,0.08666280420391001
emosurv,emosurv_148,emosurv_fixed_text_148_C,emosurv_fixed_text_window_0000741,emosurv_fixed_text,focused,emosurv_weakly_supervised_four_class_proxy,Calm,overloaded,False,0.23813915427648863,0.15993415757043603,0.022594265996617,0.5793324221564584
emosurv,emosurv_144,emosurv_fixed_text_144_A,emosurv_fixed_text_window_0000804,emosurv_fixed_text,overloaded,emosurv_weakly_supervised_four_class_proxy,Angry,focused,False,0.327499934382462,0.26292305970461843,0.2636121950957383,0.14596481081718135
emosurv,emosurv_144,emosurv_fixed_text_144_A,emosurv_fixed_text_window_0000805,emosurv_fixed_text,overloaded,emosurv_weakly_supervised_four_class_proxy,Angry,distracted,False,0.13290129830669256,0.7364970763270298,0.0976156239730693,0.03298600139320835
emosurv,emosurv_144,emosurv_fixed_text_144_A,emosurv_fixed_text_window_0000806,emosurv_fixed_text,overloaded,emosurv_weakly_supervised_four_class_proxy,Angry,focused,False,0.6706821162860311,0.15009404539274138,0.13935131295057274,0.03987252537065484
emosurv,emosurv_144,emosurv_fixed_text_144_A,emosurv_fixed_text_window_0000807,emosurv_fixed_text,overloaded,emosurv_weakly_supervised_four_class_proxy,Angry,focused,False,0.6853855656146774,0.016892998450804542,0.24148617646915127,0.05623525946536677
emosurv,emosurv_144,emosurv_fixed_text_144_A,emosurv_fixed_text_window_0000808,emosurv_fixed_text,overloaded,emosurv_weakly_supervised_four_class_proxy,Angry,focused,False,0.3671564063009165,0.2851364832094649,0.1354913154483445,0.21221579504127405
emosurv,emosurv_193,emosurv_fixed_text_193_N,emosurv_fixed_text_window_0000821,emosurv_fixed_text,focused,emosurv_weakly_supervised_four_class_proxy,Neutral,focused,True,0.6792500347548536,0.07290416669447101,0.1941953924294825,0.05365040612119284
emosurv,emosurv_193,emosurv_fixed_text_193_N,emosurv_fixed_text_window_0000822,emosurv_fixed_text,focused,emosurv_weakly_supervised_four_class_proxy,Neutral,focused,True,0.9273125196640647,0.023237479689813274,0.03268644881911877,0.01676355182700335
emosurv,emosurv_193,emosurv_fixed_text_193_N,emosurv_fixed_text_window_0000823,emosurv_fixed_text,focused,emosurv_weakly_supervised_four_class_proxy,Neutral,focused,True,0.8269277158244016,0.013787224042444009,0.1449845863476657,0.01430047378548858
emosurv,emosurv_193,emosurv_fixed_text_193_N,emosurv_fixed_text_window_0000824,emosurv_fixed_text,focused,emosurv_weakly_supervised_four_class_proxy,Neutral,focused,True,0.7796457492066594,0.053032880818011115,0.07653719886416967,0.09078417111115976
emosurv,emosurv_193,emosurv_fixed_text_193_N,emosurv_fixed_text_window_0000825,emosurv_fixed_text,focused,emosurv_weakly_supervised_four_class_proxy,Neutral,focused,True,0.8930873397176166,0.007143495159483547,0.06342651544815134,0.03634264967474846
emosurv,emosurv_114,emosurv_fixed_text_114_N,emosurv_fixed_text_window_0000826,emosurv_fixed_text,focused,emosurv_weakly_supervised_four_class_proxy,Neutral,focused,True,0.430426283394862,0.17879666747529147,0.304533645360675,0.08624340376917149
emosurv,emosurv_114,emosurv_fixed_text_114_N,emosurv_fixed_text_window_0000827,emosurv_fixed_text,distracted,emosurv_weakly_supervised_four_class_proxy,Neutral,distracted,True,0.25622626726987197,0.35524209952378094,0.2485374245046571,0.13999420870168994
emosurv,emosurv_114,emosurv_fixed_text_114_N,emosurv_fixed_text_window_0000828,emosurv_fixed_text,focused,emosurv_weakly_supervised_four_class_proxy,Neutral,focused,True,0.5838725470544983,0.10720497658291157,0.2523532556120612,0.05656922075052891
emosurv,emosurv_114,emosurv_fixed_text_114_N,emosurv_fixed_text_window_0000829,emosurv_fixed_text,focused,emosurv_weakly_supervised_four_class_proxy,Neutral,focused,True,0.5157182092704401,0.1625210136675827,0.21196123962955504,0.10979953743242223
emosurv,emosurv_114,emosurv_fixed_text_114_N,emosurv_fixed_text_window_0000830,emosurv_fixed_text,focused,emosurv_weakly_supervised_four_class_proxy,Neutral,focused,True,0.6366664317921392,0.06034258541657536,0.23055417865779793,0.07243680413348758
emosurv,emosurv_114,emosurv_fixed_text_114_S,emosurv_fixed_text_window_0000831,emosurv_fixed_text,fatigued,emosurv_weakly_supervised_four_class_proxy,Sad,focused,False,0.7255116994289876,0.006626840618939141,0.24492042184758317,0.022941038104490035
emosurv,emosurv_114,emosurv_fixed_text_114_S,emosurv_fixed_text_window_0000832,emosurv_fixed_text,fatigued,emosurv_weakly_supervised_four_class_proxy,Sad,focused,False,0.7008081582172938,0.008337945733615139,0.2531151084545698,0.037738787594521254
emosurv,emosurv_114,emosurv_fixed_text_114_S,emosurv_fixed_text_window_0000833,emosurv_fixed_text,fatigued,emosurv_weakly_supervised_four_class_proxy,Sad,focused,False,0.6819020632491803,0.01010149754835093,0.2688921613118216,0.03910427789064729
emosurv,emosurv_114,emosurv_fixed_text_114_S,emosurv_fixed_text_window_0000834,emosurv_fixed_text,fatigued,emosurv_weakly_supervised_four_class_proxy,Sad,focused,False,0.4656500474667806,0.19001001940326967,0.25232627469575364,0.09201365843419616
emosurv,emosurv_100,emosurv_fixed_text_100_A,emosurv_fixed_text_window_0000930,emosurv_fixed_text,overloaded,emosurv_weakly_supervised_four_class_proxy,Angry,distracted,False,0.1960768694803575,0.5867514741593853,0.17362739590705553,0.04354426045320161
emosurv,emosurv_100,emosurv_fixed_text_100_A,emosurv_fixed_text_window_0000931,emosurv_fixed_text,overloaded,emosurv_weakly_supervised_four_class_proxy,Angry,focused,False,0.4496137440084769,0.37655748692189694,0.1377664240944175,0.03606234497520871
emosurv,emosurv_100,emosurv_fixed_text_100_A,emosurv_fixed_text_window_0000932,emosurv_fixed_text,overloaded,emosurv_weakly_supervised_four_class_proxy,Angry,focused,False,0.4826482031522852,0.30107106600856565,0.16796924310878245,0.048311487730366746
emosurv,emosurv_100,emosurv_fixed_text_100_A,emosurv_fixed_text_window_0000933,emosurv_fixed_text,overloaded,emosurv_weakly_supervised_four_class_proxy,Angry,distracted,False,0.28212282022558244,0.6040988033602401,0.08479657563173146,0.028981800782445957
emosurv,emosurv_100,emosurv_fixed_text_100_A,emosurv_fixed_text_window_0000934,emosurv_fixed_text,overloaded,emosurv_weakly_supervised_four_class_proxy,Angry,distracted,False,0.19286706280079244,0.5649314357965598,0.18709054668660666,0.055110954716041015
emosurv,emosurv_106,emosurv_fixed_text_106_N,emosurv_fixed_text_window_0000935,emosurv_fixed_text,distracted,emosurv_weakly_supervised_four_class_proxy,Neutral,distracted,True,0.3134845323908033,0.4421483541372562,0.17914903039811694,0.06521808307382355
emosurv,emosurv_106,emosurv_fixed_text_106_N,emosurv_fixed_text_window_0000936,emosurv_fixed_text,distracted,emosurv_weakly_supervised_four_class_proxy,Neutral,distracted,True,0.10798431113730696,0.7865710465082717,0.08454572001925853,0.020898922335162856
emosurv,emosurv_106,emosurv_fixed_text_106_N,emosurv_fixed_text_window_0000937,emosurv_fixed_text,distracted,emosurv_weakly_supervised_four_class_proxy,Neutral,distracted,True,0.16948377133064388,0.4171133827683621,0.3335699080298126,0.07983293787118156
emosurv,emosurv_106,emosurv_fixed_text_106_N,emosurv_fixed_text_window_0000938,emosurv_fixed_text,focused,emosurv_weakly_supervised_four_class_proxy,Neutral,focused,True,0.3596457290247684,0.14100733476968574,0.34959625397337557,0.14975068223217028
emosurv,emosurv_106,emosurv_fixed_text_106_N,emosurv_fixed_text_window_0000939,emosurv_fixed_text,distracted,emosurv_weakly_supervised_four_class_proxy,Neutral,distracted,True,0.2990869729501801,0.3688039884740824,0.25806725355551097,0.07404178502022667
emosurv,emosurv_106,emosurv_fixed_text_106_N,emosurv_fixed_text_window_0000940,emosurv_fixed_text,distracted,emosurv_weakly_supervised_four_class_proxy,Neutral,distracted,True,0.13523093510447565,0.6970865809598049,0.10280900446123244,0.06487347947448711
emosurv,emosurv_106,emosurv_fixed_text_106_N,emosurv_fixed_text_window_0000941,emosurv_fixed_text,focused,emosurv_weakly_supervised_four_class_proxy,Neutral,focused,True,0.8676726546303791,0.03979084716708982,0.07975651348649779,0.012779984716033324
emosurv,emosurv_106,emosurv_fixed_text_106_N,emosurv_fixed_text_window_0000942,emosurv_fixed_text,focused,emosurv_weakly_supervised_four_class_proxy,Neutral,focused,True,0.7900252153394293,0.03098644846902707,0.15344972543535312,0.025538610756190662
emosurv,emosurv_106,emosurv_fixed_text_106_N,emosurv_fixed_text_window_0000943,emosurv_fixed_text,focused,emosurv_weakly_supervised_four_class_proxy,Neutral,focused,True,0.7673611202362566,0.015440924425717631,0.16984418954403058,0.047353765793995105
emosurv,emosurv_106,emosurv_fixed_text_106_N,emosurv_fixed_text_window_0000944,emosurv_fixed_text,distracted,emosurv_weakly_supervised_four_class_proxy,Neutral,distracted,True,0.16049193661110575,0.6422654713975947,0.09306421881131655,0.10417837317998299
emosurv,emosurv_106,emosurv_fixed_text_106_N,emosurv_fixed_text_window_0000945,emosurv_fixed_text,focused,emosurv_weakly_supervised_four_class_proxy,Neutral,focused,True,0.4856561383392016,0.3280372394621463,0.0708509116180777,0.11545571058057437
emosurv,emosurv_106,emosurv_fixed_text_106_A,emosurv_fixed_text_window_0000946,emosurv_fixed_text,overloaded,emosurv_weakly_supervised_four_class_proxy,Angry,distracted,False,0.12997133342985787,0.7070095281185903,0.057000276454271005,0.10601886199728092
emosurv,emosurv_106,emosurv_fixed_text_106_A,emosurv_fixed_text_window_0000947,emosurv_fixed_text,overloaded,emosurv_weakly_supervised_four_class_proxy,Angry,distracted,False,0.162934313775504,0.5792925947702035,0.19416276460936638,0.06361032684492635
emosurv,emosurv_106,emosurv_fixed_text_106_A,emosurv_fixed_text_window_0000948,emosurv_fixed_text,overloaded,emosurv_weakly_supervised_four_class_proxy,Angry,distracted,False,0.14496261554313492,0.666298498745173,0.10907245024545925,0.07966643546623293
emosurv,emosurv_106,emosurv_fixed_text_106_A,emosurv_fixed_text_window_0000949,emosurv_fixed_text,overloaded,emosurv_weakly_supervised_four_class_proxy,Angry,distracted,False,0.08829569942752417,0.8485011310458276,0.028702391168276654,0.03450077835837167
emosurv,emosurv_106,emosurv_fixed_text_106_A,emosurv_fixed_text_window_0000950,emosurv_fixed_text,overloaded,emosurv_weakly_supervised_four_class_proxy,Angry,distracted,False,0.11752207732748683,0.5606778044733132,0.2252060757345316,0.09659404246466835
emosurv,emosurv_106,emosurv_fixed_text_106_A,emosurv_fixed_text_window_0000951,emosurv_fixed_text,overloaded,emosurv_weakly_supervised_four_class_proxy,Angry,overloaded,True,0.3506189398520837,0.005967783796007598,0.019423971777070996,0.6239893045748378
emosurv,emosurv_106,emosurv_fixed_text_106_A,emosurv_fixed_text_window_0000952,emosurv_fixed_text,overloaded,emosurv_weakly_supervised_four_class_proxy,Angry,overloaded,True,0.40429294337289295,0.0163124793224274,0.06556234390646101,0.5138322333982187
emosurv,emosurv_106,emosurv_fixed_text_106_A,emosurv_fixed_text_window_0000953,emosurv_fixed_text,overloaded,emosurv_weakly_supervised_four_class_proxy,Angry,focused,False,0.611352304829129,0.12795665706434195,0.15262858087429923,0.10806245723222986
emosurv,emosurv_106,emosurv_fixed_text_106_A,emosurv_fixed_text_window_0000954,emosurv_fixed_text,overloaded,emosurv_weakly_supervised_four_class_proxy,Angry,overloaded,True,0.4211092068369258,0.05813311670238181,0.02301238584757748,0.49774529061311484
emosurv,emosurv_106,emosurv_fixed_text_106_S,emosurv_fixed_text_window_0000955,emosurv_fixed_text,fatigued,emosurv_weakly_supervised_four_class_proxy,Sad,focused,False,0.4683628224644525,0.4109724135878046,0.10904053930362131,0.0116242246441216
emosurv,emosurv_106,emosurv_fixed_text_106_S,emosurv_fixed_text_window_0000956,emosurv_fixed_text,fatigued,emosurv_weakly_supervised_four_class_proxy,Sad,distracted,False,0.3584286559800249,0.4287393792636089,0.16861014079549427,0.044221823960872
emosurv,emosurv_106,emosurv_fixed_text_106_S,emosurv_fixed_text_window_0000957,emosurv_fixed_text,fatigued,emosurv_weakly_supervised_four_class_proxy,Sad,distracted,False,0.21142077386132477,0.639456403231465,0.13242743086601463,0.016695392041195682
emosurv,emosurv_106,emosurv_fixed_text_106_S,emosurv_fixed_text_window_0000958,emosurv_fixed_text,fatigued,emosurv_weakly_supervised_four_class_proxy,Sad,distracted,False,0.4063023502916016,0.4573945080914065,0.10493740195853885,0.031365739658453046
emosurv,emosurv_106,emosurv_fixed_text_106_S,emosurv_fixed_text_window_0000959,emosurv_fixed_text,fatigued,emosurv_weakly_supervised_four_class_proxy,Sad,focused,False,0.7358690041374203,0.003160135472858677,0.22543353836386407,0.035537322025856924
emosurv,emosurv_106,emosurv_fixed_text_106_S,emosurv_fixed_text_window_0000960,emosurv_fixed_text,fatigued,emosurv_weakly_supervised_four_class_proxy,Sad,focused,False,0.7618215366340055,0.0048417723749317985,0.17801800845243068,0.05531868253863213
emosurv,emosurv_106,emosurv_fixed_text_106_S,emosurv_fixed_text_window_0000961,emosurv_fixed_text,fatigued,emosurv_weakly_supervised_four_class_proxy,Sad,focused,False,0.5131646247981739,0.007189664141575635,0.3617444350037181,0.11790127605653232
emosurv,emosurv_77,emosurv_fixed_text_77_N,emosurv_fixed_text_window_0000998,emosurv_fixed_text,focused,emosurv_weakly_supervised_four_class_proxy,Neutral,focused,True,0.7112477117539602,0.002364623165321254,0.23936111434110163,0.04702655073961698
emosurv,emosurv_77,emosurv_fixed_text_77_N,emosurv_fixed_text_window_0000999,emosurv_fixed_text,focused,emosurv_weakly_supervised_four_class_proxy,Neutral,focused,True,0.7529001132635709,0.020671439702930384,0.18462591451787452,0.041802532515624255
emosurv,emosurv_77,emosurv_fixed_text_77_N,emosurv_fixed_text_window_0001000,emosurv_fixed_text,focused,emosurv_weakly_supervised_four_class_proxy,Neutral,focused,True,0.8738846842551805,0.03317490941947168,0.025656389532215513,0.06728401679313237
emosurv,emosurv_77,emosurv_fixed_text_77_N,emosurv_fixed_text_window_0001001,emosurv_fixed_text,focused,emosurv_weakly_supervised_four_class_proxy,Neutral,focused,True,0.5689137348243894,0.008081926570984593,0.32018882181833197,0.10281551678629393
emosurv,emosurv_77,emosurv_fixed_text_77_N,emosurv_fixed_text_window_0001002,emosurv_fixed_text,distracted,emosurv_weakly_supervised_four_class_proxy,Neutral,distracted,True,0.08646707771878916,0.7059356250180722,0.14060655911727415,0.06699073814586448
emosurv,emosurv_77,emosurv_fixed_text_77_C,emosurv_fixed_text_window_0001003,emosurv_fixed_text,focused,emosurv_weakly_supervised_four_class_proxy,Calm,focused,True,0.5777596285078912,0.0008055434892986652,0.39455945901168943,0.026875368991120713
emosurv,emosurv_77,emosurv_fixed_text_77_C,emosurv_fixed_text_window_0001004,emosurv_fixed_text,focused,emosurv_weakly_supervised_four_class_proxy,Calm,distracted,False,0.33604589584679795,0.425411108572905,0.1993295917783609,0.03921340380193616
emosurv,emosurv_77,emosurv_fixed_text_77_C,emosurv_fixed_text_window_0001005,emosurv_fixed_text,focused,emosurv_weakly_supervised_four_class_proxy,Calm,focused,True,0.6177555222737832,0.08854190398180628,0.21449460646884635,0.0792079672755643
emosurv,emosurv_77,emosurv_fixed_text_77_C,emosurv_fixed_text_window_0001006,emosurv_fixed_text,focused,emosurv_weakly_supervised_four_class_proxy,Calm,focused,True,0.6429254452304244,0.0143279480103838,0.2874032082189267,0.055343398540265036
emosurv,emosurv_35,emosurv_fixed_text_35_N,emosurv_fixed_text_window_0001028,emosurv_fixed_text,focused,emosurv_weakly_supervised_four_class_proxy,Neutral,focused,True,0.6251172182480861,0.0020502219656143503,0.36484838976701334,0.007984170019286283
emosurv,emosurv_35,emosurv_fixed_text_35_N,emosurv_fixed_text_window_0001029,emosurv_fixed_text,focused,emosurv_weakly_supervised_four_class_proxy,Neutral,focused,True,0.7032442167367954,0.00808022276448082,0.23244579524614364,0.05622976525258008
emosurv,emosurv_35,emosurv_fixed_text_35_N,emosurv_fixed_text_window_0001030,emosurv_fixed_text,focused,emosurv_weakly_supervised_four_class_proxy,Neutral,focused,True,0.798402922008907,0.01924794450192507,0.12049140563761992,0.061857727851548014
emosurv,emosurv_35,emosurv_fixed_text_35_N,emosurv_fixed_text_window_0001031,emosurv_fixed_text,focused,emosurv_weakly_supervised_four_class_proxy,Neutral,focused,True,0.8363117506269832,0.02041512671546568,0.07806382711754539,0.06520929554000585
emosurv,emosurv_35,emosurv_fixed_text_35_N,emosurv_fixed_text_window_0001032,emosurv_fixed_text,focused,emosurv_weakly_supervised_four_class_proxy,Neutral,focused,True,0.792086844179565,0.007570236156157293,0.03567938145368082,0.1646635382105969
emosurv,emosurv_35,emosurv_fixed_text_35_S,emosurv_fixed_text_window_0001033,emosurv_fixed_text,fatigued,emosurv_weakly_supervised_four_class_proxy,Sad,fatigued,True,0.41525575847194857,0.00465699793810687,0.5572759891872627,0.02281125440268179
emosurv,emosurv_35,emosurv_fixed_text_35_S,emosurv_fixed_text_window_0001034,emosurv_fixed_text,fatigued,emosurv_weakly_supervised_four_class_proxy,Sad,focused,False,0.5565147887612593,0.028237458748612162,0.39193731959669886,0.023310432893429794
emosurv,emosurv_35,emosurv_fixed_text_35_S,emosurv_fixed_text_window_0001035,emosurv_fixed_text,fatigued,emosurv_weakly_supervised_four_class_proxy,Sad,fatigued,True,0.1013676609385872,0.0,0.8969152174733235,0.0017171215880893301
emosurv,emosurv_35,emosurv_fixed_text_35_S,emosurv_fixed_text_window_0001036,emosurv_fixed_text,fatigued,emosurv_weakly_supervised_four_class_proxy,Sad,fatigued,True,0.27172145746647836,0.0046464089490255885,0.7017977022055172,0.02183443137897889
emosurv,emosurv_155,emosurv_fixed_text_155_N,emosurv_fixed_text_window_0001077,emosurv_fixed_text,focused,emosurv_weakly_supervised_four_class_proxy,Neutral,focused,True,0.8740330800498637,0.008495797850523484,0.05715555147121519,0.06031557062839768
emosurv,emosurv_155,emosurv_fixed_text_155_N,emosurv_fixed_text_window_0001078,emosurv_fixed_text,focused,emosurv_weakly_supervised_four_class_proxy,Neutral,focused,True,0.6600789953995785,0.015520393986768207,0.2845594238138782,0.039841186799775094
emosurv,emosurv_155,emosurv_fixed_text_155_N,emosurv_fixed_text_window_0001079,emosurv_fixed_text,focused,emosurv_weakly_supervised_four_class_proxy,Neutral,focused,True,0.4361301327768807,0.13519455954155252,0.40593973362036856,0.022735574061198312
emosurv,emosurv_155,emosurv_fixed_text_155_N,emosurv_fixed_text_window_0001080,emosurv_fixed_text,focused,emosurv_weakly_supervised_four_class_proxy,Neutral,focused,True,0.6652371575943047,0.009602405825492223,0.03559456640757043,0.2895658701726327
emosurv,emosurv_155,emosurv_fixed_text_155_N,emosurv_fixed_text_window_0001081,emosurv_fixed_text,focused,emosurv_weakly_supervised_four_class_proxy,Neutral,focused,True,0.7796604317026101,0.007956063322737851,0.016363818939935375,0.19601968603471664
emosurv,emosurv_155,emosurv_fixed_text_155_A,emosurv_fixed_text_window_0001082,emosurv_fixed_text,overloaded,emosurv_weakly_supervised_four_class_proxy,Angry,focused,False,0.5833317654133998,0.008447147321578601,0.02510963491417145,0.38311145235085026
emosurv,emosurv_155,emosurv_fixed_text_155_A,emosurv_fixed_text_window_0001083,emosurv_fixed_text,overloaded,emosurv_weakly_supervised_four_class_proxy,Angry,focused,False,0.5587958668758998,0.043838988311601934,0.06853083621631796,0.3288343085961804
emosurv,emosurv_155,emosurv_fixed_text_155_A,emosurv_fixed_text_window_0001084,emosurv_fixed_text,overloaded,emosurv_weakly_supervised_four_class_proxy,Angry,focused,False,0.6422050071121326,0.006236567604256277,0.014294408038923696,0.33726401724468746
emosurv,emosurv_155,emosurv_fixed_text_155_A,emosurv_fixed_text_window_0001085,emosurv_fixed_text,overloaded,emosurv_weakly_supervised_four_class_proxy,Angry,overloaded,True,0.48229597196633417,0.007292913966165392,0.019343300136798955,0.4910678139307015
emosurv,emosurv_155,emosurv_fixed_text_155_S,emosurv_fixed_text_window_0001086,emosurv_fixed_text,fatigued,emosurv_weakly_supervised_four_class_proxy,Sad,focused,False,0.5889881134517786,0.0038319147888959083,0.39782571371188424,0.009354258047441255
emosurv,emosurv_155,emosurv_fixed_text_155_S,emosurv_fixed_text_window_0001087,emosurv_fixed_text,fatigued,emosurv_weakly_supervised_four_class_proxy,Sad,fatigued,True,0.38981270410423874,0.0,0.6066348374947463,0.0035524584010149882
emosurv,emosurv_155,emosurv_fixed_text_155_S,emosurv_fixed_text_window_0001088,emosurv_fixed_text,fatigued,emosurv_weakly_supervised_four_class_proxy,Sad,focused,False,0.6134763434377137,0.01712319034696531,0.3205195279737734,0.04888093824154756
emosurv,emosurv_47,emosurv_fixed_text_47_N,emosurv_fixed_text_window_0001099,emosurv_fixed_text,focused,emosurv_weakly_supervised_four_class_proxy,Neutral,focused,True,0.7655079419082532,0.08227303660703847,0.05203065131792754,0.10018837016678069
emosurv,emosurv_47,emosurv_fixed_text_47_N,emosurv_fixed_text_window_0001100,emosurv_fixed_text,focused,emosurv_weakly_supervised_four_class_proxy,Neutral,focused,True,0.5556799377225328,0.11326568277394837,0.15630950300443838,0.17474487649908044
emosurv,emosurv_47,emosurv_fixed_text_47_N,emosurv_fixed_text_window_0001101,emosurv_fixed_text,focused,emosurv_weakly_supervised_four_class_proxy,Neutral,focused,True,0.621083160278892,0.12989089349148483,0.15442675226132496,0.09459919396829837
emosurv,emosurv_47,emosurv_fixed_text_47_N,emosurv_fixed_text_window_0001102,emosurv_fixed_text,focused,emosurv_weakly_supervised_four_class_proxy,Neutral,focused,True,0.5728427513974985,0.043141226932760096,0.070405600869737,0.3136104208000044
emosurv,emosurv_47,emosurv_fixed_text_47_N,emosurv_fixed_text_window_0001103,emosurv_fixed_text,focused,emosurv_weakly_supervised_four_class_proxy,Neutral,focused,True,0.6885744099945221,0.06283168957611489,0.09542180943190086,0.15317209099746232
emosurv,emosurv_47,emosurv_fixed_text_47_N,emosurv_fixed_text_window_0001104,emosurv_fixed_text,focused,emosurv_weakly_supervised_four_class_proxy,Neutral,focused,True,0.623838292678652,0.050133958974657014,0.08383582830260264,0.24219192004408832
emosurv,emosurv_47,emosurv_fixed_text_47_A,emosurv_fixed_text_window_0001105,emosurv_fixed_text,overloaded,emosurv_weakly_supervised_four_class_proxy,Angry,focused,False,0.5606077339257042,0.016159332970403967,0.04601019062674543,0.37722274247714654
emosurv,emosurv_47,emosurv_fixed_text_47_A,emosurv_fixed_text_window_0001106,emosurv_fixed_text,overloaded,emosurv_weakly_supervised_four_class_proxy,Angry,focused,False,0.6295237463753782,0.04295291354704994,0.04952102756930107,0.27800231250827084
emosurv,emosurv_47,emosurv_fixed_text_47_A,emosurv_fixed_text_window_0001107,emosurv_fixed_text,overloaded,emosurv_weakly_supervised_four_class_proxy,Angry,overloaded,True,0.24271862223383736,0.014834222183349519,0.044431355325843865,0.6980158002569693
emosurv,emosurv_47,emosurv_fixed_text_47_A,emosurv_fixed_text_window_0001108,emosurv_fixed_text,overloaded,emosurv_weakly_supervised_four_class_proxy,Angry,focused,False,0.6391541373359111,0.014645655683506632,0.03795407354286286,0.30824613343771956
emosurv,emosurv_130,emosurv_fixed_text_130_A,emosurv_fixed_text_window_0001112,emosurv_fixed_text,overloaded,emosurv_weakly_supervised_four_class_proxy,Angry,focused,False,0.46275556644135235,0.050060563939863065,0.024560343399878216,0.4626235262189064
emosurv,emosurv_130,emosurv_fixed_text_130_A,emosurv_fixed_text_window_0001113,emosurv_fixed_text,overloaded,emosurv_weakly_supervised_four_class_proxy,Angry,overloaded,True,0.17639569916793568,0.030093190739322366,0.019924979986607354,0.7735861301061346
emosurv,emosurv_130,emosurv_fixed_text_130_A,emosurv_fixed_text_window_0001114,emosurv_fixed_text,overloaded,emosurv_weakly_supervised_four_class_proxy,Angry,focused,False,0.597802701299171,0.10200009361299525,0.14729072550786307,0.1529064795799707
emosurv,emosurv_130,emosurv_fixed_text_130_A,emosurv_fixed_text_window_0001115,emosurv_fixed_text,overloaded,emosurv_weakly_supervised_four_class_proxy,Angry,focused,False,0.6251108006203441,0.07372440590352239,0.23315769455971852,0.06800709891641495
emosurv,emosurv_130,emosurv_fixed_text_130_A,emosurv_fixed_text_window_0001116,emosurv_fixed_text,overloaded,emosurv_weakly_supervised_four_class_proxy,Angry,focused,False,0.6352714327755979,0.035224456385637135,0.09588393432119094,0.2336201765175741
emosurv,emosurv_100,emosurv_free_text_100_N,emosurv_free_text_window_0001160,emosurv_free_text,distracted,emosurv_weakly_supervised_four_class_proxy,Neutral,distracted,True,0.2508738630717846,0.5835271995010022,0.09111598227375928,0.07448295515345398
emosurv,emosurv_100,emosurv_free_text_100_N,emosurv_free_text_window_0001161,emosurv_free_text,focused,emosurv_weakly_supervised_four_class_proxy,Neutral,focused,True,0.8137198640201119,0.020312647051057522,0.12313567559458777,0.04283181333424278
emosurv,emosurv_100,emosurv_free_text_100_N,emosurv_free_text_window_0001162,emosurv_free_text,focused,emosurv_weakly_supervised_four_class_proxy,Neutral,focused,True,0.7780441644765953,0.022339224646142627,0.08243477615791125,0.11718183471935072
emosurv,emosurv_100,emosurv_free_text_100_N,emosurv_free_text_window_0001163,emosurv_free_text,focused,emosurv_weakly_supervised_four_class_proxy,Neutral,focused,True,0.8538525143358916,0.02846820541821511,0.08867164212186253,0.02900763812403076
emosurv,emosurv_100,emosurv_free_text_100_N,emosurv_free_text_window_0001164,emosurv_free_text,focused,emosurv_weakly_supervised_four_class_proxy,Neutral,focused,True,0.7654750974189485,0.03313156343663684,0.12121015730897348,0.0801831818354412
emosurv,emosurv_100,emosurv_free_text_100_N,emosurv_free_text_window_0001165,emosurv_free_text,distracted,emosurv_weakly_supervised_four_class_proxy,Neutral,focused,False,0.37373892635783224,0.2789865299590083,0.24606657718666788,0.10120796649649169
emosurv,emosurv_100,emosurv_free_text_100_N,emosurv_free_text_window_0001166,emosurv_free_text,distracted,emosurv_weakly_supervised_four_class_proxy,Neutral,distracted,True,0.18791984584300564,0.5147093733882765,0.240769115225651,0.05660166554306679
emosurv,emosurv_100,emosurv_free_text_100_N,emosurv_free_text_window_0001167,emosurv_free_text,focused,emosurv_weakly_supervised_four_class_proxy,Neutral,focused,True,0.7235894316897714,0.008401458901036413,0.1763607578763568,0.09164835153283535
emosurv,emosurv_100,emosurv_free_text_100_N,emosurv_free_text_window_0001168,emosurv_free_text,distracted,emosurv_weakly_supervised_four_class_proxy,Neutral,distracted,True,0.06436503693548296,0.8327560877540781,0.07616754050168678,0.026711334808752197
emosurv,emosurv_100,emosurv_free_text_100_N,emosurv_free_text_window_0001169,emosurv_free_text,distracted,emosurv_weakly_supervised_four_class_proxy,Neutral,focused,False,0.43033715586674565,0.4296064428320564,0.08050378083589536,0.05955262046530266
emosurv,emosurv_100,emosurv_free_text_100_H,emosurv_free_text_window_0001170,emosurv_free_text,focused,emosurv_weakly_supervised_four_class_proxy,Happy,focused,True,0.7411431014430271,0.03313491519469093,0.19588384139475987,0.029838141967522085
emosurv,emosurv_100,emosurv_free_text_100_H,emosurv_free_text_window_0001171,emosurv_free_text,focused,emosurv_weakly_supervised_four_class_proxy,Happy,focused,True,0.8040939863451507,0.007544375656982903,0.111651740603818,0.07670989739404838
emosurv,emosurv_100,emosurv_free_text_100_H,emosurv_free_text_window_0001172,emosurv_free_text,focused,emosurv_weakly_supervised_four_class_proxy,Happy,focused,True,0.7551039027749807,0.005766880555599977,0.12087258912406398,0.11825662754535542
emosurv,emosurv_139,emosurv_free_text_139_N,emosurv_free_text_window_0001197,emosurv_free_text,focused,emosurv_weakly_supervised_four_class_proxy,Neutral,focused,True,0.34040436446435884,0.33008912681622815,0.2667885505427587,0.06271795817665442
emosurv,emosurv_139,emosurv_free_text_139_N,emosurv_free_text_window_0001198,emosurv_free_text,distracted,emosurv_weakly_supervised_four_class_proxy,Neutral,distracted,True,0.12973437313301153,0.6664652901757714,0.1485252588269082,0.05527507786430894
emosurv,emosurv_139,emosurv_free_text_139_N,emosurv_free_text_window_0001199,emosurv_free_text,distracted,emosurv_weakly_supervised_four_class_proxy,Neutral,distracted,True,0.27140211326686,0.6204319317986362,0.06704251695875779,0.04112343797574593
emosurv,emosurv_139,emosurv_free_text_139_N,emosurv_free_text_window_0001200,emosurv_free_text,distracted,emosurv_weakly_supervised_four_class_proxy,Neutral,distracted,True,0.1807087281470824,0.6949633403913457,0.07736271837766728,0.046965213083904674
emosurv,emosurv_139,emosurv_free_text_139_N,emosurv_free_text_window_0001201,emosurv_free_text,distracted,emosurv_weakly_supervised_four_class_proxy,Neutral,focused,False,0.47649274656038726,0.45074179065342085,0.04127187534469775,0.031493587441494095
emosurv,emosurv_139,emosurv_free_text_139_N,emosurv_free_text_window_0001202,emosurv_free_text,distracted,emosurv_weakly_supervised_four_class_proxy,Neutral,distracted,True,0.06999156307415177,0.8797356657078955,0.047188715174725546,0.0030840560432271132
emosurv,emosurv_139,emosurv_free_text_139_N,emosurv_free_text_window_0001203,emosurv_free_text,distracted,emosurv_weakly_supervised_four_class_proxy,Neutral,distracted,True,0.27682277865789706,0.5792741722611489,0.09587938371948038,0.048023665361473664
emosurv,emosurv_139,emosurv_free_text_139_N,emosurv_free_text_window_0001204,emosurv_free_text,distracted,emosurv_weakly_supervised_four_class_proxy,Neutral,distracted,True,0.0565645871737684,0.7742278998175783,0.15332104714797035,0.01588646586068283
emosurv,emosurv_139,emosurv_free_text_139_N,emosurv_free_text_window_0001205,emosurv_free_text,distracted,emosurv_weakly_supervised_four_class_proxy,Neutral,distracted,True,0.16476768741523287,0.6976569930683123,0.06150196943041514,0.07607335008603977
emosurv,emosurv_139,emosurv_free_text_139_N,emosurv_free_text_window_0001206,emosurv_free_text,distracted,emosurv_weakly_supervised_four_class_proxy,Neutral,distracted,True,0.050371357335691064,0.916857854866221,0.025250468498925965,0.007520319299161996
emosurv,emosurv_139,emosurv_free_text_139_N,emosurv_free_text_window_0001207,emosurv_free_text,distracted,emosurv_weakly_supervised_four_class_proxy,Neutral,distracted,True,0.17042832116395956,0.6034981974979767,0.15322224487795008,0.07285123646011377
emosurv,emosurv_139,emosurv_free_text_139_H,emosurv_free_text_window_0001208,emosurv_free_text,focused,emosurv_weakly_supervised_four_class_proxy,Happy,focused,True,0.7335295854595986,0.022463488349860204,0.2180613963615323,0.025945529829009068
emosurv,emosurv_139,emosurv_free_text_139_H,emosurv_free_text_window_0001209,emosurv_free_text,distracted,emosurv_weakly_supervised_four_class_proxy,Happy,distracted,True,0.09299948381548948,0.827101865692435,0.04943016878229812,0.03046848170977731
emosurv,emosurv_130,emosurv_free_text_130_N,emosurv_free_text_window_0001228,emosurv_free_text,focused,emosurv_weakly_supervised_four_class_proxy,Neutral,focused,True,0.9089178345061323,0.0034444756860953977,0.053954275847208244,0.03368341396056405
emosurv,emosurv_130,emosurv_free_text_130_N,emosurv_free_text_window_0001229,emosurv_free_text,focused,emosurv_weakly_supervised_four_class_proxy,Neutral,focused,True,0.6987891893172363,0.021149290073872447,0.07748484432584567,0.20257667628304557
emosurv,emosurv_130,emosurv_free_text_130_N,emosurv_free_text_window_0001230,emosurv_free_text,distracted,emosurv_weakly_supervised_four_class_proxy,Neutral,distracted,True,0.07007299487920202,0.7729670112795245,0.0452293128004243,0.11173068104084911
emosurv,emosurv_130,emosurv_free_text_130_N,emosurv_free_text_window_0001231,emosurv_free_text,focused,emosurv_weakly_supervised_four_class_proxy,Neutral,focused,True,0.6105729625567428,0.22123021002489007,0.06112394139503684,0.1070728860233302
emosurv,emosurv_130,emosurv_free_text_130_N,emosurv_free_text_window_0001232,emosurv_free_text,distracted,emosurv_weakly_supervised_four_class_proxy,Neutral,distracted,True,0.1543790832294549,0.6993776278726572,0.02598051648600824,0.12026277241187965
emosurv,emosurv_130,emosurv_free_text_130_N,emosurv_free_text_window_0001233,emosurv_free_text,focused,emosurv_weakly_supervised_four_class_proxy,Neutral,focused,True,0.7377862397131153,0.015497157653656283,0.058353455462930685,0.18836314717029767
emosurv,emosurv_130,emosurv_free_text_130_N,emosurv_free_text_window_0001234,emosurv_free_text,focused,emosurv_weakly_supervised_four_class_proxy,Neutral,focused,True,0.5623978579240032,0.13137915146480697,0.19208113510849645,0.11414185550269347
emosurv,emosurv_130,emosurv_free_text_130_N,emosurv_free_text_window_0001235,emosurv_free_text,focused,emosurv_weakly_supervised_four_class_proxy,Neutral,focused,True,0.6168979935125659,0.04134319712450763,0.08388579919556223,0.25787301016736425
emosurv,emosurv_130,emosurv_free_text_130_N,emosurv_free_text_window_0001236,emosurv_free_text,distracted,emosurv_weakly_supervised_four_class_proxy,Neutral,focused,False,0.5123468576737309,0.24718916402553817,0.07255026608105317,0.1679137122196778
emosurv,emosurv_130,emosurv_free_text_130_N,emosurv_free_text_window_0001237,emosurv_free_text,distracted,emosurv_weakly_supervised_four_class_proxy,Neutral,distracted,True,0.04460686717917856,0.8822620445437607,0.06535555804953606,0.007775530227524689
emosurv,emosurv_130,emosurv_free_text_130_N,emosurv_free_text_window_0001238,emosurv_free_text,distracted,emosurv_weakly_supervised_four_class_proxy,Neutral,distracted,True,0.10936374876184174,0.6608922590544295,0.11456113300720863,0.11518285917652016
emosurv,emosurv_130,emosurv_free_text_130_N,emosurv_free_text_window_0001239,emosurv_free_text,distracted,emosurv_weakly_supervised_four_class_proxy,Neutral,distracted,True,0.07345617251591043,0.7471509474334036,0.13108418665837124,0.04830869339231471
emosurv,emosurv_130,emosurv_free_text_130_N,emosurv_free_text_window_0001240,emosurv_free_text,focused,emosurv_weakly_supervised_four_class_proxy,Neutral,focused,True,0.5464321048768828,0.25512544251664004,0.04790232208964076,0.1505401305168364
emosurv,emosurv_130,emosurv_free_text_130_N,emosurv_free_text_window_0001241,emosurv_free_text,distracted,emosurv_weakly_supervised_four_class_proxy,Neutral,distracted,True,0.04475333654677512,0.7692545276674588,0.08406513004084239,0.10192700574492362
emosurv,emosurv_130,emosurv_free_text_130_N,emosurv_free_text_window_0001242,emosurv_free_text,focused,emosurv_weakly_supervised_four_class_proxy,Neutral,focused,True,0.8206183966908034,0.052494742437784736,0.05324774619047604,0.07363911468093581
emosurv,emosurv_130,emosurv_free_text_130_H,emosurv_free_text_window_0001243,emosurv_free_text,focused,emosurv_weakly_supervised_four_class_proxy,Happy,focused,True,0.7355341319773765,0.03876727452264672,0.05740423078012611,0.1682943627198506
emosurv,emosurv_126,emosurv_free_text_126_N,emosurv_free_text_window_0001336,emosurv_free_text,focused,emosurv_weakly_supervised_four_class_proxy,Neutral,focused,True,0.6991510596849442,0.1359902231465014,0.05576108396508032,0.1090976332034742
emosurv,emosurv_126,emosurv_free_text_126_N,emosurv_free_text_window_0001337,emosurv_free_text,distracted,emosurv_weakly_supervised_four_class_proxy,Neutral,distracted,True,0.1184930389334332,0.7118053612627894,0.028576588266610567,0.1411250115371669
emosurv,emosurv_126,emosurv_free_text_126_N,emosurv_free_text_window_0001338,emosurv_free_text,distracted,emosurv_weakly_supervised_four_class_proxy,Neutral,distracted,True,0.10832654557214488,0.712143256797279,0.06837405674862812,0.111156140881948
emosurv,emosurv_126,emosurv_free_text_126_N,emosurv_free_text_window_0001339,emosurv_free_text,distracted,emosurv_weakly_supervised_four_class_proxy,Neutral,distracted,True,0.06383014469007303,0.7980320407150755,0.025356319014385224,0.11278149558046642
emosurv,emosurv_126,emosurv_free_text_126_N,emosurv_free_text_window_0001340,emosurv_free_text,distracted,emosurv_weakly_supervised_four_class_proxy,Neutral,distracted,True,0.13415682314719393,0.6614410434274608,0.11953065384380715,0.08487147958153816
emosurv,emosurv_144,emosurv_free_text_144_N,emosurv_free_text_window_0001398,emosurv_free_text,distracted,emosurv_weakly_supervised_four_class_proxy,Neutral,focused,False,0.4411577117754891,0.25641117019001924,0.24500410041635948,0.05742701761813229
emosurv,emosurv_144,emosurv_free_text_144_N,emosurv_free_text_window_0001399,emosurv_free_text,focused,emosurv_weakly_supervised_four_class_proxy,Neutral,focused,True,0.746265890911048,0.016968511469830035,0.15945753071606678,0.07730806690305524
emosurv,emosurv_144,emosurv_free_text_144_N,emosurv_free_text_window_0001400,emosurv_free_text,distracted,emosurv_weakly_supervised_four_class_proxy,Neutral,distracted,True,0.19166466157305567,0.362189932977769,0.25206018796286717,0.19408521748630825
emosurv,emosurv_144,emosurv_free_text_144_N,emosurv_free_text_window_0001401,emosurv_free_text,focused,emosurv_weakly_supervised_four_class_proxy,Neutral,focused,True,0.928332915154366,0.009547986432767094,0.04469206466679121,0.017427033746075685
emosurv,emosurv_144,emosurv_free_text_144_N,emosurv_free_text_window_0001402,emosurv_free_text,focused,emosurv_weakly_supervised_four_class_proxy,Neutral,focused,True,0.5281621429197519,0.1997643244789854,0.19729428835301813,0.07477924424824459
emosurv,emosurv_144,emosurv_free_text_144_N,emosurv_free_text_window_0001403,emosurv_free_text,distracted,emosurv_weakly_supervised_four_class_proxy,Neutral,focused,False,0.36992038221891677,0.28351750080782845,0.2899926448175881,0.05656947215566675
emosurv,emosurv_144,emosurv_free_text_144_N,emosurv_free_text_window_0001404,emosurv_free_text,distracted,emosurv_weakly_supervised_four_class_proxy,Neutral,focused,False,0.6480732240029008,0.1800567017506093,0.1280461558047286,0.043823918441761305
emosurv,emosurv_144,emosurv_free_text_144_N,emosurv_free_text_window_0001405,emosurv_free_text,distracted,emosurv_weakly_supervised_four_class_proxy,Neutral,distracted,True,0.09553537197757202,0.7355026975775851,0.14458907339552476,0.024372857049318214
emosurv,emosurv_144,emosurv_free_text_144_H,emosurv_free_text_window_0001406,emosurv_free_text,focused,emosurv_weakly_supervised_four_class_proxy,Happy,focused,True,0.8513404264462492,0.01263991257599452,0.11705423537749916,0.018965425600257123
emosurv,emosurv_144,emosurv_free_text_144_H,emosurv_free_text_window_0001407,emosurv_free_text,distracted,emosurv_weakly_supervised_four_class_proxy,Happy,distracted,True,0.1274421341913214,0.5732233548238922,0.21389647701522965,0.08543803396955689
emosurv,emosurv_144,emosurv_free_text_144_H,emosurv_free_text_window_0001408,emosurv_free_text,distracted,emosurv_weakly_supervised_four_class_proxy,Happy,distracted,True,0.16869135377250496,0.3869369359653738,0.27853901944311615,0.16583269081900515
emosurv,emosurv_144,emosurv_free_text_144_S,emosurv_free_text_window_0001409,emosurv_free_text,fatigued,emosurv_weakly_supervised_four_class_proxy,Sad,distracted,False,0.14948943837059245,0.6953555193714676,0.13848310436428823,0.016671937893651793
emosurv,emosurv_144,emosurv_free_text_144_S,emosurv_free_text_window_0001410,emosurv_free_text,fatigued,emosurv_weakly_supervised_four_class_proxy,Sad,distracted,False,0.07810344297560144,0.7921264346240398,0.09484236821288569,0.034927754187472966
emosurv,emosurv_144,emosurv_free_text_144_S,emosurv_free_text_window_0001411,emosurv_free_text,fatigued,emosurv_weakly_supervised_four_class_proxy,Sad,focused,False,0.772019828158157,0.033115387554490776,0.17009203677029655,0.02477274751705579
emosurv,emosurv_144,emosurv_free_text_144_C,emosurv_free_text_window_0001412,emosurv_free_text,focused,emosurv_weakly_supervised_four_class_proxy,Calm,focused,True,0.7348281241129804,0.00845251196781706,0.18192310981485596,0.07479625410434661
emosurv,emosurv_144,emosurv_free_text_144_C,emosurv_free_text_window_0001413,emosurv_free_text,focused,emosurv_weakly_supervised_four_class_proxy,Calm,distracted,False,0.1809236549659172,0.5566185013367538,0.15396090813156407,0.10849693556576487
emosurv,emosurv_144,emosurv_free_text_144_C,emosurv_free_text_window_0001414,emosurv_free_text,focused,emosurv_weakly_supervised_four_class_proxy,Calm,focused,True,0.4790135655914903,0.22504890414383494,0.22906317999654885,0.06687435026812595
emosurv,emosurv_144,emosurv_free_text_144_C,emosurv_free_text_window_0001415,emosurv_free_text,focused,emosurv_weakly_supervised_four_class_proxy,Calm,focused,True,0.6920046934771491,0.06031293278487476,0.1169856839764591,0.1306966897615171
emosurv,emosurv_117,emosurv_free_text_117_N,emosurv_free_text_window_0001440,emosurv_free_text,focused,emosurv_weakly_supervised_four_class_proxy,Neutral,focused,True,0.4947966242843224,0.09657622945191868,0.23709063477272155,0.1715365114910374
emosurv,emosurv_117,emosurv_free_text_117_N,emosurv_free_text_window_0001441,emosurv_free_text,focused,emosurv_weakly_supervised_four_class_proxy,Neutral,focused,True,0.8225029133910661,0.004833421970213143,0.07915879868765525,0.09350486595106548
emosurv,emosurv_117,emosurv_free_text_117_N,emosurv_free_text_window_0001442,emosurv_free_text,focused,emosurv_weakly_supervised_four_class_proxy,Neutral,focused,True,0.6824792338773339,0.017170043251076846,0.1005204798193503,0.1998302430522389
emosurv,emosurv_117,emosurv_free_text_117_N,emosurv_free_text_window_0001443,emosurv_free_text,focused,emosurv_weakly_supervised_four_class_proxy,Neutral,focused,True,0.6320389117556262,0.006091632214277463,0.24350590748177534,0.11836354854832104
emosurv,emosurv_117,emosurv_free_text_117_H,emosurv_free_text_window_0001444,emosurv_free_text,focused,emosurv_weakly_supervised_four_class_proxy,Happy,focused,True,0.6413724348163963,0.05297946198906169,0.06500948993042868,0.24063861326411345
emosurv,emosurv_117,emosurv_free_text_117_H,emosurv_free_text_window_0001445,emosurv_free_text,focused,emosurv_weakly_supervised_four_class_proxy,Happy,focused,True,0.6689844138879185,0.004306284010300002,0.19094711217351132,0.1357621899282701
emosurv,emosurv_79,emosurv_free_text_79_N,emosurv_free_text_window_0001449,emosurv_free_text,distracted,emosurv_weakly_supervised_four_class_proxy,Neutral,focused,False,0.5428239687965062,0.2657333418892207,0.09003968923630584,0.10140300007796728
emosurv,emosurv_79,emosurv_free_text_79_N,emosurv_free_text_window_0001450,emosurv_free_text,distracted,emosurv_weakly_supervised_four_class_proxy,Neutral,focused,False,0.4885138750182814,0.34059291608440995,0.12741646369330492,0.04347674520400363
emosurv,emosurv_79,emosurv_free_text_79_N,emosurv_free_text_window_0001451,emosurv_free_text,focused,emosurv_weakly_supervised_four_class_proxy,Neutral,focused,True,0.6403149188272231,0.025217715472762272,0.0576313021310827,0.2768360635689318
emosurv,emosurv_79,emosurv_free_text_79_N,emosurv_free_text_window_0001452,emosurv_free_text,distracted,emosurv_weakly_supervised_four_class_proxy,Neutral,focused,False,0.5885835484061556,0.2863199861580359,0.05834294530920815,0.06675352012660034
emosurv,emosurv_79,emosurv_free_text_79_N,emosurv_free_text_window_0001453,emosurv_free_text,distracted,emosurv_weakly_supervised_four_class_proxy,Neutral,distracted,True,0.3671114363238262,0.41806703720062577,0.05342084459156245,0.16140068188398554
emosurv,emosurv_79,emosurv_free_text_79_N,emosurv_free_text_window_0001454,emosurv_free_text,distracted,emosurv_weakly_supervised_four_class_proxy,Neutral,focused,False,0.43533229355601666,0.1403648754226161,0.04749053425462275,0.3768122967667445
emosurv,emosurv_79,emosurv_free_text_79_N,emosurv_free_text_window_0001455,emosurv_free_text,focused,emosurv_weakly_supervised_four_class_proxy,Neutral,focused,True,0.7671255237566805,0.009764560808522997,0.04397120423292973,0.17913871120186686
emosurv,emosurv_79,emosurv_free_text_79_N,emosurv_free_text_window_0001456,emosurv_free_text,focused,emosurv_weakly_supervised_four_class_proxy,Neutral,focused,True,0.7231849264326714,0.1435655879921596,0.058361686535063274,0.07488779904010566
emosurv,emosurv_79,emosurv_free_text_79_N,emosurv_free_text_window_0001457,emosurv_free_text,focused,emosurv_weakly_supervised_four_class_proxy,Neutral,focused,True,0.7123227253429142,0.15340092496282914,0.05870243294711552,0.07557391674714112
emosurv,emosurv_79,emosurv_free_text_79_N,emosurv_free_text_window_0001458,emosurv_free_text,distracted,emosurv_weakly_supervised_four_class_proxy,Neutral,distracted,True,0.052163978988850467,0.8400329414615094,0.08018580034005422,0.027617279209585857
emosurv,emosurv_87,emosurv_free_text_87_N,emosurv_free_text_window_0001486,emosurv_free_text,distracted,emosurv_weakly_supervised_four_class_proxy,Neutral,distracted,True,0.14562876033569638,0.5725092419237304,0.18746050687055904,0.09440149087001415
emosurv,emosurv_87,emosurv_free_text_87_N,emosurv_free_text_window_0001487,emosurv_free_text,distracted,emosurv_weakly_supervised_four_class_proxy,Neutral,distracted,True,0.1018383130960627,0.7684287931101316,0.09883831798972507,0.030894575804080657
emosurv,emosurv_87,emosurv_free_text_87_N,emosurv_free_text_window_0001488,emosurv_free_text,focused,emosurv_weakly_supervised_four_class_proxy,Neutral,overloaded,False,0.4565377267317527,0.007495505728249221,0.020115111364649742,0.5158516561753484
emosurv,emosurv_87,emosurv_free_text_87_N,emosurv_free_text_window_0001489,emosurv_free_text,distracted,emosurv_weakly_supervised_four_class_proxy,Neutral,focused,False,0.5698973983622516,0.15879965279782757,0.10532009642553497,0.16598285241438585
emosurv,emosurv_87,emosurv_free_text_87_N,emosurv_free_text_window_0001490,emosurv_free_text,focused,emosurv_weakly_supervised_four_class_proxy,Neutral,focused,True,0.7267785207215688,0.030249568796145383,0.1580206323209789,0.08495127816130696
emosurv,emosurv_87,emosurv_free_text_87_N,emosurv_free_text_window_0001491,emosurv_free_text,focused,emosurv_weakly_supervised_four_class_proxy,Neutral,focused,True,0.7024438060404471,0.07935628952584266,0.1043694091776004,0.11383049525610991
emosurv,emosurv_87,emosurv_free_text_87_C,emosurv_free_text_window_0001492,emosurv_free_text,focused,emosurv_weakly_supervised_four_class_proxy,Calm,distracted,False,0.15761222119155818,0.7594596206085241,0.04852264464735109,0.034405513552566463
emosurv,emosurv_87,emosurv_free_text_87_C,emosurv_free_text_window_0001493,emosurv_free_text,focused,emosurv_weakly_supervised_four_class_proxy,Calm,distracted,False,0.22977712920055327,0.5985148658066727,0.11101114568391988,0.06069685930885421
emosurv,emosurv_87,emosurv_free_text_87_C,emosurv_free_text_window_0001494,emosurv_free_text,focused,emosurv_weakly_supervised_four_class_proxy,Calm,focused,True,0.5712708781931247,0.1874423136889562,0.17797397616311644,0.06331283195480263
emosurv,emosurv_87,emosurv_free_text_87_C,emosurv_free_text_window_0001495,emosurv_free_text,focused,emosurv_weakly_supervised_four_class_proxy,Calm,focused,True,0.8134433993855973,0.021817589536291256,0.0684644632610775,0.09627454781703403
emosurv,emosurv_87,emosurv_free_text_87_C,emosurv_free_text_window_0001496,emosurv_free_text,focused,emosurv_weakly_supervised_four_class_proxy,Calm,focused,True,0.7829398731385587,0.04803035448017031,0.11379971762331237,0.05523005475795861
emosurv,emosurv_87,emosurv_free_text_87_C,emosurv_free_text_window_0001497,emosurv_free_text,focused,emosurv_weakly_supervised_four_class_proxy,Calm,focused,True,0.5918365457034624,0.23744484572509392,0.12021645235801692,0.05050215621342681
emosurv,emosurv_142,emosurv_free_text_142_N,emosurv_free_text_window_0001498,emosurv_free_text,focused,emosurv_weakly_supervised_four_class_proxy,Neutral,focused,True,0.624216901409005,0.03327164699428505,0.2749748026604299,0.06753664893628003
emosurv,emosurv_142,emosurv_free_text_142_N,emosurv_free_text_window_0001499,emosurv_free_text,focused,emosurv_weakly_supervised_four_class_proxy,Neutral,focused,True,0.7097665898121298,0.09409350908500057,0.11387630411824234,0.08226359698462737
emosurv,emosurv_142,emosurv_free_text_142_N,emosurv_free_text_window_0001500,emosurv_free_text,focused,emosurv_weakly_supervised_four_class_proxy,Neutral,focused,True,0.8419532060872067,0.03500085444335737,0.09637077350735901,0.026675165962076818
emosurv,emosurv_142,emosurv_free_text_142_N,emosurv_free_text_window_0001501,emosurv_free_text,focused,emosurv_weakly_supervised_four_class_proxy,Neutral,focused,True,0.687491377832141,0.027435912382257035,0.2022788167538242,0.08279389303177781
emosurv,emosurv_142,emosurv_free_text_142_C,emosurv_free_text_window_0001502,emosurv_free_text,focused,emosurv_weakly_supervised_four_class_proxy,Calm,distracted,False,0.07559532617996495,0.7512082513925811,0.11296381169822835,0.060232610729225526
emosurv,emosurv_87,emosurv_free_text_87_S,emosurv_free_text_window_0001526,emosurv_free_text,fatigued,emosurv_weakly_supervised_four_class_proxy,Sad,focused,False,0.7206219441601712,0.002871105091246452,0.18131000966580416,0.09519694108277818
emosurv,emosurv_87,emosurv_free_text_87_S,emosurv_free_text_window_0001527,emosurv_free_text,fatigued,emosurv_weakly_supervised_four_class_proxy,Sad,focused,False,0.5927879252097561,0.002515203124083821,0.27858211680100076,0.1261147548651594
emosurv,emosurv_87,emosurv_free_text_87_S,emosurv_free_text_window_0001528,emosurv_free_text,fatigued,emosurv_weakly_supervised_four_class_proxy,Sad,focused,False,0.5265634919529694,0.1409247590943043,0.24843453301614854,0.0840772159365778
emosurv,emosurv_87,emosurv_free_text_87_A,emosurv_free_text_window_0001529,emosurv_free_text,overloaded,emosurv_weakly_supervised_four_class_proxy,Angry,distracted,False,0.08797143943420305,0.6302017005501724,0.09638506121250862,0.18544179880311587
emosurv,emosurv_87,emosurv_free_text_87_A,emosurv_free_text_window_0001530,emosurv_free_text,overloaded,emosurv_weakly_supervised_four_class_proxy,Angry,overloaded,True,0.39098472805175183,0.01072828092203864,0.04265734893888958,0.5556296420873199
emosurv,emosurv_87,emosurv_free_text_87_A,emosurv_free_text_window_0001531,emosurv_free_text,overloaded,emosurv_weakly_supervised_four_class_proxy,Angry,overloaded,True,0.4510682377686188,0.016446307697106408,0.04423244472326173,0.488253009811013
emosurv,emosurv_87,emosurv_free_text_87_H,emosurv_free_text_window_0001532,emosurv_free_text,focused,emosurv_weakly_supervised_four_class_proxy,Happy,focused,True,0.6045767616746155,0.02304270084628665,0.04379106289251018,0.3285894745865876
emosurv,emosurv_87,emosurv_free_text_87_H,emosurv_free_text_window_0001533,emosurv_free_text,focused,emosurv_weakly_supervised_four_class_proxy,Happy,overloaded,False,0.33463860548940316,0.041614875903143,0.05244812508664859,0.5712983935208052
emosurv,emosurv_87,emosurv_free_text_87_H,emosurv_free_text_window_0001534,emosurv_free_text,focused,emosurv_weakly_supervised_four_class_proxy,Happy,focused,True,0.8351787167739096,0.00760924915902273,0.10275776974390034,0.054454264323167266
emosurv,emosurv_148,emosurv_free_text_148_N,emosurv_free_text_window_0001569,emosurv_free_text,focused,emosurv_weakly_supervised_four_class_proxy,Neutral,focused,True,0.8235440011402148,0.03910438288426363,0.09672827217244263,0.04062334380307886
emosurv,emosurv_148,emosurv_free_text_148_N,emosurv_free_text_window_0001570,emosurv_free_text,focused,emosurv_weakly_supervised_four_class_proxy,Neutral,focused,True,0.6920496494689788,0.022832488072633054,0.05271166903167862,0.23240619342670937
emosurv,emosurv_148,emosurv_free_text_148_N,emosurv_free_text_window_0001571,emosurv_free_text,distracted,emosurv_weakly_supervised_four_class_proxy,Neutral,distracted,True,0.2901636784287278,0.5413075700281962,0.09255052923701082,0.07597822230606519
emosurv,emosurv_148,emosurv_free_text_148_N,emosurv_free_text_window_0001572,emosurv_free_text,focused,emosurv_weakly_supervised_four_class_proxy,Neutral,focused,True,0.6814828743671404,0.07220751751841176,0.09309252527235835,0.1532170828420895
emosurv,emosurv_148,emosurv_free_text_148_N,emosurv_free_text_window_0001573,emosurv_free_text,distracted,emosurv_weakly_supervised_four_class_proxy,Neutral,focused,False,0.5761268628984553,0.21937907368907786,0.07398886344040707,0.1305051999720598
emosurv,emosurv_148,emosurv_free_text_148_N,emosurv_free_text_window_0001574,emosurv_free_text,distracted,emosurv_weakly_supervised_four_class_proxy,Neutral,distracted,True,0.30158420791111207,0.4864809161558249,0.05718961965676538,0.15474525627629768
emosurv,emosurv_148,emosurv_free_text_148_H,emosurv_free_text_window_0001575,emosurv_free_text,distracted,emosurv_weakly_supervised_four_class_proxy,Happy,focused,False,0.6386719402820373,0.15596106680910904,0.1443154642519241,0.06105152865692969
emosurv,emosurv_148,emosurv_free_text_148_H,emosurv_free_text_window_0001576,emosurv_free_text,focused,emosurv_weakly_supervised_four_class_proxy,Happy,focused,True,0.84899314079094,0.02327901896671427,0.08569144296315102,0.042036397279194754
emosurv,emosurv_148,emosurv_free_text_148_H,emosurv_free_text_window_0001577,emosurv_free_text,focused,emosurv_weakly_supervised_four_class_proxy,Happy,focused,True,0.5152006441526866,0.2397819747781108,0.1371752270891564,0.10784215398004614
emosurv,emosurv_148,emosurv_free_text_148_H,emosurv_free_text_window_0001578,emosurv_free_text,focused,emosurv_weakly_supervised_four_class_proxy,Happy,focused,True,0.772960488975717,0.055244926571554526,0.10564789971820591,0.06614668473452262
emosurv,emosurv_148,emosurv_free_text_148_H,emosurv_free_text_window_0001579,emosurv_free_text,distracted,emosurv_weakly_supervised_four_class_proxy,Happy,distracted,True,0.3022862522293589,0.4641013785894473,0.08733288491837819,0.14627948426281556
emosurv,emosurv_148,emosurv_free_text_148_H,emosurv_free_text_window_0001580,emosurv_free_text,distracted,emosurv_weakly_supervised_four_class_proxy,Happy,distracted,True,0.17566540239988207,0.7141259531353064,0.06728579129915768,0.04292285316565382
emosurv,emosurv_148,emosurv_free_text_148_H,emosurv_free_text_window_0001581,emosurv_free_text,focused,emosurv_weakly_supervised_four_class_proxy,Happy,focused,True,0.7382328999681356,0.06843632429408698,0.11781785969208736,0.07551291604569015
emosurv,emosurv_148,emosurv_free_text_148_C,emosurv_free_text_window_0001582,emosurv_free_text,focused,emosurv_weakly_supervised_four_class_proxy,Calm,focused,True,0.4750775435201439,0.2992126804801221,0.1429802467904437,0.08272952920929033
emosurv,emosurv_148,emosurv_free_text_148_C,emosurv_free_text_window_0001583,emosurv_free_text,focused,emosurv_weakly_supervised_four_class_proxy,Calm,focused,True,0.7198615799055964,0.034237407748235714,0.17671278308047525,0.06918822926569274
emosurv,emosurv_144,emosurv_free_text_144_A,emosurv_free_text_window_0001624,emosurv_free_text,overloaded,emosurv_weakly_supervised_four_class_proxy,Angry,distracted,False,0.10096782364068961,0.6967720766188915,0.13389793403407962,0.06836216570633943
emosurv,emosurv_193,emosurv_free_text_193_N,emosurv_free_text_window_0001630,emosurv_free_text,distracted,emosurv_weakly_supervised_four_class_proxy,Neutral,distracted,True,0.08117785572877063,0.5546563486336599,0.24009708574246147,0.12406870989510817
emosurv,emosurv_193,emosurv_free_text_193_N,emosurv_free_text_window_0001631,emosurv_free_text,focused,emosurv_weakly_supervised_four_class_proxy,Neutral,focused,True,0.5068917396720488,0.1231238862617212,0.2014601568659057,0.16852421720032432
emosurv,emosurv_193,emosurv_free_text_193_N,emosurv_free_text_window_0001632,emosurv_free_text,distracted,emosurv_weakly_supervised_four_class_proxy,Neutral,distracted,True,0.06925363044131755,0.6675210542881188,0.13277843751813326,0.13044687775243047
emosurv,emosurv_193,emosurv_free_text_193_N,emosurv_free_text_window_0001633,emosurv_free_text,distracted,emosurv_weakly_supervised_four_class_proxy,Neutral,focused,False,0.32992714762823944,0.2921572611106361,0.27374618910356296,0.10416940215756156
emosurv,emosurv_193,emosurv_free_text_193_N,emosurv_free_text_window_0001634,emosurv_free_text,distracted,emosurv_weakly_supervised_four_class_proxy,Neutral,distracted,True,0.09517448055213117,0.6093814728614951,0.14526929313788375,0.15017475344849
emosurv,emosurv_193,emosurv_free_text_193_N,emosurv_free_text_window_0001635,emosurv_free_text,distracted,emosurv_weakly_supervised_four_class_proxy,Neutral,focused,False,0.5770856056148246,0.21870322732343112,0.1531817452571034,0.0510294218046409
emosurv,emosurv_193,emosurv_free_text_193_N,emosurv_free_text_window_0001636,emosurv_free_text,distracted,emosurv_weakly_supervised_four_class_proxy,Neutral,distracted,True,0.08336262223466168,0.5899477354479388,0.23626354089072804,0.09042610142667158
emosurv,emosurv_193,emosurv_free_text_193_N,emosurv_free_text_window_0001637,emosurv_free_text,distracted,emosurv_weakly_supervised_four_class_proxy,Neutral,distracted,True,0.0793720806564142,0.5937417283792282,0.17410691032939185,0.1527792806349658
emosurv,emosurv_193,emosurv_free_text_193_N,emosurv_free_text_window_0001638,emosurv_free_text,distracted,emosurv_weakly_supervised_four_class_proxy,Neutral,distracted,True,0.08287290469984823,0.6929677465171985,0.1690173138881712,0.05514203489478208
emosurv,emosurv_114,emosurv_free_text_114_N,emosurv_free_text_window_0001639,emosurv_free_text,focused,emosurv_weakly_supervised_four_class_proxy,Neutral,focused,True,0.67039308996913,0.018550789689282376,0.2678652491661338,0.0431908711754538
emosurv,emosurv_114,emosurv_free_text_114_N,emosurv_free_text_window_0001640,emosurv_free_text,focused,emosurv_weakly_supervised_four_class_proxy,Neutral,focused,True,0.6026436685776836,0.003889253394181056,0.31482266890680705,0.07864440912132847
emosurv,emosurv_114,emosurv_free_text_114_N,emosurv_free_text_window_0001641,emosurv_free_text,distracted,emosurv_weakly_supervised_four_class_proxy,Neutral,distracted,True,0.14542353376635447,0.4924738354576553,0.2360277970234507,0.12607483375253958
emosurv,emosurv_114,emosurv_free_text_114_N,emosurv_free_text_window_0001642,emosurv_free_text,focused,emosurv_weakly_supervised_four_class_proxy,Neutral,focused,True,0.5896908252503941,0.04735823107052459,0.3141189777891721,0.04883196588990918
emosurv,emosurv_114,emosurv_free_text_114_N,emosurv_free_text_window_0001643,emosurv_free_text,distracted,emosurv_weakly_supervised_four_class_proxy,Neutral,fatigued,False,0.3748541341928582,0.0969298537949117,0.4221238834881951,0.10609212852403507
emosurv,emosurv_114,emosurv_free_text_114_N,emosurv_free_text_window_0001644,emosurv_free_text,focused,emosurv_weakly_supervised_four_class_proxy,Neutral,focused,True,0.6141758524040137,0.12528006326074717,0.1795565082978259,0.08098757603741329
emosurv,emosurv_114,emosurv_free_text_114_N,emosurv_free_text_window_0001645,emosurv_free_text,focused,emosurv_weakly_supervised_four_class_proxy,Neutral,focused,True,0.7436517886668046,0.01586766537129663,0.17496053814739979,0.06552000781449907
emosurv,emosurv_114,emosurv_free_text_114_N,emosurv_free_text_window_0001646,emosurv_free_text,focused,emosurv_weakly_supervised_four_class_proxy,Neutral,distracted,False,0.16341155796278076,0.3368460974995779,0.22875471974631134,0.27098762479133
emosurv,emosurv_114,emosurv_free_text_114_N,emosurv_free_text_window_0001647,emosurv_free_text,distracted,emosurv_weakly_supervised_four_class_proxy,Neutral,fatigued,False,0.2689392423965485,0.27759407983886286,0.2813062057788322,0.17216047198575646
emosurv,emosurv_114,emosurv_free_text_114_N,emosurv_free_text_window_0001648,emosurv_free_text,distracted,emosurv_weakly_supervised_four_class_proxy,Neutral,distracted,True,0.09698078507531938,0.5856166386090591,0.22239242571996734,0.09501015059565418
emosurv,emosurv_114,emosurv_free_text_114_S,emosurv_free_text_window_0001649,emosurv_free_text,fatigued,emosurv_weakly_supervised_four_class_proxy,Sad,focused,False,0.5668194769582481,0.10621010773086106,0.2544256095552747,0.07254480575561617
emosurv,emosurv_106,emosurv_free_text_106_N,emosurv_free_text_window_0001705,emosurv_free_text,distracted,emosurv_weakly_supervised_four_class_proxy,Neutral,focused,False,0.4053261570429343,0.33235316446459157,0.17685420271684033,0.08546647577563386
emosurv,emosurv_106,emosurv_free_text_106_N,emosurv_free_text_window_0001706,emosurv_free_text,distracted,emosurv_weakly_supervised_four_class_proxy,Neutral,distracted,True,0.1495332638494127,0.5266392467622435,0.2619842686796585,0.06184322070868542
emosurv,emosurv_106,emosurv_free_text_106_N,emosurv_free_text_window_0001707,emosurv_free_text,focused,emosurv_weakly_supervised_four_class_proxy,Neutral,focused,True,0.8042009837210883,0.027567797570373927,0.1280000782618188,0.04023114044671883
emosurv,emosurv_106,emosurv_free_text_106_N,emosurv_free_text_window_0001708,emosurv_free_text,focused,emosurv_weakly_supervised_four_class_proxy,Neutral,focused,True,0.7094762837847056,0.029083950676995155,0.13492715518720402,0.12651261035109507
emosurv,emosurv_106,emosurv_free_text_106_A,emosurv_free_text_window_0001709,emosurv_free_text,overloaded,emosurv_weakly_supervised_four_class_proxy,Angry,focused,False,0.6729467073912916,0.13623841157341565,0.12706535019107382,0.06374953084421897
emosurv,emosurv_106,emosurv_free_text_106_A,emosurv_free_text_window_0001710,emosurv_free_text,overloaded,emosurv_weakly_supervised_four_class_proxy,Angry,distracted,False,0.07845426918318657,0.6700563165093392,0.1528566202512406,0.09863279405623361
emosurv,emosurv_106,emosurv_free_text_106_A,emosurv_free_text_window_0001711,emosurv_free_text,overloaded,emosurv_weakly_supervised_four_class_proxy,Angry,focused,False,0.6367221337559893,0.026207112186255255,0.04186530573536144,0.2952054483223938
emosurv,emosurv_106,emosurv_free_text_106_A,emosurv_free_text_window_0001712,emosurv_free_text,overloaded,emosurv_weakly_supervised_four_class_proxy,Angry,overloaded,True,0.40960352392842636,0.004707562103802117,0.01783203103504611,0.5678568829327254
emosurv,emosurv_106,emosurv_free_text_106_A,emosurv_free_text_window_0001713,emosurv_free_text,overloaded,emosurv_weakly_supervised_four_class_proxy,Angry,focused,False,0.5216364111022739,0.008057283918454068,0.062461623531944836,0.40784468144732733
emosurv,emosurv_106,emosurv_free_text_106_S,emosurv_free_text_window_0001714,emosurv_free_text,fatigued,emosurv_weakly_supervised_four_class_proxy,Sad,focused,False,0.5607682057163471,0.292674557877788,0.11288830194984277,0.033668934456022086
emosurv,emosurv_106,emosurv_free_text_106_S,emosurv_free_text_window_0001715,emosurv_free_text,fatigued,emosurv_weakly_supervised_four_class_proxy,Sad,distracted,False,0.32585574265028594,0.48642145124267216,0.13850031642280827,0.04922248968423361
emosurv,emosurv_106,emosurv_free_text_106_S,emosurv_free_text_window_0001716,emosurv_free_text,fatigued,emosurv_weakly_supervised_four_class_proxy,Sad,fatigued,True,0.35830621177808414,0.00023542354235423543,0.5923002290149099,0.04915813566465186
emosurv,emosurv_106,emosurv_free_text_106_S,emosurv_free_text_window_0001717,emosurv_free_text,fatigued,emosurv_weakly_supervised_four_class_proxy,Sad,focused,False,0.5467982784165466,0.03298022043589792,0.3126750090457689,0.10754649210178667
emosurv,emosurv_77,emosurv_free_text_77_N,emosurv_free_text_window_0001735,emosurv_free_text,focused,emosurv_weakly_supervised_four_class_proxy,Neutral,focused,True,0.5055541671646671,0.2413727782115094,0.16634924692518302,0.08672380769864062
emosurv,emosurv_77,emosurv_free_text_77_N,emosurv_free_text_window_0001736,emosurv_free_text,focused,emosurv_weakly_supervised_four_class_proxy,Neutral,focused,True,0.6344191321611222,0.016586720862121443,0.19293317271299215,0.15606097426376425
emosurv,emosurv_77,emosurv_free_text_77_N,emosurv_free_text_window_0001737,emosurv_free_text,focused,emosurv_weakly_supervised_four_class_proxy,Neutral,focused,True,0.41675825542590095,0.09026226236729853,0.22704334530054196,0.2659361369062587
emosurv,emosurv_77,emosurv_free_text_77_C,emosurv_free_text_window_0001738,emosurv_free_text,focused,emosurv_weakly_supervised_four_class_proxy,Calm,focused,True,0.645318643342537,0.006474268234914757,0.3375965703555139,0.010610518067034393
emosurv,emosurv_77,emosurv_free_text_77_C,emosurv_free_text_window_0001739,emosurv_free_text,focused,emosurv_weakly_supervised_four_class_proxy,Calm,focused,True,0.5733475792739371,0.06521566992755264,0.29767612046710984,0.06376063033140031
emosurv,emosurv_77,emosurv_free_text_77_C,emosurv_free_text_window_0001740,emosurv_free_text,focused,emosurv_weakly_supervised_four_class_proxy,Calm,fatigued,False,0.12028529575331369,0.0,0.8797147042466863,0.0
emosurv,emosurv_35,emosurv_free_text_35_N,emosurv_free_text_window_0001756,emosurv_free_text,distracted,emosurv_weakly_supervised_four_class_proxy,Neutral,distracted,True,0.1608864460417178,0.6190013134889827,0.1524191778788813,0.06769306259041824
emosurv,emosurv_35,emosurv_free_text_35_S,emosurv_free_text_window_0001757,emosurv_free_text,fatigued,emosurv_weakly_supervised_four_class_proxy,Sad,focused,False,0.7279859056304411,0.012378394787277099,0.24335117713435436,0.01628452244792744
emosurv,emosurv_35,emosurv_free_text_35_S,emosurv_free_text_window_0001758,emosurv_free_text,fatigued,emosurv_weakly_supervised_four_class_proxy,Sad,focused,False,0.5049336003257135,0.001306948109058927,0.4825853134367203,0.011174138128507198
emosurv,emosurv_35,emosurv_free_text_35_S,emosurv_free_text_window_0001759,emosurv_free_text,fatigued,emosurv_weakly_supervised_four_class_proxy,Sad,focused,False,0.7923790502275374,0.011245232649373433,0.1093515206957198,0.08702419642736925
emosurv,emosurv_155,emosurv_free_text_155_N,emosurv_free_text_window_0001788,emosurv_free_text,focused,emosurv_weakly_supervised_four_class_proxy,Neutral,focused,True,0.7934897279182039,0.011763543013696781,0.0454175694018926,0.1493291596662067
emosurv,emosurv_155,emosurv_free_text_155_N,emosurv_free_text_window_0001789,emosurv_free_text,focused,emosurv_weakly_supervised_four_class_proxy,Neutral,focused,True,0.6844486746207874,0.10969855015034878,0.13070639179447632,0.07514638343438747
emosurv,emosurv_155,emosurv_free_text_155_A,emosurv_free_text_window_0001790,emosurv_free_text,overloaded,emosurv_weakly_supervised_four_class_proxy,Angry,focused,False,0.5741794721643115,0.034159685422320965,0.021767796445936977,0.36989304596743067
emosurv,emosurv_155,emosurv_free_text_155_A,emosurv_free_text_window_0001791,emosurv_free_text,overloaded,emosurv_weakly_supervised_four_class_proxy,Angry,focused,False,0.790332381729306,0.020949894993407308,0.057652274506807155,0.13106544877047963
emosurv,emosurv_155,emosurv_free_text_155_A,emosurv_free_text_window_0001792,emosurv_free_text,overloaded,emosurv_weakly_supervised_four_class_proxy,Angry,distracted,False,0.35387343714104014,0.48635257394286485,0.05278806401721945,0.10698592489887561
emosurv,emosurv_155,emosurv_free_text_155_A,emosurv_free_text_window_0001793,emosurv_free_text,overloaded,emosurv_weakly_supervised_four_class_proxy,Angry,focused,False,0.7244437212438436,0.006700215275028965,0.027659752030173606,0.24119631145095397
emosurv,emosurv_155,emosurv_free_text_155_S,emosurv_free_text_window_0001794,emosurv_free_text,fatigued,emosurv_weakly_supervised_four_class_proxy,Sad,fatigued,True,0.22768660334962973,0.0019843719303017935,0.7398527177755047,0.030476306944564005
emosurv,emosurv_155,emosurv_free_text_155_S,emosurv_free_text_window_0001795,emosurv_free_text,fatigued,emosurv_weakly_supervised_four_class_proxy,Sad,fatigued,True,0.37204591849554774,0.0055666337245065135,0.5982010353483207,0.02418641243162515
emosurv,emosurv_155,emosurv_free_text_155_S,emosurv_free_text_window_0001796,emosurv_free_text,fatigued,emosurv_weakly_supervised_four_class_proxy,Sad,focused,False,0.772601115652995,0.02086943398030775,0.17712238109897496,0.02940706926772229
emosurv,emosurv_47,emosurv_free_text_47_N,emosurv_free_text_window_0001803,emosurv_free_text,focused,emosurv_weakly_supervised_four_class_proxy,Neutral,focused,True,0.6825399545331331,0.15684373401354004,0.0802206153445588,0.08039569610876808
emosurv,emosurv_47,emosurv_free_text_47_N,emosurv_free_text_window_0001804,emosurv_free_text,focused,emosurv_weakly_supervised_four_class_proxy,Neutral,focused,True,0.6372859961982127,0.10488727318329578,0.0993178682784241,0.15850886234006736
emosurv,emosurv_47,emosurv_free_text_47_N,emosurv_free_text_window_0001805,emosurv_free_text,focused,emosurv_weakly_supervised_four_class_proxy,Neutral,focused,True,0.7219646819376716,0.028771248164738163,0.045078807239274814,0.20418526265831546
emosurv,emosurv_47,emosurv_free_text_47_N,emosurv_free_text_window_0001806,emosurv_free_text,focused,emosurv_weakly_supervised_four_class_proxy,Neutral,overloaded,False,0.41187158918013117,0.0070633994628079575,0.026527355149552956,0.5545376562075078
emosurv,emosurv_47,emosurv_free_text_47_N,emosurv_free_text_window_0001807,emosurv_free_text,focused,emosurv_weakly_supervised_four_class_proxy,Neutral,focused,True,0.8122814198998282,0.05681002577274306,0.03945892629310281,0.09144962803432594
emosurv,emosurv_47,emosurv_free_text_47_N,emosurv_free_text_window_0001808,emosurv_free_text,focused,emosurv_weakly_supervised_four_class_proxy,Neutral,focused,True,0.8514235383880365,0.02364466488156844,0.0483411927697501,0.07659060396064478
emosurv,emosurv_47,emosurv_free_text_47_N,emosurv_free_text_window_0001809,emosurv_free_text,focused,emosurv_weakly_supervised_four_class_proxy,Neutral,focused,True,0.6558279524079049,0.08747252867997997,0.05602519189616732,0.20067432701594773
emosurv,emosurv_47,emosurv_free_text_47_A,emosurv_free_text_window_0001810,emosurv_free_text,overloaded,emosurv_weakly_supervised_four_class_proxy,Angry,focused,False,0.6808498693553691,0.09316760389179558,0.10882329860623208,0.1171592281466033
emosurv,emosurv_47,emosurv_free_text_47_A,emosurv_free_text_window_0001811,emosurv_free_text,overloaded,emosurv_weakly_supervised_four_class_proxy,Angry,focused,False,0.6744269914549,0.0895776258565507,0.09108639545235558,0.14490898723619355
emosurv,emosurv_130,emosurv_free_text_130_A,emosurv_free_text_window_0001814,emosurv_free_text,overloaded,emosurv_weakly_supervised_four_class_proxy,Angry,focused,False,0.6039810239811768,0.10275282810711715,0.06596330081018709,0.2273028471015189
emosurv,emosurv_130,emosurv_free_text_130_A,emosurv_free_text_window_0001815,emosurv_free_text,overloaded,emosurv_weakly_supervised_four_class_proxy,Angry,focused,False,0.6811943678153646,0.010529962701483321,0.0637504780023002,0.2445251914808519
emosurv,emosurv_130,emosurv_free_text_130_A,emosurv_free_text_window_0001816,emosurv_free_text,overloaded,emosurv_weakly_supervised_four_class_proxy,Angry,focused,False,0.5066297574936112,0.0030428229242022336,0.031002570748995796,0.45932484883319075
