label,audio_focused_prob,audio_distracted_prob,audio_fatigued_prob,audio_overloaded_prob,source_modality,image_focused_prob,image_distracted_prob,image_fatigued_prob,image_overloaded_prob,keystroke_focused_prob,keystroke_distracted_prob,keystroke_fatigued_prob,keystroke_overloaded_prob,text_focused_prob,text_distracted_prob,text_fatigued_prob,text_overloaded_prob,has_audio,has_image,has_keystroke,has_text
distracted,0.042691430815174104,0.6005671202044072,0.10256513619051891,0.25417631278990077,audio,,,,,,,,,,,,,1,0,0,0
distracted,0.0276995701814957,0.5439675917150066,0.28678631997764775,0.14154651812585062,audio,,,,,,,,,,,,,1,0,0,0
distracted,0.14356603656107153,0.6418369666112931,0.13332582203099058,0.08127117479664524,audio,,,,,,,,,,,,,1,0,0,0
distracted,0.0006707317073170732,0.6747091104321098,0.10412764847472171,0.2204925093858518,audio,,,,,,,,,,,,,1,0,0,0
distracted,0.011382985067949065,0.7419851299490221,0.14284438837574134,0.10378749660728759,audio,,,,,,,,,,,,,1,0,0,0
distracted,0.015820291382723235,0.6385065747591894,0.17611824043751192,0.16955489342057614,audio,,,,,,,,,,,,,1,0,0,0
distracted,0.04093340916363557,0.8770217575441063,0.046388162371023785,0.03565667092123446,audio,,,,,,,,,,,,,1,0,0,0
distracted,0.05547713415638146,0.8486379654155308,0.057362391945030934,0.038522508483056876,audio,,,,,,,,,,,,,1,0,0,0
distracted,0.044620034280705226,0.7514239679929046,0.10295763548830866,0.10099836223808173,audio,,,,,,,,,,,,,1,0,0,0
distracted,0.0184231869898418,0.6810244919592386,0.09595763060243244,0.20459469044848744,audio,,,,,,,,,,,,,1,0,0,0
distracted,0.013696245522034344,0.528821957143259,0.16459267794466603,0.2928891193900412,audio,,,,,,,,,,,,,1,0,0,0
distracted,0.16161587205140893,0.7361362834400625,0.06395838866011196,0.038289455848417,audio,,,,,,,,,,,,,1,0,0,0
distracted,0.3248116987225881,0.5912421883554602,0.07214273820714324,0.01180337471480891,audio,,,,,,,,,,,,,1,0,0,0
distracted,0.04820968881233973,0.8298149635179796,0.07771866858345249,0.04425667908622823,audio,,,,,,,,,,,,,1,0,0,0
distracted,0.013335620031532136,0.6849389549844762,0.16952435712087494,0.13220106786311672,audio,,,,,,,,,,,,,1,0,0,0
distracted,0.05133437876872301,0.6605880284533303,0.1438777790223266,0.14419981375562035,audio,,,,,,,,,,,,,1,0,0,0
distracted,0.010570783918848362,0.8444308024353837,0.0635000755696367,0.08149833807613119,audio,,,,,,,,,,,,,1,0,0,0
distracted,0.017467995039454218,0.671595633476984,0.15541017093364448,0.1555262005499174,audio,,,,,,,,,,,,,1,0,0,0
distracted,0.01173811020797212,0.7768572103978835,0.14460763276920421,0.06679704662493983,audio,,,,,,,,,,,,,1,0,0,0
distracted,0.06241610316495598,0.8679075988670195,0.061599738047723805,0.008076559920300673,audio,,,,,,,,,,,,,1,0,0,0
distracted,0.015600341410944659,0.36703288295511266,0.16145044682710954,0.4559163288068332,audio,,,,,,,,,,,,,1,0,0,0
distracted,0.014925884667276632,0.45891693543637835,0.2770350578936858,0.2491221220026598,audio,,,,,,,,,,,,,1,0,0,0
distracted,0.04219286443483384,0.809743188945521,0.09884147735408509,0.04922246926556006,audio,,,,,,,,,,,,,1,0,0,0
distracted,0.008763877079137764,0.590665775619385,0.201483012040927,0.199087335260551,audio,,,,,,,,,,,,,1,0,0,0
distracted,0.02038236261646402,0.5310653382017463,0.20058315757034845,0.24796914161144193,audio,,,,,,,,,,,,,1,0,0,0
distracted,0.11226800114324301,0.7004215860380617,0.06316793597136958,0.12414247684732593,audio,,,,,,,,,,,,,1,0,0,0
distracted,0.029947302830692545,0.2187082946536985,0.4574139684794116,0.29393043403619684,audio,,,,,,,,,,,,,1,0,0,0
distracted,0.008710449765048109,0.7268478219878867,0.1330200666870085,0.13142166156005722,audio,,,,,,,,,,,,,1,0,0,0
distracted,0.01918871018298746,0.6786677836262973,0.07685457965494041,0.2252889265357754,audio,,,,,,,,,,,,,1,0,0,0
distracted,0.04705785459844821,0.5716135178970859,0.25398581120477887,0.12734281629968766,audio,,,,,,,,,,,,,1,0,0,0
distracted,0.02258244510703045,0.8028880195258356,0.07889909788301722,0.09563043748411662,audio,,,,,,,,,,,,,1,0,0,0
distracted,0.014765987510998174,0.7596081449640099,0.11261204305207229,0.11301382447291963,audio,,,,,,,,,,,,,1,0,0,0
distracted,0.019242083249495175,0.4953881404411973,0.18182252577604038,0.30354725053326775,audio,,,,,,,,,,,,,1,0,0,0
distracted,0.02109966217550543,0.7505650533593855,0.09542177032872354,0.1329135141363862,audio,,,,,,,,,,,,,1,0,0,0
distracted,0.025388476949175797,0.5207661221599363,0.08771115697747893,0.36613424391340976,audio,,,,,,,,,,,,,1,0,0,0
distracted,0.019205154205477193,0.7965842460546906,0.1184730492295053,0.06573755051032704,audio,,,,,,,,,,,,,1,0,0,0
distracted,0.08807858292602005,0.6213307819844991,0.16604787733889054,0.1245427577505905,audio,,,,,,,,,,,,,1,0,0,0
distracted,0.020709168998815794,0.3230656071818234,0.25118958288058096,0.4050356409387799,audio,,,,,,,,,,,,,1,0,0,0
distracted,0.010931123675334333,0.7424420257557829,0.1479656564274108,0.09866119414147233,audio,,,,,,,,,,,,,1,0,0,0
distracted,0.01721862204598195,0.7315493128285574,0.15214377454035927,0.09908829058510156,audio,,,,,,,,,,,,,1,0,0,0
distracted,0.057262760054027535,0.8638933997328857,0.050490789141291875,0.028353051071795123,audio,,,,,,,,,,,,,1,0,0,0
distracted,0.007211431876874191,0.9185676592059256,0.039458219182832516,0.03476268973436755,audio,,,,,,,,,,,,,1,0,0,0
distracted,0.010493285584090494,0.6964466622464927,0.13453381458797337,0.158526237581444,audio,,,,,,,,,,,,,1,0,0,0
distracted,0.0896335748910015,0.642746172420924,0.2037716849795836,0.06384856770849134,audio,,,,,,,,,,,,,1,0,0,0
distracted,0.08515961323646493,0.8350348426718338,0.04474380277470319,0.03506174131699818,audio,,,,,,,,,,,,,1,0,0,0
distracted,0.016369614492355865,0.6459414365561919,0.2433376016611461,0.09435134729030642,audio,,,,,,,,,,,,,1,0,0,0
distracted,0.013954598175145012,0.6541652899664941,0.046032617940992566,0.285847493917369,audio,,,,,,,,,,,,,1,0,0,0
distracted,0.00301735427102681,0.8182760243919792,0.056433398434002996,0.12227322290299074,audio,,,,,,,,,,,,,1,0,0,0
distracted,0.011497711581866353,0.7210995909627328,0.09705781952618169,0.17034487792921918,audio,,,,,,,,,,,,,1,0,0,0
distracted,0.004034414432258489,0.7577542006402841,0.060802236632833434,0.17740914829462417,audio,,,,,,,,,,,,,1,0,0,0
distracted,0.019362239314346233,0.8883054420617448,0.0631823904260812,0.029149928197827746,audio,,,,,,,,,,,,,1,0,0,0
distracted,0.04359279910239847,0.7389169656248022,0.13361442356196845,0.08387581171083092,audio,,,,,,,,,,,,,1,0,0,0
distracted,0.05469194568422566,0.8263040619942881,0.06041349221690708,0.05859050010457914,audio,,,,,,,,,,,,,1,0,0,0
distracted,0.0765559955443326,0.7329473443143009,0.10979352853524038,0.08070313160612633,audio,,,,,,,,,,,,,1,0,0,0
distracted,0.040965207499435254,0.6942744314760653,0.14134635349037372,0.12341400753412607,audio,,,,,,,,,,,,,1,0,0,0
distracted,0.022285678170748724,0.9393685013077097,0.011703393987752131,0.02664242653378984,audio,,,,,,,,,,,,,1,0,0,0
distracted,0.027090245874553658,0.9528904092211613,0.016245398969857546,0.003773945934427543,audio,,,,,,,,,,,,,1,0,0,0
distracted,0.009022413664503617,0.4812795152362383,0.2553763605100933,0.25432171058916525,audio,,,,,,,,,,,,,1,0,0,0
distracted,0.025912690620841283,0.5195111663167473,0.1682848322240746,0.2862913108383383,audio,,,,,,,,,,,,,1,0,0,0
distracted,0.05292816208377758,0.4391346660740814,0.15174051442331538,0.35619665741882617,audio,,,,,,,,,,,,,1,0,0,0
distracted,0.18096288098215796,0.6927819539365739,0.05504779406183432,0.07120737101943425,audio,,,,,,,,,,,,,1,0,0,0
distracted,0.530947915454923,0.3777185247571494,0.07008990409892109,0.02124365568900601,audio,,,,,,,,,,,,,1,0,0,0
distracted,0.11240181376801814,0.8011831821900859,0.05280187716354074,0.03361312687835539,audio,,,,,,,,,,,,,1,0,0,0
distracted,0.03525251715363466,0.459981190800322,0.3700197987369376,0.13474649330910585,audio,,,,,,,,,,,,,1,0,0,0
distracted,0.04449682484829099,0.7361748955223796,0.05491706750807743,0.16441121212125198,audio,,,,,,,,,,,,,1,0,0,0
distracted,0.012087702875208488,0.6001213535343788,0.10920316199328955,0.27858778159712333,audio,,,,,,,,,,,,,1,0,0,0
distracted,0.024129034778290842,0.5868843259227212,0.21098593489134682,0.17800070440764196,audio,,,,,,,,,,,,,1,0,0,0
distracted,0.02515029478553221,0.6422300847850632,0.14199200606657725,0.19062761436282794,audio,,,,,,,,,,,,,1,0,0,0
distracted,0.020183029958170944,0.8736141764263172,0.05829575976784634,0.047907033847665606,audio,,,,,,,,,,,,,1,0,0,0
distracted,0.02711416402318368,0.6066044606954759,0.15298011613638784,0.21330125914495301,audio,,,,,,,,,,,,,1,0,0,0
distracted,0.014653569973253377,0.7523791084783698,0.12369860091929051,0.1092687206290868,audio,,,,,,,,,,,,,1,0,0,0
distracted,0.022795039729733953,0.37258540490791786,0.27914780686472523,0.3254717484976231,audio,,,,,,,,,,,,,1,0,0,0
distracted,0.03294118008767781,0.7750123155368666,0.13527048015162982,0.05677602422382581,audio,,,,,,,,,,,,,1,0,0,0
distracted,0.038020819835978215,0.7500259221560053,0.1406744514425971,0.07127880656541988,audio,,,,,,,,,,,,,1,0,0,0
distracted,0.04751321954815666,0.3568609462099822,0.35330620690726333,0.24231962733459805,audio,,,,,,,,,,,,,1,0,0,0
distracted,0.001850165489047247,0.6465332849769996,0.2576872914266293,0.09392925810732503,audio,,,,,,,,,,,,,1,0,0,0
distracted,0.02240097411659008,0.8330530836311,0.08053618566998999,0.06400975658232008,audio,,,,,,,,,,,,,1,0,0,0
distracted,0.0031868184616399915,0.9513082211181787,0.027857765776868798,0.017647194643312415,audio,,,,,,,,,,,,,1,0,0,0
fatigued,0.005836454429464628,0.11075483691663734,0.2797980051344951,0.6036107035194029,audio,,,,,,,,,,,,,1,0,0,0
fatigued,0.08151542403826299,0.10485842900683631,0.7319238325842641,0.08170231437063649,audio,,,,,,,,,,,,,1,0,0,0
fatigued,0.14091913684698246,0.07040645406346017,0.714918467447949,0.07375594164160819,audio,,,,,,,,,,,,,1,0,0,0
fatigued,0.5321409833032241,0.053501206022121744,0.3988204123006704,0.015537398373983739,audio,,,,,,,,,,,,,1,0,0,0
fatigued,0.04219469436501771,0.2139177978616496,0.4188058752014406,0.32508163257189177,audio,,,,,,,,,,,,,1,0,0,0
fatigued,0.014611561653626474,0.10465937496520407,0.7002813881815978,0.18044767519957156,audio,,,,,,,,,,,,,1,0,0,0
fatigued,0.07588466013268505,0.1572081088745511,0.548408595372193,0.2184986356205709,audio,,,,,,,,,,,,,1,0,0,0
fatigued,0.0755049897778576,0.14220280215759076,0.4124896746960146,0.3698025333685371,audio,,,,,,,,,,,,,1,0,0,0
fatigued,0.024420772743922084,0.229882628960746,0.5935266444861932,0.15216995380913864,audio,,,,,,,,,,,,,1,0,0,0
fatigued,0.014768949771689497,0.08865874184213043,0.7687726682146668,0.12779964017151318,audio,,,,,,,,,,,,,1,0,0,0
fatigued,0.010457601529322715,0.09860833696893022,0.7024874815293841,0.188446579972363,audio,,,,,,,,,,,,,1,0,0,0
fatigued,0.015419107564347532,0.07064356612619642,0.7452909995248705,0.16864632678458524,audio,,,,,,,,,,,,,1,0,0,0
fatigued,0.03965701480411574,0.06165988250992465,0.6833668702902783,0.21531623239568118,audio,,,,,,,,,,,,,1,0,0,0
fatigued,0.001,0.10197471248251669,0.7647259178760524,0.1322993696414308,audio,,,,,,,,,,,,,1,0,0,0
fatigued,0.01883685626772487,0.2436568308049957,0.2673531789693013,0.47015313395797786,audio,,,,,,,,,,,,,1,0,0,0
fatigued,0.14003190694948595,0.24799909707537574,0.5529730772428474,0.05899591873229033,audio,,,,,,,,,,,,,1,0,0,0
fatigued,0.007847073855305602,0.133947055769035,0.7288721892646635,0.12933368111099572,audio,,,,,,,,,,,,,1,0,0,0
fatigued,0.047292101141194906,0.06822687500942108,0.7721204474354285,0.11236057641395525,audio,,,,,,,,,,,,,1,0,0,0
fatigued,0.0045425076452599395,0.10790409613744063,0.7602595085106141,0.1272938877066853,audio,,,,,,,,,,,,,1,0,0,0
fatigued,0.004482926829268293,0.1441112028621594,0.6947394419031855,0.15666642840538633,audio,,,,,,,,,,,,,1,0,0,0
fatigued,0.011692610296554263,0.07980791719016006,0.8419057952502359,0.06659367726304967,audio,,,,,,,,,,,,,1,0,0,0
fatigued,0.024536891891477668,0.08919631462023254,0.8019467484438875,0.08432004504440221,audio,,,,,,,,,,,,,1,0,0,0
fatigued,0.012337920489296637,0.10329790018042918,0.724319399989352,0.16004477934092215,audio,,,,,,,,,,,,,1,0,0,0
fatigued,0.01790684931506849,0.10089155809372512,0.7578839742574311,0.12331761833377518,audio,,,,,,,,,,,,,1,0,0,0
fatigued,0.010509132420091324,0.1136973617977222,0.6519634332145466,0.22383007256763976,audio,,,,,,,,,,,,,1,0,0,0
fatigued,0.025386453526663168,0.07954965372192206,0.7581762710741666,0.13688762167724797,audio,,,,,,,,,,,,,1,0,0,0
fatigued,0.015593894244814492,0.10145129501634848,0.8055772605183059,0.07737755022053083,audio,,,,,,,,,,,,,1,0,0,0
fatigued,0.013019065382937352,0.10549764649137099,0.7208224979656448,0.16066079016004678,audio,,,,,,,,,,,,,1,0,0,0
fatigued,0.04014386190806258,0.1535945017456924,0.5633724873773304,0.24288914896891436,audio,,,,,,,,,,,,,1,0,0,0
fatigued,0.02021575941767014,0.1234888784645237,0.7253015138980387,0.13099384821976742,audio,,,,,,,,,,,,,1,0,0,0
fatigued,0.005380407188638935,0.06510980905897198,0.7089148879405421,0.22059489581184694,audio,,,,,,,,,,,,,1,0,0,0
fatigued,0.0073859974023459595,0.13251184868136723,0.6361359510566921,0.22396620285959454,audio,,,,,,,,,,,,,1,0,0,0
fatigued,0.008797732527783994,0.14871889322621543,0.6357112508144623,0.20677212343153817,audio,,,,,,,,,,,,,1,0,0,0
fatigued,0.07736160233627709,0.11812711625083751,0.6939242449782781,0.11058703643460725,audio,,,,,,,,,,,,,1,0,0,0
fatigued,0.38363169759123406,0.1641978511757739,0.30984511550391886,0.14232533572907277,audio,,,,,,,,,,,,,1,0,0,0
fatigued,0.018785593237071064,0.061495715156650636,0.7795993241136961,0.14011936749258214,audio,,,,,,,,,,,,,1,0,0,0
fatigued,0.008413740521972269,0.07171775953687812,0.7082920738953479,0.21157642604580162,audio,,,,,,,,,,,,,1,0,0,0
fatigued,0.006,0.11497227807608795,0.7301506585031697,0.14887706342074247,audio,,,,,,,,,,,,,1,0,0,0
fatigued,0.019112696291346477,0.17202671546092207,0.6320874959513068,0.17677309229642443,audio,,,,,,,,,,,,,1,0,0,0
fatigued,0.06460495259796278,0.046877893717519305,0.7282992671356453,0.16021788654887245,audio,,,,,,,,,,,,,1,0,0,0
fatigued,0.23844870520771497,0.15756054718262116,0.42834252405192297,0.17564822355774085,audio,,,,,,,,,,,,,1,0,0,0
fatigued,0.01707584097859327,0.11403811879666527,0.6772676199029484,0.19161842032179321,audio,,,,,,,,,,,,,1,0,0,0
fatigued,0.027609884268109817,0.1258705510409882,0.7755433036854666,0.0709762610054356,audio,,,,,,,,,,,,,1,0,0,0
fatigued,0.09930543560193984,0.18657301961164185,0.646736344236021,0.06738520055039672,audio,,,,,,,,,,,,,1,0,0,0
fatigued,0.012377237422806097,0.14513953438593521,0.7064147090717727,0.13606851911948561,audio,,,,,,,,,,,,,1,0,0,0
fatigued,0.012591864605588369,0.10338665574307933,0.6775593458420578,0.2064621338092745,audio,,,,,,,,,,,,,1,0,0,0
fatigued,0.03419364654121594,0.05212956155258009,0.7023817197488649,0.21129507215733886,audio,,,,,,,,,,,,,1,0,0,0
fatigued,0.07825237245724223,0.11166315911955782,0.6164109730819796,0.1936734953412203,audio,,,,,,,,,,,,,1,0,0,0
fatigued,0.01135470276721116,0.06932792463554868,0.7676299330536326,0.15168743954360744,audio,,,,,,,,,,,,,1,0,0,0
fatigued,0.030573769466474367,0.2175614631024114,0.5756019768680256,0.17626279056308827,audio,,,,,,,,,,,,,1,0,0,0
fatigued,0.019543256613285997,0.11164290725118356,0.7606778836475839,0.10813595248794623,audio,,,,,,,,,,,,,1,0,0,0
fatigued,0.38772349514244875,0.05415414364789915,0.5070913286501988,0.05103103255945303,audio,,,,,,,,,,,,,1,0,0,0
fatigued,0.29317818801471496,0.06163152935498734,0.515580618714486,0.1296096639158116,audio,,,,,,,,,,,,,1,0,0,0
fatigued,0.05860132162751373,0.14025433004211413,0.6610822584827868,0.1400620898475855,audio,,,,,,,,,,,,,1,0,0,0
fatigued,0.01354212454212454,0.10002581863524783,0.7343112867770236,0.15212077004560398,audio,,,,,,,,,,,,,1,0,0,0
fatigued,0.17338756947737616,0.15668509470218064,0.6285084892092228,0.041418846611220556,audio,,,,,,,,,,,,,1,0,0,0
fatigued,0.01853661418298907,0.06423180827618247,0.7427468491501436,0.1744847283906847,audio,,,,,,,,,,,,,1,0,0,0
fatigued,0.07036290251352921,0.1324740717702305,0.43346743206290894,0.36369559365333104,audio,,,,,,,,,,,,,1,0,0,0
fatigued,0.03974095773278987,0.2023789028701318,0.43458898610200286,0.3232911532950752,audio,,,,,,,,,,,,,1,0,0,0
fatigued,0.017448892369657642,0.11107149336715369,0.48179420974746806,0.3896854045157204,audio,,,,,,,,,,,,,1,0,0,0
fatigued,0.013797690635948713,0.06607102130247415,0.8533721611676335,0.06675912689394355,audio,,,,,,,,,,,,,1,0,0,0
fatigued,0.003341513292433538,0.09126751351415122,0.777675558089839,0.12771541510357579,audio,,,,,,,,,,,,,1,0,0,0
fatigued,0.01600966377082944,0.14744908992027256,0.4992081604530877,0.33733308585581007,audio,,,,,,,,,,,,,1,0,0,0
fatigued,0.02177657337048424,0.1571997329115076,0.7391764542868071,0.08184723943120084,audio,,,,,,,,,,,,,1,0,0,0
fatigued,0.014633286161443312,0.18273233111123982,0.5141325347417092,0.28850184798560735,audio,,,,,,,,,,,,,1,0,0,0
fatigued,0.006171253822629969,0.061625627822472474,0.7696996550537079,0.16250346330118956,audio,,,,,,,,,,,,,1,0,0,0
fatigued,0.010317826508540314,0.07656791617722059,0.8119310532466175,0.10118320406762141,audio,,,,,,,,,,,,,1,0,0,0
fatigued,0.01893376470576251,0.12792658914451308,0.7483335718801875,0.1048060742695366,audio,,,,,,,,,,,,,1,0,0,0
fatigued,0.023594780848072597,0.07155458533406901,0.6528373780994632,0.25201325571839495,audio,,,,,,,,,,,,,1,0,0,0
fatigued,0.029661322970393658,0.19327360299350793,0.7049573850414431,0.07210768899465463,audio,,,,,,,,,,,,,1,0,0,0
fatigued,0.03965701480411574,0.06165988250992465,0.6833668702902783,0.21531623239568118,audio,,,,,,,,,,,,,1,0,0,0
fatigued,0.008171253822629971,0.06719690634523452,0.7560692327616833,0.1685626070704522,audio,,,,,,,,,,,,,1,0,0,0
fatigued,0.07616091408333013,0.1382987589911101,0.3601299127882543,0.42541041413730524,audio,,,,,,,,,,,,,1,0,0,0
fatigued,0.011641463414634146,0.1355607196795375,0.7548415421508483,0.09795627475497967,audio,,,,,,,,,,,,,1,0,0,0
fatigued,0.0044,0.08804365744456424,0.8136224549075852,0.0939338876478503,audio,,,,,,,,,,,,,1,0,0,0
fatigued,0.02347075047480552,0.07248326410621929,0.7343106807311962,0.16973530468777873,audio,,,,,,,,,,,,,1,0,0,0
fatigued,0.041004446939419834,0.2025636293696966,0.3451069687731722,0.41132495491771104,audio,,,,,,,,,,,,,1,0,0,0
fatigued,0.042414009192821754,0.25280003138132345,0.5650289315835486,0.1397570278423055,audio,,,,,,,,,,,,,1,0,0,0
focused,0.9653733270271402,0.021391056534503818,0.008235616438356163,0.005,audio,,,,,,,,,,,,,1,0,0,0
focused,0.982783971059894,0.004307898858805102,0.008408130081300813,0.0045,audio,,,,,,,,,,,,,1,0,0,0
focused,0.981037621918313,0.008120914667052769,0.009008130081300813,0.0018333333333333335,audio,,,,,,,,,,,,,1,0,0,0
focused,0.9791426153372764,0.012449254581422852,0.006737398373983741,0.0016707317073170734,audio,,,,,,,,,,,,,1,0,0,0
focused,0.9740297252734548,0.016059861540221466,0.00857707985299031,0.0013333333333333335,audio,,,,,,,,,,,,,1,0,0,0
focused,0.9436273657420293,0.02184312828013917,0.01941727333382756,0.015112232644003952,audio,,,,,,,,,,,,,1,0,0,0
focused,0.9836848957305008,0.007148437602832585,0.007333333333333334,0.0018333333333333335,audio,,,,,,,,,,,,,1,0,0,0
focused,0.9546733015474119,0.019025806102601805,0.02180089234998611,0.0045,audio,,,,,,,,,,,,,1,0,0,0
focused,0.9627331390656275,0.02403124449601646,0.009235616438356164,0.004,audio,,,,,,,,,,,,,1,0,0,0
focused,0.9657066603604734,0.021391056534503818,0.007902283105022832,0.005,audio,,,,,,,,,,,,,1,0,0,0
focused,0.9802094055344224,0.00995726113224435,0.009333333333333334,0.0005,audio,,,,,,,,,,,,,1,0,0,0
focused,0.9112799084394658,0.033260273059393795,0.03551425252380294,0.01994556597733729,audio,,,,,,,,,,,,,1,0,0,0
focused,0.9815325315808887,0.008592010543653232,0.006208791208791209,0.003666666666666667,audio,,,,,,,,,,,,,1,0,0,0
focused,0.7045132900691297,0.06379813788876364,0.1454088781059986,0.08627969393610765,audio,,,,,,,,,,,,,1,0,0,0
focused,0.9016296569196391,0.04016420058649419,0.04635485473434124,0.011851287759525191,audio,,,,,,,,,,,,,1,0,0,0
focused,0.9423067302600995,0.028601137774971343,0.024216290986335782,0.004875840978593273,audio,,,,,,,,,,,,,1,0,0,0
focused,0.530947915454923,0.3777185247571494,0.07008990409892109,0.02124365568900601,audio,,,,,,,,,,,,,1,0,0,0
focused,0.9616400209057538,0.028366662389627668,0.007175318863280377,0.0028179978413383697,audio,,,,,,,,,,,,,1,0,0,0
focused,0.9543570788209625,0.01988415337117575,0.022058767807861566,0.0037,audio,,,,,,,,,,,,,1,0,0,0
focused,0.9993181818181818,0.0,0.0006818181818181818,0.0,audio,,,,,,,,,,,,,1,0,0,0
focused,0.9264368195345579,0.01702751946239747,0.04359087025276197,0.012944790750282771,audio,,,,,,,,,,,,,1,0,0,0
focused,0.8316350841913025,0.06736132269609582,0.07587285472302596,0.025130738389575677,audio,,,,,,,,,,,,,1,0,0,0
focused,0.9127253733833645,0.026555774692303826,0.05388551859099805,0.006833333333333333,audio,,,,,,,,,,,,,1,0,0,0
focused,0.3993753886440645,0.2527619060275189,0.2662518056653588,0.08161089966305753,audio,,,,,,,,,,,,,1,0,0,0
focused,0.566155254084364,0.1765339561942933,0.18330474906741465,0.07400604065392766,audio,,,,,,,,,,,,,1,0,0,0
focused,0.9356624358892243,0.02550646718669344,0.03549776359074865,0.0033333333333333335,audio,,,,,,,,,,,,,1,0,0,0
focused,0.6577239728869371,0.21623803450749118,0.09733520014254042,0.028702792463031188,audio,,,,,,,,,,,,,1,0,0,0
focused,0.4560001248103717,0.25141334374764646,0.22139542180166005,0.07119110964032162,audio,,,,,,,,,,,,,1,0,0,0
focused,0.6974731382273494,0.10238433214086055,0.13320333687139946,0.06693919276039025,audio,,,,,,,,,,,,,1,0,0,0
focused,0.8670093195667217,0.04944937212126268,0.05967225084830966,0.0238690574637059,audio,,,,,,,,,,,,,1,0,0,0
focused,0.8670093195667217,0.04944937212126268,0.05967225084830966,0.0238690574637059,audio,,,,,,,,,,,,,1,0,0,0
focused,0.48505479321040335,0.09216401294237489,0.2150918509349193,0.2076893429123024,audio,,,,,,,,,,,,,1,0,0,0
focused,0.7264413689306108,0.11021358622279094,0.10333156967204221,0.06001347517455607,audio,,,,,,,,,,,,,1,0,0,0
focused,0.8794416086694293,0.03927131915093851,0.049081425160236274,0.032205647019395926,audio,,,,,,,,,,,,,1,0,0,0
focused,0.8226626923621093,0.027911203285295224,0.09651186584325577,0.05291423850933962,audio,,,,,,,,,,,,,1,0,0,0
focused,0.326701669881952,0.18054244862982263,0.2109667388686863,0.28178914261953875,audio,,,,,,,,,,,,,1,0,0,0
focused,0.8989754367156975,0.0396099423530352,0.04035396506220938,0.021060655869057768,audio,,,,,,,,,,,,,1,0,0,0
focused,0.6978378722267484,0.09873074262302052,0.16951434109770874,0.033917044052522057,audio,,,,,,,,,,,,,1,0,0,0
focused,0.8310031481598922,0.0766991068615449,0.07899367993791251,0.013304065040650407,audio,,,,,,,,,,,,,1,0,0,0
focused,0.8952498749419062,0.037376087716658436,0.05486997230078467,0.012504065040650408,audio,,,,,,,,,,,,,1,0,0,0
focused,0.7722117264990779,0.057229696489212015,0.13190991947433026,0.03864865753737996,audio,,,,,,,,,,,,,1,0,0,0
focused,0.9413441626933405,0.03323749186483401,0.023418345441825302,0.002,audio,,,,,,,,,,,,,1,0,0,0
focused,0.9502894276976845,0.011963302752293578,0.03208060288335517,0.005666666666666667,audio,,,,,,,,,,,,,1,0,0,0
focused,0.9011022003912184,0.0434304438965972,0.04945853218277245,0.006008823529411764,audio,,,,,,,,,,,,,1,0,0,0
focused,0.9350089816662616,0.01731399912605864,0.03810152901160124,0.009575490196078432,audio,,,,,,,,,,,,,1,0,0,0
focused,0.6081176973416857,0.07980547691398396,0.152769167018761,0.15930765872556915,audio,,,,,,,,,,,,,1,0,0,0
focused,0.8541738912467314,0.06584422412524207,0.04981746419808318,0.030164420429943196,audio,,,,,,,,,,,,,1,0,0,0
focused,0.6691368706941766,0.051908045417375336,0.12450787623132215,0.15444720765712605,audio,,,,,,,,,,,,,1,0,0,0
focused,0.9993181818181818,0.0,0.0006818181818181818,0.0,audio,,,,,,,,,,,,,1,0,0,0
focused,0.9613601932704464,0.025963965750960195,0.009333333333333334,0.0033425076452599386,audio,,,,,,,,,,,,,1,0,0,0
focused,0.9698206195681889,0.007924547437652942,0.01725076795350768,0.005004065040650406,audio,,,,,,,,,,,,,1,0,0,0
focused,0.9986515151515152,0.0,0.0013484848484848486,0.0,audio,,,,,,,,,,,,,1,0,0,0
focused,0.9698206195681889,0.007924547437652942,0.01725076795350768,0.005004065040650406,audio,,,,,,,,,,,,,1,0,0,0
focused,0.9986515151515152,0.0,0.0013484848484848486,0.0,audio,,,,,,,,,,,,,1,0,0,0
focused,0.9819014330229372,0.00975605933180277,0.004,0.004342507645259939,audio,,,,,,,,,,,,,1,0,0,0
focused,0.9986515151515152,0.0,0.0013484848484848486,0.0,audio,,,,,,,,,,,,,1,0,0,0
focused,0.9918425076452598,0.0029908256880733946,0.0028333333333333335,0.0023333333333333335,audio,,,,,,,,,,,,,1,0,0,0
focused,0.9986515151515152,0.0,0.0013484848484848486,0.0,audio,,,,,,,,,,,,,1,0,0,0
focused,0.9993181818181818,0.0,0.0006818181818181818,0.0,audio,,,,,,,,,,,,,1,0,0,0
focused,0.7128521850388283,0.062179288055981566,0.15603038754914458,0.06893813935604572,audio,,,,,,,,,,,,,1,0,0,0
focused,0.9983181818181818,0.0,0.001681818181818182,0.0,audio,,,,,,,,,,,,,1,0,0,0
focused,0.9986515151515152,0.0,0.0013484848484848486,0.0,audio,,,,,,,,,,,,,1,0,0,0
focused,0.9983181818181818,0.0,0.001681818181818182,0.0,audio,,,,,,,,,,,,,1,0,0,0
focused,0.8369712593845867,0.06265700438212138,0.05048637675828574,0.04988535947500626,audio,,,,,,,,,,,,,1,0,0,0
focused,0.9866366972477064,0.006954128440366973,0.003009174311926605,0.0034,audio,,,,,,,,,,,,,1,0,0,0
focused,0.9866366972477064,0.006954128440366973,0.003009174311926605,0.0034,audio,,,,,,,,,,,,,1,0,0,0
focused,0.7451351300906687,0.056592485507858434,0.12770687120362414,0.07056551319784848,audio,,,,,,,,,,,,,1,0,0,0
focused,0.530947915454923,0.3777185247571494,0.07008990409892109,0.02124365568900601,audio,,,,,,,,,,,,,1,0,0,0
focused,0.38804940853096304,0.09950969037365567,0.3305162258952898,0.18192467520009123,audio,,,,,,,,,,,,,1,0,0,0
focused,0.9808470948012232,0.006972477064220184,0.01084709480122324,0.0013333333333333335,audio,,,,,,,,,,,,,1,0,0,0
focused,0.855705846729814,0.02863454375975101,0.08692151427233943,0.02873809523809523,audio,,,,,,,,,,,,,1,0,0,0
focused,0.8916205212694465,0.05761627511459746,0.03175879120879121,0.0190044124071647,audio,,,,,,,,,,,,,1,0,0,0
focused,0.6596461902058638,0.08821694357493881,0.19881640923911983,0.05332045698007744,audio,,,,,,,,,,,,,1,0,0,0
focused,0.7056146816492022,0.07241130923116472,0.17207858064278944,0.04989542847684352,audio,,,,,,,,,,,,,1,0,0,0
focused,0.8283027020035135,0.08066279877809221,0.08135637513477789,0.009678124083616103,audio,,,,,,,,,,,,,1,0,0,0
focused,0.32435055224210096,0.2697909467441698,0.21706081026713916,0.18879769074659003,audio,,,,,,,,,,,,,1,0,0,0
focused,0.8899910221919112,0.04048461516961143,0.06635769597181068,0.003166666666666667,audio,,,,,,,,,,,,,1,0,0,0
overloaded,0.029991466290212022,0.2620540158069074,0.1331794889631866,0.5747750289396938,audio,,,,,,,,,,,,,1,0,0,0
overloaded,0.007892182066898743,0.1295847615086773,0.09535681747572954,0.7671662389486946,audio,,,,,,,,,,,,,1,0,0,0
overloaded,0.027416060205719572,0.11422151798992164,0.10437530249306964,0.753987119311289,audio,,,,,,,,,,,,,1,0,0,0
overloaded,0.026677492087652008,0.2102828217877249,0.08775588839647148,0.6752837977281514,audio,,,,,,,,,,,,,1,0,0,0
overloaded,0.0013333333333333335,0.1729369063331439,0.26431339098330325,0.5614163693502194,audio,,,,,,,,,,,,,1,0,0,0
overloaded,0.026093284383998192,0.15294638539686864,0.14545352859625132,0.6755068016228818,audio,,,,,,,,,,,,,1,0,0,0
overloaded,0.01231348375940131,0.12940364661549808,0.28439877131391783,0.5738840983111826,audio,,,,,,,,,,,,,1,0,0,0
overloaded,0.00797123287671233,0.11379730494428056,0.22948751193944308,0.6487439502395641,audio,,,,,,,,,,,,,1,0,0,0
overloaded,0.0022666666666666664,0.17555697977392073,0.2300870396151127,0.5920893139442999,audio,,,,,,,,,,,,,1,0,0,0
overloaded,0.02639761421928918,0.09948473028409055,0.09046626709369092,0.783651388402929,audio,,,,,,,,,,,,,1,0,0,0
overloaded,0.01792647870515402,0.20908964435503777,0.23351122205870337,0.5394726548811045,audio,,,,,,,,,,,,,1,0,0,0
overloaded,0.012505891540966556,0.4374403731439484,0.2712281786729323,0.2788255566421533,audio,,,,,,,,,,,,,1,0,0,0
overloaded,0.03709915048996331,0.11946746226674275,0.11422694257973019,0.7292064446635639,audio,,,,,,,,,,,,,1,0,0,0
overloaded,0.01929292808872799,0.10371112709126065,0.2518623860254536,0.6251335587945579,audio,,,,,,,,,,,,,1,0,0,0
overloaded,0.02054072068609645,0.0799500312986047,0.20355532151143607,0.6959539265038623,audio,,,,,,,,,,,,,1,0,0,0
overloaded,0.13560342931571373,0.40364323985419887,0.22533623403163802,0.2354170967984501,audio,,,,,,,,,,,,,1,0,0,0
overloaded,0.0020045871559633026,0.1096257319074715,0.07898377857085222,0.8093859023657133,audio,,,,,,,,,,,,,1,0,0,0
overloaded,0.01331376146788991,0.10919647543305257,0.10139036698298706,0.7760993961160707,audio,,,,,,,,,,,,,1,0,0,0
overloaded,0.007866666666666668,0.07709561536670367,0.10772161325531161,0.8073161047113179,audio,,,,,,,,,,,,,1,0,0,0
overloaded,0.16411484153789063,0.07635174151824664,0.18381917021685495,0.5757142467270074,audio,,,,,,,,,,,,,1,0,0,0
overloaded,0.0070045871559633035,0.04782894299884312,0.1782219298736557,0.7669445399715379,audio,,,,,,,,,,,,,1,0,0,0
overloaded,0.00737125382262997,0.04425567837427566,0.21975917916908452,0.7286138886340099,audio,,,,,,,,,,,,,1,0,0,0
overloaded,0.009635687638271221,0.20878132210486341,0.11291163711361014,0.6686713531432552,audio,,,,,,,,,,,,,1,0,0,0
overloaded,0.007892182066898743,0.1295847615086773,0.09535681747572954,0.7671662389486946,audio,,,,,,,,,,,,,1,0,0,0
overloaded,0.0026707317073170734,0.19656044811951975,0.09090504597324231,0.7098637741999204,audio,,,,,,,,,,,,,1,0,0,0
overloaded,0.005180428134556575,0.04464188741026268,0.26700052165100785,0.683177162804173,audio,,,,,,,,,,,,,1,0,0,0
overloaded,0.0028465726859103454,0.07944805571271545,0.05368524636646812,0.8640201252349062,audio,,,,,,,,,,,,,1,0,0,0
overloaded,0.017695463252343988,0.08794486171912988,0.18444922470547767,0.7099104503230484,audio,,,,,,,,,,,,,1,0,0,0
overloaded,0.22440682206632231,0.07065271832724195,0.14494876071918214,0.5599916988872533,audio,,,,,,,,,,,,,1,0,0,0
overloaded,0.008248347061318332,0.07103531655022335,0.18754910283546958,0.7331672335529889,audio,,,,,,,,,,,,,1,0,0,0
overloaded,0.0065091743119266065,0.1481806310220159,0.3143720161118453,0.5309381785542119,audio,,,,,,,,,,,,,1,0,0,0
overloaded,0.013800158000418866,0.31794844626558105,0.13577899558756334,0.5324724001464365,audio,,,,,,,,,,,,,1,0,0,0
overloaded,0.00317357910906298,0.23014564638745924,0.23147274950300278,0.5352080250004749,audio,,,,,,,,,,,,,1,0,0,0
overloaded,0.0036121951219512194,0.052681185615842036,0.15599158597491486,0.7877150332872918,audio,,,,,,,,,,,,,1,0,0,0
overloaded,0.03455750798754688,0.04195421975364289,0.21610248911943503,0.7073857831393753,audio,,,,,,,,,,,,,1,0,0,0
overloaded,0.0039,0.11325717817263821,0.10683143959267083,0.7760113822346908,audio,,,,,,,,,,,,,1,0,0,0
overloaded,0.012166654956174245,0.15121576379763332,0.10965275393812482,0.7269648273080673,audio,,,,,,,,,,,,,1,0,0,0
overloaded,0.0046712328767123295,0.08867736611950523,0.042000547080151024,0.8646508539236313,audio,,,,,,,,,,,,,1,0,0,0
overloaded,0.3596177918369556,0.22158996357162733,0.3083092122589479,0.11048303233246877,audio,,,,,,,,,,,,,1,0,0,0
overloaded,0.06459775433371519,0.2912546831770283,0.40537160533896155,0.23877595715029482,audio,,,,,,,,,,,,,1,0,0,0
overloaded,0.03161335293283247,0.24420021341198794,0.548812013727305,0.17537441992787423,audio,,,,,,,,,,,,,1,0,0,0
overloaded,0.021666674739253905,0.18334343449471976,0.3649100183915463,0.4300798723744795,audio,,,,,,,,,,,,,1,0,0,0
overloaded,0.041672231825061745,0.2073051252586093,0.08055448840223499,0.6704681545140938,audio,,,,,,,,,,,,,1,0,0,0
overloaded,0.002,0.10634593088073405,0.037352520584548146,0.8543015485347176,audio,,,,,,,,,,,,,1,0,0,0
overloaded,0.016561712040374793,0.09471873918813538,0.17162280094316607,0.7170967478283238,audio,,,,,,,,,,,,,1,0,0,0
overloaded,0.05730869144819147,0.09848778826019447,0.129546475210179,0.7146570450814347,audio,,,,,,,,,,,,,1,0,0,0
overloaded,0.1030960107896518,0.09923537516760723,0.1258117894563239,0.6718568245864166,audio,,,,,,,,,,,,,1,0,0,0
overloaded,0.03256046866639686,0.1751937986729147,0.4026399154173206,0.3896058172433674,audio,,,,,,,,,,,,,1,0,0,0
overloaded,0.006445528455284554,0.21235640901606795,0.12020110455286953,0.6609969579757775,audio,,,,,,,,,,,,,1,0,0,0
overloaded,0.05095131465835257,0.1979038965239232,0.30360519694027344,0.4475395918774504,audio,,,,,,,,,,,,,1,0,0,0
overloaded,0.009,0.08359094724558734,0.14811324828263844,0.7592958044717744,audio,,,,,,,,,,,,,1,0,0,0
overloaded,0.007972527472527472,0.08503502205937094,0.13249299585243884,0.7744994546156627,audio,,,,,,,,,,,,,1,0,0,0
overloaded,0.04175219904896352,0.12708666174462838,0.11094514616723099,0.7202159930391768,audio,,,,,,,,,,,,,1,0,0,0
overloaded,0.02034479075028277,0.046613046088999924,0.15541429390289876,0.7776278692578183,audio,,,,,,,,,,,,,1,0,0,0
overloaded,0.06660857780533394,0.28809156244368966,0.21940541072892095,0.4258944490220553,audio,,,,,,,,,,,,,1,0,0,0
overloaded,0.00916633151695865,0.11483110697775305,0.1345818148847541,0.741420746620534,audio,,,,,,,,,,,,,1,0,0,0
overloaded,0.2422163079971021,0.19231748793985448,0.29917295435599484,0.26629324970704865,audio,,,,,,,,,,,,,1,0,0,0
overloaded,0.1506138569754556,0.0690399934537136,0.1859304458980813,0.5944157036727491,audio,,,,,,,,,,,,,1,0,0,0
overloaded,0.0026712538226299695,0.1197083109616733,0.09587401450389035,0.7817464207118064,audio,,,,,,,,,,,,,1,0,0,0
overloaded,0.04858043663647581,0.20467109911402262,0.3426798688945123,0.404068595354989,audio,,,,,,,,,,,,,1,0,0,0
overloaded,0.05090084806987147,0.2326401006421237,0.11352118538174014,0.6029378659062643,audio,,,,,,,,,,,,,1,0,0,0
overloaded,0.05090084806987147,0.2326401006421237,0.11352118538174014,0.6029378659062643,audio,,,,,,,,,,,,,1,0,0,0
overloaded,0.011009174311926604,0.08608331872750384,0.2980503513369466,0.6048571556236227,audio,,,,,,,,,,,,,1,0,0,0
overloaded,0.01083968147900657,0.1898875284182773,0.1430302770308672,0.6562425130718489,audio,,,,,,,,,,,,,1,0,0,0
overloaded,0.030048578082444582,0.19902995693092776,0.12119776110213862,0.6497237038844885,audio,,,,,,,,,,,,,1,0,0,0
overloaded,0.04071125242403027,0.1397842572282025,0.1745034417673267,0.6450010485804399,audio,,,,,,,,,,,,,1,0,0,0
overloaded,0.01691210377678031,0.16652796249249,0.08312046278696886,0.7334394709437605,audio,,,,,,,,,,,,,1,0,0,0
overloaded,0.009520375081051425,0.15990582024459815,0.12707259493919038,0.7035012097351597,audio,,,,,,,,,,,,,1,0,0,0
overloaded,0.0023414634146341467,0.14644304414167347,0.09627719722270896,0.754938295220983,audio,,,,,,,,,,,,,1,0,0,0
overloaded,0.01436501319069393,0.28425127615954443,0.06556886864694735,0.6358148420028132,audio,,,,,,,,,,,,,1,0,0,0
overloaded,0.006845578333083944,0.06169920958093112,0.033063182346109166,0.8983920297398759,audio,,,,,,,,,,,,,1,0,0,0
overloaded,0.01318853726993975,0.09251052550438246,0.04345418407603437,0.8508467531496435,audio,,,,,,,,,,,,,1,0,0,0
overloaded,0.008160126559880746,0.07538851789007114,0.07527957802138817,0.8411717775286595,audio,,,,,,,,,,,,,1,0,0,0
overloaded,0.005346100448396841,0.11462172739747437,0.1032036226417246,0.7768285495124041,audio,,,,,,,,,,,,,1,0,0,0
overloaded,0.005013761467889908,0.12525988212760453,0.559095701966143,0.3106306544383623,audio,,,,,,,,,,,,,1,0,0,0
overloaded,0.005740182648401826,0.07744674726361982,0.05174746775978141,0.8650656023281968,audio,,,,,,,,,,,,,1,0,0,0
overloaded,0.0056053903715713015,0.11468238019598972,0.07709372331837186,0.8026185061140668,audio,,,,,,,,,,,,,1,0,0,0
overloaded,0.007333333333333335,0.06712532126073208,0.14462159294490293,0.7809197524610313,audio,,,,,,,,,,,,,1,0,0,0
distracted,,,,,image,0.009211168185048782,0.9824767695118777,0.008312062303073539,0.0,,,,,,,,,0,1,0,0
distracted,,,,,image,0.07726395349804421,0.7873318386115717,0.07721188506645411,0.05819232282393001,,,,,,,,,0,1,0,0
distracted,,,,,image,0.22121025165344144,0.659381990437253,0.08665429261422022,0.032753465295085576,,,,,,,,,0,1,0,0
distracted,,,,,image,0.15850622763160688,0.29616138950979026,0.3462279362548793,0.19910444660372356,,,,,,,,,0,1,0,0
distracted,,,,,image,0.3995138587738891,0.47579647177558915,0.10640320674187374,0.018286462708647633,,,,,,,,,0,1,0,0
distracted,,,,,image,0.014795490461801423,0.9729909948166098,0.010123951503198033,0.0020895632183908046,,,,,,,,,0,1,0,0
distracted,,,,,image,0.011881556503198295,0.9737422656167483,0.013160177880053685,0.001216,,,,,,,,,0,1,0,0
distracted,,,,,image,0.018803569685678242,0.9635815274091599,0.014060083885910821,0.0035548190192509787,,,,,,,,,0,1,0,0
distracted,,,,,image,0.01741778460582049,0.9694261411206525,0.009601255254276018,0.0035548190192509787,,,,,,,,,0,1,0,0
distracted,,,,,image,0.08551134494500084,0.8647347880251798,0.03992806253036006,0.009825804499459672,,,,,,,,,0,1,0,0
distracted,,,,,image,0.022960690904769307,0.9649648262729688,0.011200919603871139,0.0008735632183908046,,,,,,,,,0,1,0,0
distracted,,,,,image,0.052996427587735144,0.9156407852183664,0.02370913879620187,0.007653648397696474,,,,,,,,,0,1,0,0
distracted,,,,,image,0.09517134368149256,0.853010475029108,0.041267103668059135,0.010551077621340483,,,,,,,,,0,1,0,0
distracted,,,,,image,0.007631127733696856,0.9803608922518827,0.012007980014420373,0.0,,,,,,,,,0,1,0,0
distracted,,,,,image,0.019579301643439892,0.9537460389973811,0.024668352777956416,0.002006306581222663,,,,,,,,,0,1,0,0
distracted,,,,,image,0.02843612258285485,0.8243971636655392,0.0962001486935771,0.050966565058029094,,,,,,,,,0,1,0,0
distracted,,,,,image,0.25213890336250644,0.6562917352994387,0.0830332215483227,0.0085361397897328,,,,,,,,,0,1,0,0
distracted,,,,,image,0.1860801829109039,0.6534122849491248,0.14566297332477485,0.014844558815196545,,,,,,,,,0,1,0,0
distracted,,,,,image,0.20245372432974107,0.7252727593956201,0.05546500351956703,0.016808512755072585,,,,,,,,,0,1,0,0
distracted,,,,,image,0.008725472947711239,0.9764539731194122,0.010820553932876646,0.004,,,,,,,,,0,1,0,0
distracted,,,,,image,0.09631469911877302,0.8321481023179224,0.04239536475907426,0.02914183380423047,,,,,,,,,0,1,0,0
distracted,,,,,image,0.31996704319304,0.17875218733262718,0.2252251181708227,0.27605565130351006,,,,,,,,,0,1,0,0
distracted,,,,,image,0.40716689806913325,0.18592964304694,0.22061699548553998,0.18628646339838686,,,,,,,,,0,1,0,0
distracted,,,,,image,0.6707279197518936,0.2507352564337685,0.06682850290530783,0.011708320909029232,,,,,,,,,0,1,0,0
distracted,,,,,image,0.019855661457945036,0.9729179905246959,0.0072263480173592525,0.0,,,,,,,,,0,1,0,0
distracted,,,,,image,0.019855661457945036,0.9729179905246959,0.0072263480173592525,0.0,,,,,,,,,0,1,0,0
distracted,,,,,image,0.01699620473629625,0.9573276542339233,0.02249662784519632,0.0031795131845841784,,,,,,,,,0,1,0,0
distracted,,,,,image,0.01699620473629625,0.9573276542339233,0.02249662784519632,0.0031795131845841784,,,,,,,,,0,1,0,0
distracted,,,,,image,0.5896422008891175,0.2655148647005913,0.09584464286442237,0.048998291545868614,,,,,,,,,0,1,0,0
distracted,,,,,image,0.22948233894746634,0.6768879170718929,0.0778138779745188,0.01581586600612195,,,,,,,,,0,1,0,0
distracted,,,,,image,0.0840735400990649,0.8632549184101055,0.03774199547534678,0.01492954601548277,,,,,,,,,0,1,0,0
distracted,,,,,image,0.03570719306298188,0.8646981785810504,0.05693728509182157,0.04265734326414613,,,,,,,,,0,1,0,0
distracted,,,,,image,0.27756296161460886,0.704269204769106,0.01242070717950387,0.00574712643678161,,,,,,,,,0,1,0,0
distracted,,,,,image,0.055756287179216775,0.9156830732275392,0.023654807578947497,0.004905832014296656,,,,,,,,,0,1,0,0
distracted,,,,,image,0.33713847292106147,0.6072871789707467,0.04242001291796476,0.013154335190227304,,,,,,,,,0,1,0,0
distracted,,,,,image,0.48032075151804304,0.4898539759583113,0.027999715643576416,0.001825556880069186,,,,,,,,,0,1,0,0
distracted,,,,,image,0.12719011247044595,0.8272046799892628,0.031794324982627804,0.01381088255766409,,,,,,,,,0,1,0,0
distracted,,,,,image,0.12719011247044595,0.8272046799892628,0.031794324982627804,0.01381088255766409,,,,,,,,,0,1,0,0
distracted,,,,,image,0.2700495358724019,0.6886733347564257,0.025789418853456557,0.015487710517716606,,,,,,,,,0,1,0,0
distracted,,,,,image,0.26766085253295424,0.6994335139449771,0.027687516971022855,0.0052181165510466355,,,,,,,,,0,1,0,0
distracted,,,,,image,0.009742328358208955,0.9773829063797219,0.007285071346887746,0.005589693915181315,,,,,,,,,0,1,0,0
distracted,,,,,image,0.5814291922424082,0.26644531293529694,0.1384840168913816,0.01364147793091308,,,,,,,,,0,1,0,0
distracted,,,,,image,0.013156249975919146,0.9264031092979708,0.021938144452102244,0.03850249627400773,,,,,,,,,0,1,0,0
distracted,,,,,image,0.1258099928451311,0.8139725765268898,0.04180600233678004,0.018411428291199322,,,,,,,,,0,1,0,0
distracted,,,,,image,0.023207678313750466,0.9521358116468613,0.0186191294490261,0.006037380590362244,,,,,,,,,0,1,0,0
distracted,,,,,image,0.0649633589756432,0.9007621119555544,0.024699874719463062,0.00957465434933933,,,,,,,,,0,1,0,0
distracted,,,,,image,0.06764127865630233,0.8856168145961586,0.03572980687495551,0.011012099872583954,,,,,,,,,0,1,0,0
distracted,,,,,image,0.013119260838663823,0.9758235788190469,0.010699618442847883,0.0003575418994413408,,,,,,,,,0,1,0,0
distracted,,,,,image,0.02262511280832372,0.9646305553230814,0.011954208411804753,0.0007901234567901234,,,,,,,,,0,1,0,0
distracted,,,,,image,0.7734787565761687,0.16720166794274596,0.04982599141821837,0.00949358406286592,,,,,,,,,0,1,0,0
distracted,,,,,image,0.0058519900497512435,0.9869216619328897,0.0072263480173592525,0.0,,,,,,,,,0,1,0,0
distracted,,,,,image,0.3602066101691392,0.4262027967828878,0.17631617736024666,0.037274415687726346,,,,,,,,,0,1,0,0
distracted,,,,,image,0.09989232699198505,0.8627393464883384,0.03057166037311192,0.006796666146564726,,,,,,,,,0,1,0,0
distracted,,,,,image,0.005163894811656006,0.986864659131769,0.00797144605657494,0.0,,,,,,,,,0,1,0,0
distracted,,,,,image,0.045717528497415914,0.9103143254687585,0.026945721362913413,0.01702242467091211,,,,,,,,,0,1,0,0
distracted,,,,,image,0.2593814349037594,0.664581876517653,0.06629254352840827,0.009744145050179932,,,,,,,,,0,1,0,0
distracted,,,,,image,0.04983626369388384,0.911366103880812,0.029826241601851995,0.008971390823452271,,,,,,,,,0,1,0,0
distracted,,,,,image,0.03613753079976056,0.95181422695054,0.012048242249699538,0.0,,,,,,,,,0,1,0,0
distracted,,,,,image,0.016981145105852472,0.963530399556629,0.01835571197468679,0.0011327433628318584,,,,,,,,,0,1,0,0
distracted,,,,,image,0.022226674088573525,0.895858511295136,0.050961600219966104,0.030953214396324362,,,,,,,,,0,1,0,0
distracted,,,,,image,0.7187752463320783,0.19423873923991344,0.07193824586938724,0.015047768558619912,,,,,,,,,0,1,0,0
distracted,,,,,image,0.27967085149489274,0.30868014042648245,0.20340592138246996,0.20824308669615485,,,,,,,,,0,1,0,0
distracted,,,,,image,0.5979228879963574,0.2909615246146066,0.09946861841536654,0.011646968973669165,,,,,,,,,0,1,0,0
distracted,,,,,image,0.08010627619949245,0.8797010650362598,0.026683404112302394,0.013509254651945258,,,,,,,,,0,1,0,0
distracted,,,,,image,0.01783360412224591,0.963597871517346,0.014373508174027041,0.004195016186381237,,,,,,,,,0,1,0,0
distracted,,,,,image,0.3739625322355812,0.0848496456481981,0.2874369230516564,0.2537508990645645,,,,,,,,,0,1,0,0
distracted,,,,,image,0.4293817462649677,0.5336150192359027,0.030162234529272886,0.006840999969856631,,,,,,,,,0,1,0,0
distracted,,,,,image,0.13909304914850096,0.8397420029093493,0.02116494794215069,0.0,,,,,,,,,0,1,0,0
distracted,,,,,image,0.08597499454574348,0.8572769895654873,0.03746281630078851,0.019285199587981215,,,,,,,,,0,1,0,0
distracted,,,,,image,0.25745241036718125,0.14535794348946493,0.4554872213811067,0.14170242476224726,,,,,,,,,0,1,0,0
distracted,,,,,image,0.0030491803278688526,0.986028553943425,0.010922265728706087,0.0,,,,,,,,,0,1,0,0
distracted,,,,,image,0.13550066720407172,0.780107985210822,0.05780931499925131,0.026582032585855217,,,,,,,,,0,1,0,0
distracted,,,,,image,0.4050366570165739,0.5671894801371988,0.02594830596615797,0.001825556880069186,,,,,,,,,0,1,0,0
distracted,,,,,image,0.05612049190115294,0.9115328348503816,0.021309828852930566,0.011036844395535001,,,,,,,,,0,1,0,0
distracted,,,,,image,0.22403227466977196,0.33441218486024504,0.18901414331110436,0.25254139715887863,,,,,,,,,0,1,0,0
distracted,,,,,image,0.23740013000365962,0.3040384324889934,0.19011969748465307,0.2684417400226939,,,,,,,,,0,1,0,0
distracted,,,,,image,0.07583506749799283,0.8993491536845036,0.016577354146591478,0.008238424670912112,,,,,,,,,0,1,0,0
fatigued,,,,,image,0.20957193067412422,0.08165805514220029,0.625507957414721,0.08326205676895512,,,,,,,,,0,1,0,0
fatigued,,,,,image,0.0648869739492506,0.010632035898720218,0.828426030254322,0.09605495989770796,,,,,,,,,0,1,0,0
fatigued,,,,,image,0.013705416286965439,0.010112930655738244,0.7909921455555166,0.18518950750178034,,,,,,,,,0,1,0,0
fatigued,,,,,image,0.1623371402413221,0.2380444472181006,0.4903985906352217,0.1092198219053556,,,,,,,,,0,1,0,0
fatigued,,,,,image,0.009050744063644374,0.007662700234891881,0.6725858270554418,0.3107007286460228,,,,,,,,,0,1,0,0
fatigued,,,,,image,0.1120998232401288,0.1587042851607542,0.6061022963633501,0.12309359523576709,,,,,,,,,0,1,0,0
fatigued,,,,,image,0.06661138046408266,0.055556814197403326,0.7563436483587447,0.12148815697976972,,,,,,,,,0,1,0,0
fatigued,,,,,image,0.018301228553377156,0.046085427883953714,0.7900846320979061,0.14552871146476326,,,,,,,,,0,1,0,0
fatigued,,,,,image,0.027935769222711977,0.05628489615074305,0.5820897025405747,0.3336896320859708,,,,,,,,,0,1,0,0
fatigued,,,,,image,0.0845262972434852,0.12731738965678935,0.6951370259542393,0.09301928714548674,,,,,,,,,0,1,0,0
fatigued,,,,,image,0.0937444205264502,0.1849371032317794,0.6708334863455703,0.05048498989620037,,,,,,,,,0,1,0,0
fatigued,,,,,image,0.006787792788761324,0.04435175448224634,0.6740684441617206,0.27479200856727265,,,,,,,,,0,1,0,0
fatigued,,,,,image,0.14106602583511962,0.048399522926498136,0.641395582597922,0.1691388686404608,,,,,,,,,0,1,0,0
fatigued,,,,,image,0.18798327626238023,0.10000515993815381,0.6433014656351534,0.0687100981643126,,,,,,,,,0,1,0,0
fatigued,,,,,image,0.0189762036934733,0.020866147266843355,0.604994137299358,0.3551635117403256,,,,,,,,,0,1,0,0
fatigued,,,,,image,0.000593939393939394,0.009862800507309307,0.6426870503698938,0.3468562097288579,,,,,,,,,0,1,0,0
fatigued,,,,,image,0.007311181183979447,0.014852305894734592,0.6835747811326474,0.2942617317886394,,,,,,,,,0,1,0,0
fatigued,,,,,image,0.1011506856021972,0.10486767552865375,0.7908520882431594,0.00312955062599011,,,,,,,,,0,1,0,0
fatigued,,,,,image,0.04002376793174045,0.05245505935178293,0.8905164324353929,0.01700474028108421,,,,,,,,,0,1,0,0
fatigued,,,,,image,0.06448411683715508,0.041793619039708324,0.864764749461929,0.028957514661208127,,,,,,,,,0,1,0,0
fatigued,,,,,image,0.044369420952640876,0.06505339835233923,0.6555957427029773,0.23498143799204319,,,,,,,,,0,1,0,0
fatigued,,,,,image,0.004984043177437584,0.007574700627072851,0.7667961016676619,0.22064515452782868,,,,,,,,,0,1,0,0
fatigued,,,,,image,0.011940638507891888,0.017231821522060667,0.7588309196446521,0.21199662032539587,,,,,,,,,0,1,0,0
fatigued,,,,,image,0.01760371455356368,0.014741033799689676,0.5086294517798575,0.45902579986688913,,,,,,,,,0,1,0,0
fatigued,,,,,image,0.0019177139594842765,0.004185293996430875,0.6325930861703588,0.36130390587372707,,,,,,,,,0,1,0,0
fatigued,,,,,image,0.021000029581627444,0.01941383745460078,0.9219014634835063,0.037684669480265894,,,,,,,,,0,1,0,0
fatigued,,,,,image,0.019672230306954298,0.01340758069823276,0.9260995961793539,0.04082059281545934,,,,,,,,,0,1,0,0
fatigued,,,,,image,0.08673033340406208,0.029618431819437227,0.8269679492969707,0.05668328547953036,,,,,,,,,0,1,0,0
fatigued,,,,,image,0.017140265425674442,0.017519052689986395,0.8661273920513186,0.09921328983302115,,,,,,,,,0,1,0,0
fatigued,,,,,image,0.1395286169881904,0.13923148703223637,0.5573596223382636,0.16388027364130978,,,,,,,,,0,1,0,0
fatigued,,,,,image,0.039510214247194336,0.03138358142671449,0.895187093502723,0.03391911082336856,,,,,,,,,0,1,0,0
fatigued,,,,,image,0.02054909753251531,0.019268891329755095,0.8511821256182412,0.10899988551948937,,,,,,,,,0,1,0,0
fatigued,,,,,image,0.06094577471060701,0.02355403670864621,0.5354282671066135,0.38007192147413366,,,,,,,,,0,1,0,0
fatigued,,,,,image,0.025712547334941115,0.024972221890991072,0.9202486269215161,0.029066603852551963,,,,,,,,,0,1,0,0
fatigued,,,,,image,0.002057022970221847,0.0037683862713691362,0.26764858283214177,0.726526007926267,,,,,,,,,0,1,0,0
fatigued,,,,,image,0.002,0.0,0.6477295994912684,0.35027040050873165,,,,,,,,,0,1,0,0
fatigued,,,,,image,0.2496238106984958,0.13809676136087118,0.5376142250615717,0.0746652028790615,,,,,,,,,0,1,0,0
fatigued,,,,,image,0.16869091187219232,0.04907252195052768,0.7539094510480263,0.02832711512925378,,,,,,,,,0,1,0,0
fatigued,,,,,image,0.08267713763959998,0.12909499579938383,0.7592149994024124,0.029012867158604128,,,,,,,,,0,1,0,0
fatigued,,,,,image,0.02118847794707446,0.031519271931213476,0.9059075538468182,0.041384696274894085,,,,,,,,,0,1,0,0
fatigued,,,,,image,0.017034347509169972,0.017360930596928507,0.8867231239136492,0.07888159798025296,,,,,,,,,0,1,0,0
fatigued,,,,,image,0.013795900333530725,0.0067454018651051835,0.7984969031462583,0.1809617946551063,,,,,,,,,0,1,0,0
fatigued,,,,,image,0.16068262971051642,0.06348321558604145,0.7402474342476636,0.03558672045577911,,,,,,,,,0,1,0,0
fatigued,,,,,image,0.03763522354482599,0.11677955074028082,0.7982105966564517,0.04737462905844184,,,,,,,,,0,1,0,0
fatigued,,,,,image,0.1178828701593358,0.15803852975284044,0.7003061026374819,0.023772497450342142,,,,,,,,,0,1,0,0
fatigued,,,,,image,0.01987896776442151,0.04708908711477608,0.8454972768845348,0.08753466823626832,,,,,,,,,0,1,0,0
fatigued,,,,,image,0.012293874642521675,0.014329930378630493,0.6514639487360379,0.3219122462428104,,,,,,,,,0,1,0,0
fatigued,,,,,image,0.006291789113142289,0.00901627701949024,0.8805521077088039,0.10413982615856399,,,,,,,,,0,1,0,0
fatigued,,,,,image,0.0955800020794796,0.08566983945544869,0.7776577195245579,0.04109243894051399,,,,,,,,,0,1,0,0
fatigued,,,,,image,0.0955800020794796,0.08566983945544869,0.7776577195245579,0.04109243894051399,,,,,,,,,0,1,0,0
fatigued,,,,,image,0.007756417561074621,0.032085835252381886,0.8558608481964853,0.10429689899005817,,,,,,,,,0,1,0,0
fatigued,,,,,image,0.2382218510040912,0.1087080980920154,0.5899433196433276,0.06312673126056585,,,,,,,,,0,1,0,0
fatigued,,,,,image,0.08695360336843483,0.026365404277446373,0.4987647043349039,0.387916288019215,,,,,,,,,0,1,0,0
fatigued,,,,,image,0.07616179580887174,0.1199288478411516,0.5450289770145095,0.2588803793354673,,,,,,,,,0,1,0,0
fatigued,,,,,image,0.012320838715869309,0.015557533026794117,0.6377408537699848,0.3343807744873521,,,,,,,,,0,1,0,0
fatigued,,,,,image,0.3776198997763774,0.11402210425456802,0.48216286945507975,0.026195126513975067,,,,,,,,,0,1,0,0
fatigued,,,,,image,0.008677766482403131,0.006606306131592383,0.8527391692434605,0.13197675814254436,,,,,,,,,0,1,0,0
fatigued,,,,,image,0.17347009190207388,0.046566040674411384,0.6911054974135397,0.08885837000997575,,,,,,,,,0,1,0,0
fatigued,,,,,image,0.09235598751839587,0.0501160111157159,0.7392226822880434,0.1183053190778453,,,,,,,,,0,1,0,0
fatigued,,,,,image,0.03572957247009134,0.028081446849912838,0.895032083869715,0.04115689681028134,,,,,,,,,0,1,0,0
fatigued,,,,,image,0.02076460754747985,0.01993871014733876,0.8912956657171129,0.06800101658806891,,,,,,,,,0,1,0,0
fatigued,,,,,image,0.028363282290013673,0.08617854102570875,0.8396912243922623,0.04576695229201592,,,,,,,,,0,1,0,0
fatigued,,,,,image,0.02877515908279092,0.09322731317592947,0.8237514053281496,0.054246122413130225,,,,,,,,,0,1,0,0
fatigued,,,,,image,0.13786897302860324,0.17866025761392,0.6511099971785188,0.03236077217895816,,,,,,,,,0,1,0,0
fatigued,,,,,image,0.008430377119375235,0.011724611344898227,0.6797605753846693,0.30008443615105784,,,,,,,,,0,1,0,0
fatigued,,,,,image,0.005211883109124474,0.002,0.7659530270692192,0.22683508982165726,,,,,,,,,0,1,0,0
fatigued,,,,,image,0.016917309335130373,0.00762136519380549,0.8095757885474412,0.1658855369236236,,,,,,,,,0,1,0,0
fatigued,,,,,image,0.06345665403202448,0.06820668737013354,0.6882434216330195,0.18009323696482324,,,,,,,,,0,1,0,0
fatigued,,,,,image,0.01207980429402038,0.012631473804409645,0.8706913517679251,0.10459737013364566,,,,,,,,,0,1,0,0
fatigued,,,,,image,0.0021648140876288214,0.0032735694857279887,0.5275491894617964,0.4670124269648468,,,,,,,,,0,1,0,0
fatigued,,,,,image,0.02749433592681368,0.08994832167018338,0.7216872369595948,0.16087010544340888,,,,,,,,,0,1,0,0
fatigued,,,,,image,0.0,0.0,0.8567412116328602,0.14325878836714034,,,,,,,,,0,1,0,0
fatigued,,,,,image,0.013424942466231765,0.011245101899076904,0.6740852203418617,0.3012447352928306,,,,,,,,,0,1,0,0
fatigued,,,,,image,0.06094577471060701,0.02355403670864621,0.5354282671066135,0.38007192147413366,,,,,,,,,0,1,0,0
fatigued,,,,,image,0.012051684299125962,0.015433231122856368,0.6648228858322988,0.3076921987457199,,,,,,,,,0,1,0,0
fatigued,,,,,image,0.10090232127685149,0.16166611409867052,0.4356901395626535,0.30174142506182466,,,,,,,,,0,1,0,0
fatigued,,,,,image,0.005354770912147962,0.00605305953021163,0.5571384263147748,0.43145374324286606,,,,,,,,,0,1,0,0
focused,,,,,image,0.6982016597980859,0.1581477852935915,0.12621026096707405,0.01744029394124781,,,,,,,,,0,1,0,0
focused,,,,,image,0.7704189239859994,0.15802665533542143,0.0669546053820937,0.004599815296485157,,,,,,,,,0,1,0,0
focused,,,,,image,0.8271865090107913,0.14093346813231547,0.024924826033363087,0.00695519682352946,,,,,,,,,0,1,0,0
focused,,,,,image,0.9319156039784297,0.03515308984042219,0.011539800659484954,0.021391505521662742,,,,,,,,,0,1,0,0
focused,,,,,image,0.8576571825147714,0.08397355786872358,0.043446339709800504,0.014922919906703353,,,,,,,,,0,1,0,0
focused,,,,,image,0.58249034644565,0.2669492096165452,0.10079862492957598,0.049761819008228514,,,,,,,,,0,1,0,0
focused,,,,,image,0.7922806555761539,0.066930505852169,0.07037299923378905,0.07041583933788739,,,,,,,,,0,1,0,0
focused,,,,,image,0.8456887803529303,0.06649061806854883,0.03420655417182407,0.053614047406696425,,,,,,,,,0,1,0,0
focused,,,,,image,0.5400228199080287,0.31105709758286976,0.08325842921086232,0.06566165329823904,,,,,,,,,0,1,0,0
focused,,,,,image,0.8541411948738061,0.09309318600637204,0.04233094568623028,0.010434673433591043,,,,,,,,,0,1,0,0
focused,,,,,image,0.835101170287208,0.11694291669486348,0.034994865564412274,0.012961047453515962,,,,,,,,,0,1,0,0
focused,,,,,image,0.38793033813276007,0.5119790462009249,0.06761642654138474,0.03247418912493008,,,,,,,,,0,1,0,0
focused,,,,,image,0.7570706770796947,0.20326073746684023,0.035140290633369264,0.004528294820095262,,,,,,,,,0,1,0,0
focused,,,,,image,0.7916423477218139,0.1664697712504876,0.03937276638656887,0.0025151146411288576,,,,,,,,,0,1,0,0
focused,,,,,image,0.7419702751831586,0.14934118895631868,0.08234582210682556,0.02634271375369654,,,,,,,,,0,1,0,0
focused,,,,,image,0.8480793960878715,0.07675582448514642,0.06347864834227944,0.011686131084702006,,,,,,,,,0,1,0,0
focused,,,,,image,0.7427592535782289,0.13458734332441827,0.11231925880075472,0.010334144296597023,,,,,,,,,0,1,0,0
focused,,,,,image,0.7640481817308447,0.2136253190600615,0.021988121816203247,0.00033837739288969913,,,,,,,,,0,1,0,0
focused,,,,,image,0.11377076240067775,0.7963128991675189,0.08304998759688766,0.0068663508349157965,,,,,,,,,0,1,0,0
focused,,,,,image,0.8617558558610481,0.09718011669035628,0.03781781512803813,0.0032462123205566763,,,,,,,,,0,1,0,0
focused,,,,,image,0.7865196671321014,0.18301642989792902,0.018923091265699653,0.011540811704268957,,,,,,,,,0,1,0,0
focused,,,,,image,0.834462897072159,0.1229782493375294,0.03539671070339908,0.007162142886911285,,,,,,,,,0,1,0,0
focused,,,,,image,0.9007115977171825,0.03554739203402882,0.060159701574581274,0.003581308674206807,,,,,,,,,0,1,0,0
focused,,,,,image,0.39653550907610796,0.4523835784873277,0.09430462835388975,0.05677628408267449,,,,,,,,,0,1,0,0
focused,,,,,image,0.7662013529063162,0.17398769542488982,0.04112425806316062,0.018686693605632344,,,,,,,,,0,1,0,0
focused,,,,,image,0.4040658903451495,0.5116751513713603,0.05123421056319964,0.033024747720290376,,,,,,,,,0,1,0,0
focused,,,,,image,0.5890896539569725,0.2786168245685614,0.08014959380687098,0.052143927667594736,,,,,,,,,0,1,0,0
focused,,,,,image,0.7626289848091087,0.183050342743157,0.047263931887694795,0.007056740560039063,,,,,,,,,0,1,0,0
focused,,,,,image,0.8793064201785408,0.09305709188237349,0.014555385799649805,0.013081102139435473,,,,,,,,,0,1,0,0
focused,,,,,image,0.6409361681098221,0.26800952624192464,0.07734781642868153,0.013706489219571218,,,,,,,,,0,1,0,0
focused,,,,,image,0.9257932981688012,0.04003393257490772,0.03285761017535008,0.0013151590809406524,,,,,,,,,0,1,0,0
focused,,,,,image,0.6002551786352286,0.32931917304887615,0.04131235451850144,0.029113293797393552,,,,,,,,,0,1,0,0
focused,,,,,image,0.6239425625505419,0.13959985344146278,0.15167404563456127,0.0847835383734337,,,,,,,,,0,1,0,0
focused,,,,,image,0.7349463453383918,0.17502016326590206,0.07678354562266493,0.013249945773040455,,,,,,,,,0,1,0,0
focused,,,,,image,0.8845745717230983,0.08941390537368199,0.024929024323599815,0.0010824985796192921,,,,,,,,,0,1,0,0
focused,,,,,image,0.78055546006432,0.047530456314921,0.13483835277850198,0.03707573084225662,,,,,,,,,0,1,0,0
focused,,,,,image,0.6687511203937743,0.2325197608620191,0.07836910736443142,0.020360011379774445,,,,,,,,,0,1,0,0
focused,,,,,image,0.7758344175948276,0.1795722011518865,0.03434148221359064,0.010251899039694265,,,,,,,,,0,1,0,0
focused,,,,,image,0.7086813455693669,0.18222664113568718,0.08294241485744897,0.02614959843749634,,,,,,,,,0,1,0,0
focused,,,,,image,0.7855873574752885,0.19504853180688536,0.017948181594801972,0.001415929123023589,,,,,,,,,0,1,0,0
focused,,,,,image,0.8777006899960429,0.10282252866133955,0.018394814206137474,0.0010819671364794426,,,,,,,,,0,1,0,0
focused,,,,,image,0.8126490801495653,0.11147722821280469,0.031168736349341395,0.04470495528828799,,,,,,,,,0,1,0,0
focused,,,,,image,0.8987341424997315,0.06804391553885682,0.03176623779435074,0.0014557041670600177,,,,,,,,,0,1,0,0
focused,,,,,image,0.8346802960846,0.13028452468759735,0.022254649851594876,0.012780529376207302,,,,,,,,,0,1,0,0
focused,,,,,image,0.7515742740057411,0.16137779283857961,0.06270687215889752,0.0243410609967808,,,,,,,,,0,1,0,0
focused,,,,,image,0.8447854168344608,0.1315061885720575,0.0221270859192741,0.0015813086742068072,,,,,,,,,0,1,0,0
focused,,,,,image,0.747377520576834,0.17388713883916435,0.04558132209284286,0.03315401849115757,,,,,,,,,0,1,0,0
focused,,,,,image,0.8721155293903711,0.06066530701728518,0.06312452303605903,0.004094640556284171,,,,,,,,,0,1,0,0
focused,,,,,image,0.5669246641179184,0.19314082390752832,0.2220396593045199,0.017894852670033053,,,,,,,,,0,1,0,0
focused,,,,,image,0.856695250812969,0.0781751773964936,0.052176207086859556,0.012953364703676853,,,,,,,,,0,1,0,0
focused,,,,,image,0.6723214406158792,0.12278301017983051,0.15367818516131884,0.05121736404297112,,,,,,,,,0,1,0,0
focused,,,,,image,0.2673267330217285,0.5821608132113476,0.10616105014261983,0.04435140362430389,,,,,,,,,0,1,0,0
focused,,,,,image,0.9203272185415425,0.047421277330295185,0.02502159030611349,0.0072299138220483245,,,,,,,,,0,1,0,0
focused,,,,,image,0.7732075407150302,0.14914693997099945,0.05012519149376594,0.027520327820203496,,,,,,,,,0,1,0,0
focused,,,,,image,0.7746851786386252,0.14153378771718086,0.05458828192580966,0.02919275171838374,,,,,,,,,0,1,0,0
focused,,,,,image,0.7072190896530247,0.20900336004216072,0.03249005281224858,0.05128749749256558,,,,,,,,,0,1,0,0
focused,,,,,image,0.9148394230076721,0.07355914980651554,0.011263049792922227,0.00033837739288969913,,,,,,,,,0,1,0,0
focused,,,,,image,0.8227212977900964,0.15473326931901746,0.017333492279604838,0.005211940611280504,,,,,,,,,0,1,0,0
focused,,,,,image,0.9447866986473279,0.042119111316395945,0.01275581264338601,0.00033837739288969913,,,,,,,,,0,1,0,0
focused,,,,,image,0.7792649736631855,0.06267633580543475,0.10866075779567888,0.04939793273570062,,,,,,,,,0,1,0,0
focused,,,,,image,0.7919346408966886,0.17238737868479323,0.027777737103924827,0.007900243314592775,,,,,,,,,0,1,0,0
focused,,,,,image,0.7067050115776842,0.07695761576476799,0.12565110786658615,0.09068626479096165,,,,,,,,,0,1,0,0
focused,,,,,image,0.7405093396958085,0.20898046340528625,0.04175060705814092,0.008759589840763677,,,,,,,,,0,1,0,0
focused,,,,,image,0.3390723839920067,0.3186789154885399,0.18944686396217666,0.1528018365572768,,,,,,,,,0,1,0,0
focused,,,,,image,0.8730892467234996,0.050973228471029516,0.0564629068082139,0.019474617997256145,,,,,,,,,0,1,0,0
focused,,,,,image,0.46904268707294783,0.1487735705447681,0.27546446612530445,0.10671927625697991,,,,,,,,,0,1,0,0
focused,,,,,image,0.35500639445043664,0.3146471320827813,0.2163840115455404,0.11396246192124172,,,,,,,,,0,1,0,0
focused,,,,,image,0.7002263625315505,0.21971253498657772,0.07459075297062746,0.00547034951124363,,,,,,,,,0,1,0,0
focused,,,,,image,0.8784377005912503,0.07650694746142112,0.032683291994286344,0.012372059953041218,,,,,,,,,0,1,0,0
focused,,,,,image,0.8905871369980916,0.0828550192211231,0.02439176449477243,0.0021660792860121523,,,,,,,,,0,1,0,0
focused,,,,,image,0.855008612171431,0.1130714614989194,0.03083795919316938,0.0010819671364794426,,,,,,,,,0,1,0,0
focused,,,,,image,0.8090015396988175,0.1340854406216429,0.05049381746696322,0.0064192022125751785,,,,,,,,,0,1,0,0
focused,,,,,image,0.8801705294286764,0.10106246922421863,0.018767001347104594,0.0,,,,,,,,,0,1,0,0
focused,,,,,image,0.4564716302850923,0.42559768322516633,0.08457205687808485,0.0333586296116564,,,,,,,,,0,1,0,0
focused,,,,,image,0.8807726984819473,0.09778851974513293,0.020643711466643705,0.0007950703062755259,,,,,,,,,0,1,0,0
focused,,,,,image,0.7823962348191854,0.09688747362222255,0.05974885376662367,0.060967437791967546,,,,,,,,,0,1,0,0
focused,,,,,image,0.7298834179893748,0.09611296433864501,0.13673082507306755,0.037272792598912224,,,,,,,,,0,1,0,0
overloaded,,,,,image,0.011509709996324169,0.005230316901489315,0.043799989578430225,0.9394599835237559,,,,,,,,,0,1,0,0
overloaded,,,,,image,0.010374629975901746,0.0063892138443965175,0.20162962237323664,0.7816065338064645,,,,,,,,,0,1,0,0
overloaded,,,,,image,0.03429613337011129,0.028011221653439812,0.10080672154738582,0.8368859234290627,,,,,,,,,0,1,0,0
overloaded,,,,,image,0.002305590584279109,0.0,0.16712718938032767,0.8305672200353924,,,,,,,,,0,1,0,0
overloaded,,,,,image,0.03485019282518844,0.017275102051241463,0.589048441840035,0.3588262632835352,,,,,,,,,0,1,0,0
overloaded,,,,,image,0.0028508158508158505,0.001532031187203601,0.037530742454392835,0.9580864105075872,,,,,,,,,0,1,0,0
overloaded,,,,,image,0.0032564102564102563,0.0,0.05839378519307412,0.9383498045505154,,,,,,,,,0,1,0,0
overloaded,,,,,image,0.04051507334066121,0.02584377128939058,0.26151521436811725,0.67212594100183,,,,,,,,,0,1,0,0
overloaded,,,,,image,0.029100264077860257,0.03106728957541663,0.3093159548598838,0.6305164914868393,,,,,,,,,0,1,0,0
overloaded,,,,,image,0.024307319273267416,0.012740595126084475,0.1708788103207416,0.792073275279906,,,,,,,,,0,1,0,0
overloaded,,,,,image,0.0542192747635511,0.0479347853316673,0.218755095756971,0.67909084414781,,,,,,,,,0,1,0,0
overloaded,,,,,image,0.03342647758691065,0.015460718850746843,0.16134527819735522,0.7897675253649866,,,,,,,,,0,1,0,0
overloaded,,,,,image,0.0012564102564102564,0.0012715621890547265,0.06390582364133171,0.933566203913203,,,,,,,,,0,1,0,0
overloaded,,,,,image,0.006118216130295603,0.013353905327030452,0.1144168690459486,0.8661110094967248,,,,,,,,,0,1,0,0
overloaded,,,,,image,0.019349221022003264,0.017823942282201268,0.4088470668996606,0.5539797697961346,,,,,,,,,0,1,0,0
overloaded,,,,,image,0.00953110071442116,0.013623644814752473,0.3612155909865193,0.6156296634843071,,,,,,,,,0,1,0,0
overloaded,,,,,image,0.012790372564613456,0.011333179217361893,0.11328075409382272,0.8625956941242013,,,,,,,,,0,1,0,0
overloaded,,,,,image,0.0,0.0,0.04057709022306339,0.9594229097769361,,,,,,,,,0,1,0,0
overloaded,,,,,image,0.0012564102564102564,0.0023979989706639218,0.1270190808896507,0.8693265098832748,,,,,,,,,0,1,0,0
overloaded,,,,,image,0.018997347510096872,0.006180647563068475,0.05006795052726484,0.9247540543995696,,,,,,,,,0,1,0,0
overloaded,,,,,image,0.012275349132938984,0.013253875544102902,0.2870115003685277,0.6874592749544295,,,,,,,,,0,1,0,0
overloaded,,,,,image,0.01170726670370934,0.011838621534342592,0.16635911043482213,0.8100950013271249,,,,,,,,,0,1,0,0
overloaded,,,,,image,0.049980647597683045,0.04781535964441011,0.643668607928258,0.2585353848296491,,,,,,,,,0,1,0,0
overloaded,,,,,image,0.0,0.0,0.038700303701813536,0.9612996962981863,,,,,,,,,0,1,0,0
overloaded,,,,,image,0.0010594594594594594,0.0,0.023108223032176505,0.9758323175083641,,,,,,,,,0,1,0,0
overloaded,,,,,image,0.020185318475987885,0.023537865213248528,0.35215929578196264,0.6041175205288003,,,,,,,,,0,1,0,0
overloaded,,,,,image,0.006343238373374634,0.0121631135828885,0.6713161458576064,0.3101775021861314,,,,,,,,,0,1,0,0
overloaded,,,,,image,0.004972910820689137,0.005695754376566249,0.11205205934224693,0.8772792754604972,,,,,,,,,0,1,0,0
overloaded,,,,,image,0.014523537758675249,0.018825657831723717,0.1539593997600331,0.812691404649567,,,,,,,,,0,1,0,0
overloaded,,,,,image,0.0,0.0011264367816091955,0.06251196831319183,0.9363615949051988,,,,,,,,,0,1,0,0
overloaded,,,,,image,0.004480341880341881,0.0011264367816091955,0.038532779188331534,0.9558604421497171,,,,,,,,,0,1,0,0
overloaded,,,,,image,0.001594405594405594,0.001846770876182641,0.03892063370411532,0.9576381898252964,,,,,,,,,0,1,0,0
overloaded,,,,,image,0.03991604815563963,0.07290772530286138,0.7017602170962922,0.18541600944520722,,,,,,,,,0,1,0,0
overloaded,,,,,image,0.005744578079157518,0.0028247224958949098,0.05438546626250423,0.9370452331624429,,,,,,,,,0,1,0,0
overloaded,,,,,image,0.0007111111111111111,0.005172644107299424,0.11757429443365393,0.8765419503479348,,,,,,,,,0,1,0,0
overloaded,,,,,image,0.0036496804533086413,0.0007840000000000002,0.019342991832241977,0.9762233277144494,,,,,,,,,0,1,0,0
overloaded,,,,,image,0.0019650681783361422,0.0046233327331357595,0.23179016105092304,0.7616214380376047,,,,,,,,,0,1,0,0
overloaded,,,,,image,0.017831813362587524,0.013236245142811638,0.034501963199226014,0.9344299782953746,,,,,,,,,0,1,0,0
overloaded,,,,,image,0.01850591467922738,0.011453300919610212,0.3912006586696441,0.5788401257315179,,,,,,,,,0,1,0,0
overloaded,,,,,image,0.0,0.0011264367816091955,0.0488637518764882,0.9500098113419027,,,,,,,,,0,1,0,0
overloaded,,,,,image,0.0,0.0005925925925925926,0.03271380142054257,0.966693605986865,,,,,,,,,0,1,0,0
overloaded,,,,,image,0.025679135890560596,0.03732844133484405,0.3334945963685699,0.603497826406025,,,,,,,,,0,1,0,0
overloaded,,,,,image,0.0,0.0010093337624718377,0.02393771253804861,0.9750529536994796,,,,,,,,,0,1,0,0
overloaded,,,,,image,0.0030881859573448365,0.002102385650224215,0.04411591103936178,0.9506935173530692,,,,,,,,,0,1,0,0
overloaded,,,,,image,0.009522820059098434,0.01175777106071211,0.5594034079394307,0.41931600094075905,,,,,,,,,0,1,0,0
overloaded,,,,,image,0.012986460244050094,0.017418835782771865,0.44719168933298864,0.5224030146401893,,,,,,,,,0,1,0,0
overloaded,,,,,image,0.020051355267031765,0.03267727250847573,0.36688208901157593,0.5803892832129164,,,,,,,,,0,1,0,0
overloaded,,,,,image,0.004,0.0,0.021535574787609257,0.9744644252123909,,,,,,,,,0,1,0,0
overloaded,,,,,image,0.002,0.0,0.04409892483916617,0.9539010751608338,,,,,,,,,0,1,0,0
overloaded,,,,,image,0.014256963205433654,0.020835994716412166,0.23540893397641624,0.7294981081017368,,,,,,,,,0,1,0,0
overloaded,,,,,image,0.006977081010541048,0.0008656716417910447,0.07454857796734542,0.9176086693803225,,,,,,,,,0,1,0,0
overloaded,,,,,image,0.007982866214053898,0.003118545205009436,0.0747515370421211,0.9141470515388151,,,,,,,,,0,1,0,0
overloaded,,,,,image,0.007647148871029468,0.004198699986656754,0.23677626367155216,0.7513778874707613,,,,,,,,,0,1,0,0
overloaded,,,,,image,0.0032564102564102563,0.0004060072501294666,0.07618077395322122,0.9201568085402385,,,,,,,,,0,1,0,0
overloaded,,,,,image,0.006107226107226107,0.004459893988476233,0.18730536747687054,0.8021275124274266,,,,,,,,,0,1,0,0
overloaded,,,,,image,0.005851248352682523,0.0011264367816091955,0.09986522485531144,0.8931570900103963,,,,,,,,,0,1,0,0
overloaded,,,,,image,0.0011470299323510333,0.0013183856502242152,0.18561047474253425,0.8119241096748898,,,,,,,,,0,1,0,0
overloaded,,,,,image,0.0010594594594594594,0.0007840000000000002,0.011291588298077974,0.9868649522424623,,,,,,,,,0,1,0,0
overloaded,,,,,image,0.46967353436497833,0.31294186882396086,0.13771599071533408,0.07966860609572686,,,,,,,,,0,1,0,0
overloaded,,,,,image,0.07028042213471802,0.04638912794751736,0.21854889837237895,0.6647815515453853,,,,,,,,,0,1,0,0
overloaded,,,,,image,0.01036450473335596,0.004618248715245387,0.053846366090352094,0.9311708804610462,,,,,,,,,0,1,0,0
overloaded,,,,,image,0.006251711740554385,0.004290133453262064,0.16913033651729076,0.8203278182888926,,,,,,,,,0,1,0,0
overloaded,,,,,image,0.009420115626353977,0.012564398185091688,0.13543645414233074,0.8425790320462229,,,,,,,,,0,1,0,0
overloaded,,,,,image,0.028039196980792845,0.020346187652960045,0.06970944364765849,0.8819051717185885,,,,,,,,,0,1,0,0
overloaded,,,,,image,0.016711851333645337,0.009623302244853298,0.10461767021711126,0.8690471762043896,,,,,,,,,0,1,0,0
overloaded,,,,,image,0.013932683655596106,0.006582837473147051,0.012163343655024014,0.9673211352162329,,,,,,,,,0,1,0,0
overloaded,,,,,image,0.009948421745686475,0.006811428930916526,0.02676707468675018,0.9564730746366469,,,,,,,,,0,1,0,0
overloaded,,,,,image,0.004850815850815851,0.0031000311872036016,0.16278271933609906,0.8292664336258809,,,,,,,,,0,1,0,0
overloaded,,,,,image,0.0021648140876288214,0.0032735694857279887,0.5275491894617964,0.4670124269648468,,,,,,,,,0,1,0,0
overloaded,,,,,image,0.015467224953843943,0.007612499239593543,0.30694895258032173,0.6699713232262402,,,,,,,,,0,1,0,0
overloaded,,,,,image,0.016104665370237185,0.010478168011787381,0.1163849675297704,0.8570321990882045,,,,,,,,,0,1,0,0
overloaded,,,,,image,0.001967521367521368,0.0007840000000000002,0.013542553883132054,0.9837059247493465,,,,,,,,,0,1,0,0
overloaded,,,,,image,0.0012564102564102564,0.0,0.02572135911722932,0.9730222306263605,,,,,,,,,0,1,0,0
overloaded,,,,,image,0.0,0.002450510233060073,0.10915448603298944,0.88839500373395,,,,,,,,,0,1,0,0
overloaded,,,,,image,0.002926864801864802,0.0,0.02700575844853161,0.9700673767496033,,,,,,,,,0,1,0,0
overloaded,,,,,image,0.0012564102564102564,0.0014411764705882352,0.019472796721621208,0.97782961655138,,,,,,,,,0,1,0,0
overloaded,,,,,image,0.0048576356840334374,0.005557404300437839,0.1179185174619662,0.8716664425535618,,,,,,,,,0,1,0,0
distracted,,,,,keystroke,,,,,0.30391507465287365,0.6239398657608439,0.07072871903251002,0.0014163405537721365,,,,,0,0,1,0
focused,,,,,keystroke,,,,,0.9999832584913264,5.683234260741348e-10,1.1023300765843597e-09,1.6739838020034016e-05,,,,,0,0,1,0
overloaded,,,,,keystroke,,,,,6.699806589484042e-10,1.1495548570308558e-09,1.9608731737090633e-09,0.9999999962195913,,,,,0,0,1,0
overloaded,,,,,keystroke,,,,,8.598912263613472e-08,2.548914383355231e-07,1.3710737834892064e-07,0.9999995220120607,,,,,0,0,1,0
focused,,,,,keystroke,,,,,0.9999959763742444,1.4413851581927114e-11,9.241980114951716e-12,4.023602099640938e-06,,,,,0,0,1,0
focused,,,,,keystroke,,,,,0.9999999034408448,2.8095177579651127e-14,1.9570210504664688e-14,9.655910758230506e-08,,,,,0,0,1,0
focused,,,,,keystroke,,,,,0.9999571558459937,1.849771775861749e-09,1.1409111494166514e-09,4.284116332351622e-05,,,,,0,0,1,0
focused,,,,,keystroke,,,,,0.9953386216502784,1.9383989658216865e-05,1.402966596000758e-05,0.004627964694103359,,,,,0,0,1,0
overloaded,,,,,keystroke,,,,,0.12214293000401938,9.649788142436577e-05,0.002286167885040909,0.8754744042295153,,,,,0,0,1,0
fatigued,,,,,keystroke,,,,,0.1636237446626455,0.00030941197774131824,0.8360657273762798,1.115983333273495e-06,,,,,0,0,1,0
fatigued,,,,,keystroke,,,,,0.10159987207466799,0.000547571735277424,0.8978432470817939,9.309108260731299e-06,,,,,0,0,1,0
fatigued,,,,,keystroke,,,,,0.013879410903490288,0.00010180029068439697,0.9860098883703694,8.900435455803582e-06,,,,,0,0,1,0
fatigued,,,,,keystroke,,,,,7.234662776195403e-05,1.493236550245296e-07,0.9997595759163216,0.00016792813226132892,,,,,0,0,1,0
fatigued,,,,,keystroke,,,,,4.951025774924209e-05,0.0017140308740552577,0.9981432233457579,9.323552243749443e-05,,,,,0,0,1,0
fatigued,,,,,keystroke,,,,,3.349947815609531e-08,0.002576624865734087,0.9974078575847182,1.5484050069630638e-05,,,,,0,0,1,0
overloaded,,,,,keystroke,,,,,6.042709057763633e-07,5.537565210051229e-07,1.1891484239940529e-06,0.9999976528241491,,,,,0,0,1,0
fatigued,,,,,keystroke,,,,,0.003305726659052272,0.00010017713080447915,0.9890045112000012,0.007589585010142029,,,,,0,0,1,0
fatigued,,,,,keystroke,,,,,5.23411059268025e-08,3.611730432551847e-09,0.9999836842261614,1.625982100249943e-05,,,,,0,0,1,0
overloaded,,,,,keystroke,,,,,8.035765576258098e-07,0.00014502793174863337,0.37454715491273277,0.6253070135789607,,,,,0,0,1,0
fatigued,,,,,keystroke,,,,,6.690033583921729e-05,0.003642208013139539,0.8702769835993729,0.1260139080516481,,,,,0,0,1,0
distracted,,,,,keystroke,,,,,1.0685719751298089e-07,0.9395627181284791,0.06043702462318132,1.503911421432755e-07,,,,,0,0,1,0
fatigued,,,,,keystroke,,,,,6.620051376913071e-05,0.49565782298740585,0.5041604441628413,0.00011553233598367979,,,,,0,0,1,0
fatigued,,,,,keystroke,,,,,0.014986341605765202,0.00013763525121163637,0.9837637545483394,0.0011122685946838345,,,,,0,0,1,0
fatigued,,,,,keystroke,,,,,0.086104235301498,0.00018140869800330206,0.9137109845691752,3.371431323652727e-06,,,,,0,0,1,0
fatigued,,,,,keystroke,,,,,0.004072466919969316,0.0020611681002538494,0.9938655266380035,8.383417732301409e-07,,,,,0,0,1,0
fatigued,,,,,keystroke,,,,,0.00020974580307978687,0.0022726015119235413,0.9975073313247361,1.0321360260587856e-05,,,,,0,0,1,0
fatigued,,,,,keystroke,,,,,0.00282975967648452,4.517264255556708e-06,0.9970799876084536,8.573545080625802e-05,,,,,0,0,1,0
focused,,,,,keystroke,,,,,0.8968023420119128,3.451896712709959e-05,0.10315758044487636,5.5585760833218075e-06,,,,,0,0,1,0
overloaded,,,,,keystroke,,,,,1.9522065203688335e-10,5.906385536491224e-10,4.0988588261362776e-10,0.9999999988042549,,,,,0,0,1,0
overloaded,,,,,keystroke,,,,,1.3803905194957059e-14,4.1816354403477493e-14,2.8265733640296505e-14,0.9999999999999162,,,,,0,0,1,0
distracted,,,,,keystroke,,,,,0.26740397138644395,0.7315480258147625,0.0008411332940169053,0.00020686950477648863,,,,,0,0,1,0
focused,,,,,keystroke,,,,,0.9999998323734154,1.6615614004447995e-13,1.7631560229282105e-13,1.676262419924376e-07,,,,,0,0,1,0
focused,,,,,keystroke,,,,,0.9999887737262982,9.504470335448735e-09,8.184210751810324e-09,1.1208585020671468e-05,,,,,0,0,1,0
distracted,,,,,keystroke,,,,,0.02243706387619476,0.9769317443424276,0.0005058458699387639,0.0001253459114388246,,,,,0,0,1,0
distracted,,,,,keystroke,,,,,3.350060735207132e-08,0.9999998141918696,5.108808054439521e-08,1.0121944268704821e-07,,,,,0,0,1,0
distracted,,,,,keystroke,,,,,3.336313270181562e-08,0.9999998042835387,5.745495229127264e-08,1.048983762408637e-07,,,,,0,0,1,0
focused,,,,,keystroke,,,,,0.9999995172463388,4.0923605903602145e-09,2.2988244519676947e-09,4.7636247604698073e-07,,,,,0,0,1,0
distracted,,,,,keystroke,,,,,7.249602181275875e-08,0.9998720853458398,5.870377432944598e-08,0.00012778345436403245,,,,,0,0,1,0
distracted,,,,,keystroke,,,,,4.654973694864898e-08,0.9999959887882768,5.036995550782947e-08,3.914292030727195e-06,,,,,0,0,1,0
distracted,,,,,keystroke,,,,,0.017254474059629134,0.9823293101954853,0.00011654637512230944,0.0002996693697632322,,,,,0,0,1,0
focused,,,,,keystroke,,,,,0.7732501197427107,0.22032329512872964,8.03883360276896e-05,0.006346196792531874,,,,,0,0,1,0
focused,,,,,keystroke,,,,,0.9999203198089541,6.955269969098378e-08,2.8160079701462643e-08,7.958247826644916e-05,,,,,0,0,1,0
focused,,,,,keystroke,,,,,0.9944895668622211,0.005191444729793029,1.2866198678338138e-05,0.0003061222093075539,,,,,0,0,1,0
focused,,,,,keystroke,,,,,0.9862459183140267,0.011522792047611155,1.075852559357993e-05,0.002220531112768385,,,,,0,0,1,0
focused,,,,,keystroke,,,,,0.9999988596296011,3.2390673201582715e-12,1.5120381131935948e-12,1.1403656477706455e-06,,,,,0,0,1,0
focused,,,,,keystroke,,,,,0.999986418475195,2.1856022650503386e-10,1.609994761826493e-10,1.3581145245414052e-05,,,,,0,0,1,0
focused,,,,,keystroke,,,,,0.9999566382191079,3.063345160170508e-09,6.497248566244268e-09,4.335222029857467e-05,,,,,0,0,1,0
focused,,,,,keystroke,,,,,0.9997764461997715,4.326123865147989e-08,6.981246400873887e-08,0.00022344072652590608,,,,,0,0,1,0
focused,,,,,keystroke,,,,,0.9786638610054764,2.8282777934479774e-06,0.0011052438927786168,0.020228066823951125,,,,,0,0,1,0
focused,,,,,keystroke,,,,,0.996087477104131,1.1274211942936158e-05,1.6278223582325484e-05,0.0038849704603436505,,,,,0,0,1,0
focused,,,,,keystroke,,,,,0.9999937254294932,7.314745264742631e-11,1.296590759760431e-10,6.274367700277793e-06,,,,,0,0,1,0
focused,,,,,keystroke,,,,,0.9991840742724852,5.449306830482389e-07,8.830794266454851e-07,0.0008144977174051849,,,,,0,0,1,0
overloaded,,,,,keystroke,,,,,1.5479776879652102e-08,1.6008046950699528e-08,2.870240303805708e-08,0.9999999398097732,,,,,0,0,1,0
overloaded,,,,,keystroke,,,,,7.092457805972826e-11,1.2582533078670617e-10,2.0948764539486513e-10,0.9999999995937625,,,,,0,0,1,0
focused,,,,,keystroke,,,,,0.8991207465626545,0.02271871521655114,0.0033870831197793357,0.07477345510101477,,,,,0,0,1,0
focused,,,,,keystroke,,,,,0.9999999612430077,3.4233367122282436e-14,2.1651127213913692e-14,3.8756936275135995e-08,,,,,0,0,1,0
focused,,,,,keystroke,,,,,0.9999999653820819,3.0635070465218975e-14,1.7122171318728512e-14,3.461787021861313e-08,,,,,0,0,1,0
focused,,,,,keystroke,,,,,0.9999999589219147,1.8356671212858988e-14,2.918417588278935e-14,4.107803767573057e-08,,,,,0,0,1,0
focused,,,,,keystroke,,,,,0.9996395960672816,9.886562113173211e-08,1.3787218409663334e-07,0.00036016719491305916,,,,,0,0,1,0
focused,,,,,keystroke,,,,,0.999987709951099,2.180376556984979e-10,4.491767650786184e-10,1.228938168675907e-05,,,,,0,0,1,0
focused,,,,,keystroke,,,,,0.999999917825833,3.8728163618118114e-14,6.274931616892142e-14,8.217406565711501e-08,,,,,0,0,1,0
focused,,,,,keystroke,,,,,0.9999814512382655,5.870974262524089e-08,9.45233257094149e-08,1.839552866603793e-05,,,,,0,0,1,0
focused,,,,,keystroke,,,,,0.9999992745318659,3.465695267455175e-08,6.140656486305543e-08,6.294046165270767e-07,,,,,0,0,1,0
focused,,,,,keystroke,,,,,0.9999999665529495,1.5843130731528994e-14,2.84273700231706e-14,3.34470061285694e-08,,,,,0,0,1,0
focused,,,,,keystroke,,,,,0.9999999662029653,1.5789306302397607e-14,2.8291237660776482e-14,3.37969905015453e-08,,,,,0,0,1,0
focused,,,,,keystroke,,,,,0.9999999666403024,3.049532459647366e-12,4.666160724677338e-12,3.335198202084048e-08,,,,,0,0,1,0
focused,,,,,keystroke,,,,,0.999999966635154,6.969675749411467e-12,9.13814739628944e-12,3.334873821910413e-08,,,,,0,0,1,0
focused,,,,,keystroke,,,,,0.9999999661417287,1.6351379649489958e-14,2.8701462201315304e-14,3.38582261518015e-08,,,,,0,0,1,0
focused,,,,,keystroke,,,,,0.9999999659669027,1.688965712140409e-14,2.900214751173156e-14,3.40330515610027e-08,,,,,0,0,1,0
focused,,,,,keystroke,,,,,0.999999966375961,2.1181312666653545e-14,3.040134298663124e-14,3.3623987498879744e-08,,,,,0,0,1,0
focused,,,,,keystroke,,,,,0.664257197012507,0.3292927799168294,0.006117370234785921,0.0003326528358779462,,,,,0,0,1,0
distracted,,,,,keystroke,,,,,3.44796167612558e-08,0.9999859953046858,5.844625523639972e-06,8.125590173896684e-06,,,,,0,0,1,0
distracted,,,,,keystroke,,,,,1.5560078221967121e-07,0.9998476176326555,5.0292211783116925e-06,0.00014719754538379195,,,,,0,0,1,0
distracted,,,,,keystroke,,,,,0.17933383174195325,0.6708855612702209,0.09078572857316326,0.05899487841466267,,,,,0,0,1,0
distracted,,,,,keystroke,,,,,5.014455541907345e-08,0.9999998142804177,9.999937997891723e-08,3.5575647141460223e-08,,,,,0,0,1,0
distracted,,,,,keystroke,,,,,3.343808774403658e-08,0.9999997904489993,7.933096201733275e-08,9.678195099097684e-08,,,,,0,0,1,0
focused,,,,,keystroke,,,,,0.9980919656162874,0.0018742173118991383,3.361852616480563e-05,1.985456484957189e-07,,,,,0,0,1,0
focused,,,,,keystroke,,,,,0.9999999499416792,5.472567278605794e-11,7.61561718905258e-11,4.992743886363263e-08,,,,,0,0,1,0
focused,,,,,keystroke,,,,,0.9400493452598911,0.058917741429317945,0.0010305907234029834,2.3225873877175382e-06,,,,,0,0,1,0
focused,,,,,keystroke,,,,,0.999999966438502,9.817969541719475e-11,6.260999521204953e-11,3.3400708390093767e-08,,,,,0,0,1,0
focused,,,,,keystroke,,,,,0.6572505904672558,0.33910337214592057,0.0036382315172642146,7.80586955935318e-06,,,,,0,0,1,0
focused,,,,,keystroke,,,,,0.7521406164343515,0.24595053498816857,0.0019011364377183914,7.712139761269232e-06,,,,,0,0,1,0
focused,,,,,keystroke,,,,,0.9999999661556999,1.690513384480253e-14,2.911344318651944e-14,3.384425398992819e-08,,,,,0,0,1,0
distracted,,,,,keystroke,,,,,3.557016450220603e-08,0.9931793442215014,0.006820565107060735,5.510127327441434e-08,,,,,0,0,1,0
distracted,,,,,keystroke,,,,,3.333335022846947e-08,0.9999922658103987,7.650856232976593e-06,5.000001806954336e-08,,,,,0,0,1,0
distracted,,,,,keystroke,,,,,4.3493097908777194e-08,0.9999998060717402,9.99995416829563e-08,5.043562008890163e-08,,,,,0,0,1,0
distracted,,,,,keystroke,,,,,3.372529815347499e-08,0.9999997915010385,8.76287580776798e-08,8.7144905598156e-08,,,,,0,0,1,0
distracted,,,,,keystroke,,,,,1.0541856849043744e-07,0.9999998007734823,5.985321832787924e-08,3.39547310253694e-08,,,,,0,0,1,0
focused,,,,,keystroke,,,,,0.9780961954139498,0.021546562736319476,0.0003567864684348979,4.5538129568254236e-07,,,,,0,0,1,0
focused,,,,,keystroke,,,,,0.999999965471935,4.5233958275348905e-10,5.38786424076353e-10,3.3536938942866895e-08,,,,,0,0,1,0
focused,,,,,keystroke,,,,,0.9999999665611521,3.691106025335545e-11,3.5459026934869027e-11,3.3366477780566655e-08,,,,,0,0,1,0
distracted,,,,,keystroke,,,,,0.002464616107274048,0.9973796084331468,0.00015548487610370703,2.9058347531688557e-07,,,,,0,0,1,0
focused,,,,,keystroke,,,,,0.7009149411540969,0.29784803658714254,0.0012344742983160257,2.547960444637617e-06,,,,,0,0,1,0
focused,,,,,keystroke,,,,,0.9999999663627788,1.7310952172210213e-14,2.93610422266379e-14,3.3637174554959054e-08,,,,,0,0,1,0
distracted,,,,,keystroke,,,,,3.333460333556276e-08,0.9999918266565735,8.062168189646467e-06,7.784063369303276e-08,,,,,0,0,1,0
distracted,,,,,keystroke,,,,,0.07698940873815567,0.3672268564735411,0.2455022605372449,0.31028147425105806,,,,,0,0,1,0
overloaded,,,,,keystroke,,,,,1.3425087689363047e-14,3.972478887010484e-14,2.1333839076252648e-14,0.9999999999999255,,,,,0,0,1,0
distracted,,,,,keystroke,,,,,3.344258682936868e-08,0.9997430418271387,0.0002568746811238776,5.004915032239288e-08,,,,,0,0,1,0
distracted,,,,,keystroke,,,,,3.3676209206513184e-08,0.9999997963825221,9.393560019640221e-08,7.600566823192027e-08,,,,,0,0,1,0
distracted,,,,,keystroke,,,,,3.81457759483298e-08,0.9999997949062706,9.697304925327681e-08,6.997490409753846e-08,,,,,0,0,1,0
focused,,,,,keystroke,,,,,0.9834099090284484,0.016246481035440134,0.0003424166372247113,1.1932988865248486e-06,,,,,0,0,1,0
focused,,,,,keystroke,,,,,0.9999999653628603,4.970399581646749e-10,5.876560910695441e-10,3.355244362328195e-08,,,,,0,0,1,0
focused,,,,,keystroke,,,,,0.9999999666049436,1.2874037634958234e-11,1.1289762590504245e-11,3.33708924963846e-08,,,,,0,0,1,0
distracted,,,,,keystroke,,,,,0.002608494007617301,0.9970381883098643,0.00035292405467523836,3.936278430975425e-07,,,,,0,0,1,0
focused,,,,,keystroke,,,,,0.6208215104826458,0.3774514918193381,0.001722761910851257,4.2357871646168795e-06,,,,,0,0,1,0
focused,,,,,keystroke,,,,,0.9999999663453402,1.9445192627464504e-14,3.021305020414603e-14,3.365461008245129e-08,,,,,0,0,1,0
distracted,,,,,keystroke,,,,,3.881821498452779e-08,0.993170581340501,0.006737062180718322,9.231766056570991e-05,,,,,0,0,1,0
distracted,,,,,keystroke,,,,,3.333334053800608e-08,0.9999998166665921,1.0000002161400101e-07,5.0000045831284966e-08,,,,,0,0,1,0
overloaded,,,,,keystroke,,,,,1.342507680193446e-14,3.9724684740959065e-14,2.1333627211208062e-14,0.9999999999999255,,,,,0,0,1,0
focused,,,,,keystroke,,,,,0.979612417013161,0.004804330565002686,0.015576247472907484,7.004948928947689e-06,,,,,0,0,1,0
focused,,,,,keystroke,,,,,0.9911469845207452,0.0001778059807689514,0.008311269975121428,0.00036393952336455506,,,,,0,0,1,0
focused,,,,,keystroke,,,,,0.9999877111074241,3.253716593451393e-10,6.070739632710318e-10,1.2287960130356733e-05,,,,,0,0,1,0
focused,,,,,keystroke,,,,,0.9999999663917342,1.5661936856500974e-14,2.8248785483114013e-14,3.360822181720388e-08,,,,,0,0,1,0
focused,,,,,keystroke,,,,,0.9999993253934899,1.1451724002586141e-12,2.0341013671923185e-12,6.7460333073625e-07,,,,,0,0,1,0
focused,,,,,keystroke,,,,,0.999999952768971,1.7709646782818046e-14,2.9788547832606734e-14,4.723098151933005e-08,,,,,0,0,1,0
focused,,,,,keystroke,,,,,0.9999999665249371,1.5539883935323782e-14,2.8188052497107782e-14,3.347501930872173e-08,,,,,0,0,1,0
focused,,,,,keystroke,,,,,0.9999999665570315,1.5525002822842447e-14,2.8186206252404225e-14,3.3442924784632446e-08,,,,,0,0,1,0
focused,,,,,keystroke,,,,,0.9999999663839526,1.641263452072362e-14,2.878620537853119e-14,3.361600213538084e-08,,,,,0,0,1,0
focused,,,,,keystroke,,,,,0.9999999648404406,1.7428057963322326e-14,2.915289980916532e-14,3.5159512817152174e-08,,,,,0,0,1,0
focused,,,,,keystroke,,,,,0.9999999628429738,1.766611079157078e-14,2.9029815164621985e-14,3.715697947967888e-08,,,,,0,0,1,0
fatigued,,,,,keystroke,,,,,0.00550053678134888,0.20381983505116283,0.7871442331970883,0.0035353949703996693,,,,,0,0,1,0
focused,,,,,keystroke,,,,,0.8343764355545772,0.06848362255768559,0.0967957086277383,0.0003442332599986936,,,,,0,0,1,0
distracted,,,,,keystroke,,,,,0.022067390562784325,0.9664271069173501,0.011412028578680879,9.347394118470777e-05,,,,,0,0,1,0
focused,,,,,keystroke,,,,,0.9999999449683324,2.4280286538236033e-12,4.222102063522117e-12,5.502501745189112e-08,,,,,0,0,1,0
focused,,,,,keystroke,,,,,0.9999999597827967,1.817975143954365e-14,2.90581330817737e-14,4.0217156198512354e-08,,,,,0,0,1,0
focused,,,,,keystroke,,,,,0.9999999658894309,1.586947651608022e-14,2.8265065871001704e-14,3.411052496839937e-08,,,,,0,0,1,0
focused,,,,,keystroke,,,,,0.9999999662772373,1.567384263390716e-14,2.8222785240275952e-14,3.3722718737933025e-08,,,,,0,0,1,0
distracted,,,,,keystroke,,,,,9.865879475219395e-08,0.9999997329931011,7.69789360915915e-08,9.136916807622635e-08,,,,,0,0,1,0
distracted,,,,,keystroke,,,,,9.986912334532381e-08,0.9999996980932023,7.535391279962921e-08,1.2668376131359405e-07,,,,,0,0,1,0
focused,,,,,keystroke,,,,,0.999995534588867,5.420031002675694e-07,3.042458903089358e-07,3.6191621424116793e-06,,,,,0,0,1,0
focused,,,,,keystroke,,,,,0.9999999231935901,6.835968000970031e-14,4.03998817139182e-14,7.68063011088563e-08,,,,,0,0,1,0
focused,,,,,keystroke,,,,,0.9982898927952114,2.8648598446476197e-06,1.6036209112607709e-06,0.0017056387240326272,,,,,0,0,1,0
focused,,,,,keystroke,,,,,0.9998170714013703,4.4250449354609996e-08,2.389405420405819e-08,0.00018286045412609645,,,,,0,0,1,0
focused,,,,,keystroke,,,,,0.9999999650753459,3.1417276939566323e-14,1.9418469049423662e-14,3.49246033457396e-08,,,,,0,0,1,0
focused,,,,,keystroke,,,,,0.9999930144826835,4.013756496289016e-08,2.1708932982373007e-08,6.923670818666554e-06,,,,,0,0,1,0
focused,,,,,keystroke,,,,,0.9999996359327361,7.98861158573623e-13,6.890082981003524e-13,3.6406577610022844e-07,,,,,0,0,1,0
focused,,,,,keystroke,,,,,0.9567976337342433,0.041964742729266265,0.0002837406420330985,0.0009538828944571603,,,,,0,0,1,0
focused,,,,,keystroke,,,,,0.9615862097720742,0.038159793805932214,9.118313685225195e-05,0.00016281328514132617,,,,,0,0,1,0
focused,,,,,keystroke,,,,,0.9999999660512682,3.0480080460886075e-14,2.2384627737876744e-14,3.39486787639877e-08,,,,,0,0,1,0
focused,,,,,keystroke,,,,,0.9999999664425493,2.3830300103731508e-14,3.000322262476288e-14,3.355739686793172e-08,,,,,0,0,1,0
focused,,,,,keystroke,,,,,0.9999999665458006,2.083439472076838e-14,3.034672558546792e-14,3.3454148192519184e-08,,,,,0,0,1,0
focused,,,,,keystroke,,,,,0.999999944374363,1.99795849315226e-10,1.1377878947939871e-10,5.531206224399344e-08,,,,,0,0,1,0
distracted,,,,,keystroke,,,,,0.027016093161502365,0.9725895836210132,0.00036843748512120167,2.5885732363207463e-05,,,,,0,0,1,0
distracted,,,,,keystroke,,,,,0.022222709724826345,0.977408147639844,0.0002811433792066523,8.799925612314989e-05,,,,,0,0,1,0
distracted,,,,,keystroke,,,,,0.49927733605128893,0.5005941269780125,9.36271251293087e-05,3.4909845568976024e-05,,,,,0,0,1,0
focused,,,,,keystroke,,,,,0.6771191105646623,0.32284613987744126,2.8561592470964473e-05,6.187965425522261e-06,,,,,0,0,1,0
focused,,,,,keystroke,,,,,0.9999999601135925,1.8124587406925454e-14,2.905780315348177e-14,3.98863601700153e-08,,,,,0,0,1,0
focused,,,,,keystroke,,,,,0.9999999598741646,1.8245261199757873e-14,2.9219210872455805e-14,4.0125787943894017e-08,,,,,0,0,1,0
focused,,,,,keystroke,,,,,0.9999999657674439,1.594150178945373e-14,2.829219202237142e-14,3.423251186397761e-08,,,,,0,0,1,0
focused,,,,,keystroke,,,,,0.9999999663583123,1.5628710788804698e-14,2.8209880686276616e-14,3.364164377467012e-08,,,,,0,0,1,0
focused,,,,,keystroke,,,,,0.9999999665367019,1.5579506017217582e-14,2.822528207090422e-14,3.34632541487133e-08,,,,,0,0,1,0
focused,,,,,keystroke,,,,,0.7163594512101721,0.2761172120397911,0.007437483124830284,8.585362520663692e-05,,,,,0,0,1,0
focused,,,,,keystroke,,,,,0.8272932363127535,0.16575331071254099,0.006884417717158294,6.903525754713536e-05,,,,,0,0,1,0
focused,,,,,keystroke,,,,,0.9999999665216236,1.8548412645540058e-11,2.0419290466959117e-11,3.343940868967434e-08,,,,,0,0,1,0
focused,,,,,keystroke,,,,,0.9999999657439377,1.600605918355814e-14,2.8336788638503228e-14,3.4256017838261644e-08,,,,,0,0,1,0
focused,,,,,keystroke,,,,,0.9999963035328677,4.990062905174246e-08,3.7354818826456625e-08,3.6092116845660274e-06,,,,,0,0,1,0
distracted,,,,,keystroke,,,,,8.749485124318147e-05,0.9999047569159719,6.7420213734345435e-06,1.006211411360193e-06,,,,,0,0,1,0
distracted,,,,,keystroke,,,,,0.16714924440261605,0.8307373505868122,0.0020884639356131083,2.4941074958716938e-05,,,,,0,0,1,0
focused,,,,,keystroke,,,,,0.9999999628090495,1.9258775224014937e-14,3.004954496781721e-14,3.719090124806524e-08,,,,,0,0,1,0
distracted,,,,,keystroke,,,,,3.728413212594979e-05,0.9999620851312464,1.7221004253240764e-07,4.5852658524199373e-07,,,,,0,0,1,0
distracted,,,,,keystroke,,,,,3.8118707816090775e-07,0.9999994697715218,1.1202091985756761e-07,3.702048004518011e-08,,,,,0,0,1,0
focused,,,,,keystroke,,,,,0.9999999567343766,3.1003825499432914e-10,2.6801477723934957e-10,4.268757043059507e-08,,,,,0,0,1,0
focused,,,,,keystroke,,,,,0.9999999663404447,1.5824854613537767e-14,2.835325504132539e-14,3.36595110521356e-08,,,,,0,0,1,0
focused,,,,,keystroke,,,,,0.9999999572069611,1.8697062185993027e-14,2.9577663070902316e-14,4.2792990488891444e-08,,,,,0,0,1,0
focused,,,,,keystroke,,,,,0.9999978901251702,8.974929862375761e-12,1.7549662630132577e-11,2.1098483052156558e-06,,,,,0,0,1,0
focused,,,,,keystroke,,,,,0.9999999605013975,1.801599992667176e-14,2.896865992299184e-14,3.949855551430556e-08,,,,,0,0,1,0
focused,,,,,keystroke,,,,,0.9999996928950615,5.299863237640832e-10,9.218523776935149e-10,3.0565309972912766e-07,,,,,0,0,1,0
focused,,,,,keystroke,,,,,0.9858369566342978,0.009501340424671349,0.004652387239081703,9.315701949373895e-06,,,,,0,0,1,0
focused,,,,,keystroke,,,,,0.9999999533544424,3.849406715522875e-09,6.97323383123782e-09,3.582291723063857e-08,,,,,0,0,1,0
focused,,,,,keystroke,,,,,0.9999997770417759,7.27661048576715e-10,1.211917808534149e-09,2.210186452508963e-07,,,,,0,0,1,0
focused,,,,,keystroke,,,,,0.9999999645346214,1.6535286782032022e-14,2.8442281525652456e-14,3.546533350003268e-08,,,,,0,0,1,0
focused,,,,,keystroke,,,,,0.9999999551354027,1.8356057507232703e-14,2.9545223882396e-14,4.486454942716156e-08,,,,,0,0,1,0
focused,,,,,keystroke,,,,,0.9999701816106679,1.776276507351232e-08,3.82924212853813e-08,2.9762334145670393e-05,,,,,0,0,1,0
focused,,,,,keystroke,,,,,0.9999999666103432,1.2547408360462574e-11,2.280838385555536e-11,3.335430106877073e-08,,,,,0,0,1,0
focused,,,,,keystroke,,,,,0.998448504352111,0.0014361522527437764,0.00010461883525792605,1.0724559887633097e-05,,,,,0,0,1,0
focused,,,,,keystroke,,,,,0.9999938576904333,2.022278975632852e-10,2.758956114739302e-10,6.141831443134755e-06,,,,,0,0,1,0
focused,,,,,keystroke,,,,,0.9999999636966466,1.7232739038553906e-14,2.886445264002943e-14,3.630330733946596e-08,,,,,0,0,1,0
focused,,,,,keystroke,,,,,0.9999994267754122,8.377930129325238e-09,6.177819519946676e-09,5.586688381937264e-07,,,,,0,0,1,0
focused,,,,,keystroke,,,,,0.9999982067026114,2.893462989249972e-08,2.1557596109758215e-08,1.7428051625752024e-06,,,,,0,0,1,0
focused,,,,,keystroke,,,,,0.99999996561934,1.7025643188017815e-14,2.902967939367748e-14,3.4380613915517336e-08,,,,,0,0,1,0
focused,,,,,keystroke,,,,,0.9999993256457356,8.478565649732222e-13,1.7132202485320537e-12,6.743517032147844e-07,,,,,0,0,1,0
focused,,,,,keystroke,,,,,0.9999996493937992,2.4680723974608693e-13,4.974241958802005e-13,3.5060545675457223e-07,,,,,0,0,1,0
focused,,,,,keystroke,,,,,0.9999999650174908,1.6867734703810204e-14,2.879621917080955e-14,3.4982463776721325e-08,,,,,0,0,1,0
focused,,,,,keystroke,,,,,0.9999999629183318,2.2617526401090474e-14,3.115773364340595e-14,3.708161452142593e-08,,,,,0,0,1,0
focused,,,,,keystroke,,,,,0.999999966027788,1.5803234821954874e-14,2.825149994938274e-14,3.3972167888250714e-08,,,,,0,0,1,0
focused,,,,,keystroke,,,,,0.9999999655081145,1.6168796078639446e-14,2.8413172392737682e-14,3.449184095608373e-08,,,,,0,0,1,0
focused,,,,,keystroke,,,,,0.9999999617063525,1.7944027130397014e-14,2.91482507135492e-14,3.829360052435373e-08,,,,,0,0,1,0
focused,,,,,keystroke,,,,,0.9999999652456505,1.62839444181146e-14,2.8437236163823605e-14,3.475430471068878e-08,,,,,0,0,1,0
focused,,,,,keystroke,,,,,0.9999999652909489,1.2258015755751964e-13,2.1483517199180875e-13,3.470871370284446e-08,,,,,0,0,1,0
focused,,,,,keystroke,,,,,0.9999999653083843,2.116250610974187e-14,3.7104430286764493e-14,3.4691557318418874e-08,,,,,0,0,1,0
focused,,,,,keystroke,,,,,0.9999999664524423,1.5592258928261873e-14,2.8208228100473668e-14,3.354751389537256e-08,,,,,0,0,1,0
focused,,,,,keystroke,,,,,0.9999994315147568,6.383714416860939e-13,1.187220591113435e-12,5.68483417645325e-07,,,,,0,0,1,0
focused,,,,,keystroke,,,,,0.999998468281058,9.968913348143209e-12,1.3861826485706143e-11,1.531695111135961e-06,,,,,0,0,1,0
focused,,,,,keystroke,,,,,0.9961517111432266,1.3611625794817625e-05,2.511955293067417e-05,0.0038095576780478872,,,,,0,0,1,0
focused,,,,,keystroke,,,,,0.6337382546049339,0.002059308801917735,0.14448364332381447,0.21971879326933383,,,,,0,0,1,0
overloaded,,,,,keystroke,,,,,0.005817785557825994,9.409632304937221e-05,0.0003321128548798468,0.9937560052642448,,,,,0,0,1,0
focused,,,,,keystroke,,,,,0.4662636293888556,3.1865286794516745e-05,0.00017715150835495173,0.5335273538159946,,,,,0,0,1,0
focused,,,,,keystroke,,,,,0.9999474316102605,4.715265930484368e-09,1.0125100768032193e-08,5.255354937277211e-05,,,,,0,0,1,0
focused,,,,,keystroke,,,,,0.9999740484603854,1.0738032597329307e-09,2.2572142414368944e-09,2.5948208597165308e-05,,,,,0,0,1,0
focused,,,,,keystroke,,,,,0.9999999647684915,3.1489772705803675e-14,1.9791218171454593e-14,3.5231457123420936e-08,,,,,0,0,1,0
focused,,,,,keystroke,,,,,0.9999994326844622,1.2321378635010964e-12,7.583870015180511e-13,5.673135472466385e-07,,,,,0,0,1,0
focused,,,,,keystroke,,,,,0.9214806945325165,0.029372944987064373,0.0010563473460689931,0.048090013134350344,,,,,0,0,1,0
focused,,,,,keystroke,,,,,0.9915981857715436,0.005052564480214104,0.0011361871674415453,0.0022130625808006814,,,,,0,0,1,0
focused,,,,,keystroke,,,,,0.9998158421049038,3.765629161046255e-07,3.0934245167192714e-07,0.00018347198972846663,,,,,0,0,1,0
overloaded,,,,,keystroke,,,,,0.600307740486286,0.005727089083018127,0.002527263354476118,0.3914379070762199,,,,,0,0,1,0
focused,,,,,keystroke,,,,,0.9520090921913476,0.003432876571808877,9.109409487605651e-05,0.044466937141967575,,,,,0,0,1,0
focused,,,,,keystroke,,,,,0.9559305755395053,0.018494789331401414,0.0002387079628310227,0.025335927166262196,,,,,0,0,1,0
distracted,,,,,keystroke,,,,,0.21788354940216195,0.5898655593904435,0.0010795387370810584,0.19117135247031306,,,,,0,0,1,0
focused,,,,,keystroke,,,,,0.8887091446046417,0.10839173208423875,0.00016604149700300078,0.002733081814116551,,,,,0,0,1,0
focused,,,,,keystroke,,,,,0.9897611933528915,7.684487336679425e-05,7.24619050169081e-05,0.010089499868724976,,,,,0,0,1,0
focused,,,,,keystroke,,,,,0.9599833698986022,0.0007990019929035407,0.00021190472873552004,0.039005723379758606,,,,,0,0,1,0
focused,,,,,keystroke,,,,,0.9972302908497128,1.2456990208474389e-05,7.406519843275461e-06,0.0027498456402353945,,,,,0,0,1,0
focused,,,,,keystroke,,,,,0.9999965943294444,1.5426093794422482e-11,2.914821435595193e-11,3.405625981510735e-06,,,,,0,0,1,0
focused,,,,,keystroke,,,,,0.9885283344054937,0.011175858620923507,5.8590628149527374e-05,0.00023721634543340456,,,,,0,0,1,0
distracted,,,,,keystroke,,,,,0.03067035956480674,0.8503272928723157,0.005560713984672941,0.11344163357820479,,,,,0,0,1,0
overloaded,,,,,keystroke,,,,,6.601252971641197e-07,1.998763955371013e-06,1.2212491813991152e-06,0.9999961198615661,,,,,0,0,1,0
overloaded,,,,,keystroke,,,,,0.010379657039427628,0.3375488846815385,0.009845063629374984,0.6422263946496586,,,,,0,0,1,0
focused,,,,,keystroke,,,,,0.9999867345342132,1.324283721238328e-06,7.601923467591978e-07,1.1180989718830337e-05,,,,,0,0,1,0
focused,,,,,keystroke,,,,,0.9999997600748403,4.4355098695100433e-13,2.617146710362581e-13,2.399244546005613e-07,,,,,0,0,1,0
distracted,,,,,keystroke,,,,,2.802258692678121e-06,0.9999970328424781,5.0821617077870906e-08,1.1407721240137815e-07,,,,,0,0,1,0
distracted,,,,,keystroke,,,,,6.21867416487425e-07,0.9999990693791699,6.579031104250779e-08,2.4296310254405617e-07,,,,,0,0,1,0
focused,,,,,keystroke,,,,,0.9999999622816282,2.183019641833903e-14,3.0999632795537316e-14,3.771831881416351e-08,,,,,0,0,1,0
focused,,,,,keystroke,,,,,0.9999999661459414,1.5739019000577485e-14,2.8234584921923885e-14,3.3854014532615e-08,,,,,0,0,1,0
focused,,,,,keystroke,,,,,0.9999999658764404,1.6699965320371456e-14,2.888157867066674e-14,3.412351409109894e-08,,,,,0,0,1,0
focused,,,,,keystroke,,,,,0.9999999453893806,4.279542113697166e-14,2.908536893513365e-14,5.461054761196211e-08,,,,,0,0,1,0
focused,,,,,keystroke,,,,,0.9999999640387155,2.2919750323136078e-14,3.107706723864342e-14,3.5961230522877026e-08,,,,,0,0,1,0
focused,,,,,keystroke,,,,,0.9911011353227301,1.3182235846683244e-05,0.002009358195302512,0.006876324246120767,,,,,0,0,1,0
overloaded,,,,,keystroke,,,,,0.1452295826290579,0.0043214859050866505,0.03187148547563171,0.8185774459902238,,,,,0,0,1,0
focused,,,,,keystroke,,,,,0.9999827957084583,1.4635425012211514e-06,8.286059133284418e-07,1.4912143127267436e-05,,,,,0,0,1,0
focused,,,,,keystroke,,,,,0.9999999586398137,2.384205629236109e-14,3.1957173880198996e-14,4.136013046631316e-08,,,,,0,0,1,0
focused,,,,,keystroke,,,,,0.9999999595258096,2.0542874686109084e-14,3.063550913149334e-14,4.047413929308282e-08,,,,,0,0,1,0
focused,,,,,keystroke,,,,,0.9999999651243213,2.4944476329243557e-14,3.0359572707257426e-14,3.4875623322075e-08,,,,,0,0,1,0
focused,,,,,keystroke,,,,,0.9999999061034269,9.464790000465945e-14,5.990111993119924e-14,9.389641837910622e-08,,,,,0,0,1,0
focused,,,,,keystroke,,,,,0.999999958706517,1.837229991006449e-14,2.9182600129763606e-14,4.12934354872997e-08,,,,,0,0,1,0
focused,,,,,keystroke,,,,,0.9999999659988678,1.581626928928134e-14,2.8256159154785593e-14,3.4001088133836794e-08,,,,,0,0,1,0
focused,,,,,keystroke,,,,,0.9999997040293235,8.946962243000387e-09,1.604386267546392e-08,2.709798515680403e-07,,,,,0,0,1,0
focused,,,,,keystroke,,,,,0.9999987440440444,6.17138733001018e-08,1.0847818354297664e-07,1.0857638987896682e-06,,,,,0,0,1,0
focused,,,,,keystroke,,,,,0.9985107358876204,5.5723473511051266e-05,0.0014332805552279366,2.6008364097940176e-07,,,,,0,0,1,0
focused,,,,,keystroke,,,,,0.9999998929453331,1.9326629831230336e-08,3.311421273638578e-08,5.461382423622744e-08,,,,,0,0,1,0
focused,,,,,keystroke,,,,,0.9999999664432978,1.5584774208551817e-14,2.819955087773928e-14,3.355665855264211e-08,,,,,0,0,1,0
focused,,,,,keystroke,,,,,0.9999999321866384,3.2734058793103366e-14,4.8331548199180815e-14,6.781328041410445e-08,,,,,0,0,1,0
focused,,,,,keystroke,,,,,0.9999342902886159,9.795104555458073e-07,5.659203113765598e-07,6.416428061716055e-05,,,,,0,0,1,0
distracted,,,,,keystroke,,,,,0.4779348503875999,0.5164064184195419,0.0027352995846564596,0.0029234316082016655,,,,,0,0,1,0
focused,,,,,keystroke,,,,,0.9999987268132914,1.0673490358327523e-09,1.3852660949288015e-09,1.2707340935172926e-06,,,,,0,0,1,0
focused,,,,,keystroke,,,,,0.9999919679875552,3.970010333508029e-08,5.573932709174381e-08,7.93657301436698e-06,,,,,0,0,1,0
focused,,,,,keystroke,,,,,0.9978870927250918,0.0014888933300594522,0.0003075934431120365,0.0003164205017368272,,,,,0,0,1,0
focused,,,,,keystroke,,,,,0.9999978493266702,3.603865506791284e-10,2.049813727923841e-10,2.150107961779701e-06,,,,,0,0,1,0
focused,,,,,keystroke,,,,,0.999997052668409,4.294441977248895e-09,2.439447615800747e-09,2.940597701550078e-06,,,,,0,0,1,0
focused,,,,,keystroke,,,,,0.9999999624735231,1.9859386334123838e-14,3.0411434069658886e-14,3.7526426672883766e-08,,,,,0,0,1,0
focused,,,,,keystroke,,,,,0.49002543496510553,0.00017283050362522132,0.001020467506337227,0.5087812670249316,,,,,0,0,1,0
overloaded,,,,,keystroke,,,,,2.1147654049842876e-14,2.65519301362048e-14,2.588168141687474e-14,0.9999999999999264,,,,,0,0,1,0
overloaded,,,,,keystroke,,,,,2.8056407954427962e-14,2.7482801096110973e-14,2.6841980357996958e-14,0.9999999999999176,,,,,0,0,1,0
focused,,,,,keystroke,,,,,0.4809663106483314,0.0006026548565428886,0.00028835740182343617,0.5181426770933022,,,,,0,0,1,0
focused,,,,,keystroke,,,,,0.998558381599828,6.336921741240261e-06,2.9517234588919873e-06,0.0014323297549720079,,,,,0,0,1,0
overloaded,,,,,keystroke,,,,,1.3453509027375002e-14,3.975176465885305e-14,2.1340960542069414e-14,0.9999999999999254,,,,,0,0,1,0
overloaded,,,,,keystroke,,,,,1.4580072166701884e-14,4.098367899216685e-14,2.1255654229530856e-14,0.9999999999999232,,,,,0,0,1,0
focused,,,,,keystroke,,,,,0.9725883872538863,0.0005875129112310484,0.000444364361902784,0.026379735472979726,,,,,0,0,1,0
focused,,,,,keystroke,,,,,0.9999988598199764,2.9930920736285645e-12,5.337689297624962e-12,1.1401716927685362e-06,,,,,0,0,1,0
focused,,,,,keystroke,,,,,0.9488417474366976,0.00560173501835205,0.012167535223912581,0.03338898232103797,,,,,0,0,1,0
focused,,,,,keystroke,,,,,0.9905544393436055,0.0027149832522639947,0.0010192591002663018,0.005711318303864095,,,,,0,0,1,0
focused,,,,,keystroke,,,,,0.9999992751424193,1.7250249154710664e-12,2.6511799328344444e-12,7.248532044554222e-07,,,,,0,0,1,0
focused,,,,,keystroke,,,,,0.9999993385914369,8.87792237515131e-13,1.629565887020971e-12,6.614060457693784e-07,,,,,0,0,1,0
overloaded,,,,,keystroke,,,,,4.063068726643494e-11,3.5652787071483767e-11,2.7994311797820085e-11,0.9999999998957223,,,,,0,0,1,0
overloaded,,,,,keystroke,,,,,2.0692174928455587e-14,1.9293945885498526e-14,4.021550481880235e-14,0.9999999999999198,,,,,0,0,1,0
focused,,,,,keystroke,,,,,0.9999996521888185,7.619593824383376e-13,5.20541264674693e-13,3.478098989777796e-07,,,,,0,0,1,0
focused,,,,,keystroke,,,,,0.9999997784656781,3.5610346244510684e-13,3.1877841980480384e-13,2.2153364706251365e-07,,,,,0,0,1,0
focused,,,,,keystroke,,,,,0.9930254864944713,0.006960813794550928,3.3992233567201114e-06,1.0300487621112686e-05,,,,,0,0,1,0
focused,,,,,keystroke,,,,,0.988605989501516,0.011385716697928523,4.535011670126719e-06,3.7587888855042647e-06,,,,,0,0,1,0
focused,,,,,keystroke,,,,,0.9995381564040198,2.730059447735599e-07,4.52131520684357e-07,0.00046111845851452615,,,,,0,0,1,0
focused,,,,,keystroke,,,,,0.9992354493183494,6.16054954385008e-07,1.0764319892746505e-06,0.0007628581947069485,,,,,0,0,1,0
focused,,,,,keystroke,,,,,0.9999999659781295,2.992680828629426e-14,2.4660072220688857e-14,3.402181592779661e-08,,,,,0,0,1,0
focused,,,,,keystroke,,,,,0.9950569572401683,0.00493920551458031,1.8528210907281878e-06,1.9844241606703135e-06,,,,,0,0,1,0
distracted,,,,,keystroke,,,,,0.16817787492564462,0.7970345192095991,0.0012761565837267222,0.03351144928102935,,,,,0,0,1,0
focused,,,,,keystroke,,,,,0.5861578594561065,0.41378200814843513,5.68591886165272e-05,3.2732068417554556e-06,,,,,0,0,1,0
distracted,,,,,keystroke,,,,,3.744367909100342e-08,0.9999995097908435,7.670094977019506e-08,3.760645274480491e-07,,,,,0,0,1,0
distracted,,,,,keystroke,,,,,1.5101450387445098e-06,0.9999819121936381,1.0168543182293408e-06,1.5560807004777524e-05,,,,,0,0,1,0
focused,,,,,keystroke,,,,,0.9999999662748563,3.049053847493754e-14,2.168626228894567e-14,3.372509131039578e-08,,,,,0,0,1,0
focused,,,,,keystroke,,,,,0.999999965538267,2.6027107263503067e-14,2.970674462362289e-14,3.446167732237873e-08,,,,,0,0,1,0
focused,,,,,keystroke,,,,,0.9999999662343232,2.2716738455746156e-14,3.03696485837384e-14,3.3765623763395036e-08,,,,,0,0,1,0
focused,,,,,keystroke,,,,,0.9999999658149777,2.593901435543397e-14,2.9583400445779e-14,3.418496689783495e-08,,,,,0,0,1,0
focused,,,,,keystroke,,,,,0.9999999017937468,9.517422089472055e-14,5.58254395908412e-14,9.820610234014151e-08,,,,,0,0,1,0
focused,,,,,keystroke,,,,,0.9999999590907147,3.3182222398778327e-14,1.84508812241439e-14,4.090923343647042e-08,,,,,0,0,1,0
focused,,,,,keystroke,,,,,0.9999999599816678,3.368712793591452e-14,1.8447577074455476e-14,4.0018279953435804e-08,,,,,0,0,1,0
distracted,,,,,keystroke,,,,,0.010266350995135084,0.9893413156218122,4.0476381419935604e-05,0.00035185700163284063,,,,,0,0,1,0
focused,,,,,keystroke,,,,,0.9256597858919681,0.07370370550274387,0.0005253096539500455,0.00011119895133804477,,,,,0,0,1,0
distracted,,,,,keystroke,,,,,0.32806989526196734,0.6644780493673484,0.0038811332656970834,0.003570922104987194,,,,,0,0,1,0
overloaded,,,,,keystroke,,,,,0.00015503455759791139,0.18383892317349756,0.0010127327614272736,0.8149933095074773,,,,,0,0,1,0
overloaded,,,,,keystroke,,,,,0.21481131354616453,0.0014319160933169053,0.004167905428258082,0.7795888649322605,,,,,0,0,1,0
focused,,,,,keystroke,,,,,0.9999992022097219,1.0247607609922885e-09,6.065305715096222e-10,7.961589868448959e-07,,,,,0,0,1,0
focused,,,,,keystroke,,,,,0.8762146878676721,0.12272689333795694,0.0010446837761997536,1.373501817112092e-05,,,,,0,0,1,0
focused,,,,,keystroke,,,,,0.7874317704753219,0.21114688512267274,0.001342617422402599,7.872697960266144e-05,,,,,0,0,1,0
focused,,,,,keystroke,,,,,0.9998867460104737,3.239106285611011e-07,2.792583815467743e-07,0.00011265082051616146,,,,,0,0,1,0
distracted,,,,,keystroke,,,,,0.00014342720134586813,0.9987465178714628,1.3304869884232392e-05,0.001096750057307208,,,,,0,0,1,0
focused,,,,,keystroke,,,,,0.9752344749692933,0.023807271929199892,0.0008000035613005409,0.00015824954020643786,,,,,0,0,1,0
distracted,,,,,keystroke,,,,,1.0968012473207254e-07,0.9999332817646955,4.448764309694934e-06,6.215979087005465e-05,,,,,0,0,1,0
distracted,,,,,keystroke,,,,,2.4708248233784303e-06,0.9999698017999193,2.6910170784238102e-05,8.172044729966251e-07,,,,,0,0,1,0
distracted,,,,,keystroke,,,,,9.835632397423595e-06,0.999989803810426,2.66084214984118e-07,9.447296149531216e-08,,,,,0,0,1,0
distracted,,,,,keystroke,,,,,0.001103732876690318,0.9988923631669152,1.9461921551345636e-06,1.9577642395060405e-06,,,,,0,0,1,0
distracted,,,,,keystroke,,,,,0.0020866727919751672,0.9977979941054693,3.2210024743806374e-05,8.312307781191912e-05,,,,,0,0,1,0
distracted,,,,,keystroke,,,,,0.0028194217400685753,0.9970535319777155,1.2436611589499951e-05,0.00011460967062663804,,,,,0,0,1,0
focused,,,,,keystroke,,,,,0.9999961310683713,5.007748104530939e-07,2.953186660467889e-07,3.0728381522935426e-06,,,,,0,0,1,0
focused,,,,,keystroke,,,,,0.9999899294055509,1.0072345927084107e-08,6.691887328054273e-09,1.0053830215812222e-05,,,,,0,0,1,0
focused,,,,,keystroke,,,,,0.9999811192953788,5.764884590166696e-09,3.902455467240336e-09,1.8871037281038648e-05,,,,,0,0,1,0
distracted,,,,,keystroke,,,,,0.028746459576040446,0.932629601614343,0.006882143252773189,0.03174179555684376,,,,,0,0,1,0
focused,,,,,keystroke,,,,,0.9999999642113084,1.8389076126076056e-14,2.961020163100291e-14,3.5788643688508725e-08,,,,,0,0,1,0
focused,,,,,keystroke,,,,,0.9999905139676418,1.0252256926884546e-06,5.674491351954883e-07,7.893357530342238e-06,,,,,0,0,1,0
distracted,,,,,keystroke,,,,,0.0024435692099586885,0.9972306687726065,0.0003208366485190269,4.925368915598047e-06,,,,,0,0,1,0
distracted,,,,,keystroke,,,,,0.47309353341146587,0.5218565165256513,0.00462455897140387,0.0004253910914787272,,,,,0,0,1,0
focused,,,,,keystroke,,,,,0.9999999651674921,2.1094206030455507e-14,3.065567743134405e-14,3.483245608407086e-08,,,,,0,0,1,0
distracted,,,,,keystroke,,,,,0.43686371977079913,0.5513231772301207,0.011524495159829682,0.0002886078392504833,,,,,0,0,1,0
distracted,,,,,keystroke,,,,,0.04745924826061575,0.952114915109459,0.00017183749171292484,0.0002539991382121097,,,,,0,0,1,0
distracted,,,,,keystroke,,,,,3.343131784634557e-08,0.999982722152401,5.068657414749439e-08,1.7193729706950073e-05,,,,,0,0,1,0
fatigued,,,,,keystroke,,,,,6.168641407109598e-08,0.2594628070293581,0.7404926747191809,4.445656504661587e-05,,,,,0,0,1,0
focused,,,,,keystroke,,,,,0.9054670370505509,0.0004622111729224594,0.02912810022455922,0.0649426515519673,,,,,0,0,1,0
focused,,,,,keystroke,,,,,0.9857195119329686,0.013618912780248392,0.00018778075993505672,0.00047379452684781297,,,,,0,0,1,0
focused,,,,,keystroke,,,,,0.9999549103301434,1.5857145693747618e-06,9.090633451846836e-07,4.259489194205516e-05,,,,,0,0,1,0
focused,,,,,keystroke,,,,,0.9999998525002066,1.5827019202155482e-13,8.954467990762689e-14,1.4749954560793747e-07,,,,,0,0,1,0
focused,,,,,keystroke,,,,,0.9999967074621652,1.1646306855642869e-07,6.523447043446751e-08,3.1108402957804753e-06,,,,,0,0,1,0
distracted,,,,,keystroke,,,,,0.003469007688222038,0.996379497802548,1.3391689783876838e-05,0.00013810281944608033,,,,,0,0,1,0
distracted,,,,,keystroke,,,,,0.026324880546267384,0.9663060281277501,0.00024320383098195688,0.007125887495000489,,,,,0,0,1,0
focused,,,,,keystroke,,,,,0.9999999618121074,3.050039938923034e-14,2.9616755243161125e-14,3.8187832343708106e-08,,,,,0,0,1,0
focused,,,,,keystroke,,,,,0.9999999654604097,1.8542153066395068e-14,2.9807428606007646e-14,3.453954194723676e-08,,,,,0,0,1,0
focused,,,,,keystroke,,,,,0.9999916104513514,8.3042980216198e-07,4.733615799312553e-07,7.085757266559501e-06,,,,,0,0,1,0
focused,,,,,keystroke,,,,,0.9896093451574909,0.010325534271387975,1.1401952342593855e-05,5.371861877856339e-05,,,,,0,0,1,0
distracted,,,,,keystroke,,,,,4.216214753976879e-08,0.999999752849928,4.86245372805456e-08,1.563633871482152e-07,,,,,0,0,1,0
overloaded,,,,,keystroke,,,,,1.0620776011541547e-05,0.3425870927660516,0.0001192460998951388,0.6572830403580414,,,,,0,0,1,0
overloaded,,,,,keystroke,,,,,1.8550297125002922e-14,4.374393355306715e-14,1.5636076771139006e-14,0.999999999999922,,,,,0,0,1,0
overloaded,,,,,keystroke,,,,,1.8301652453971065e-10,1.6014167352489038e-10,9.727411513289578e-11,0.9999999995595678,,,,,0,0,1,0
overloaded,,,,,keystroke,,,,,5.398867333383119e-08,0.009209005663273241,9.791496968681128e-07,0.9907899611983564,,,,,0,0,1,0
distracted,,,,,keystroke,,,,,1.584913247338731e-07,0.9993859801147025,2.3773699031614462e-07,0.0006136236569826016,,,,,0,0,1,0
distracted,,,,,keystroke,,,,,5.418745230801175e-08,0.9997495542244674,8.128117681115263e-08,0.00025031030690342716,,,,,0,0,1,0
overloaded,,,,,keystroke,,,,,4.898313212565382e-08,0.006671990442908098,6.597339904759845e-07,0.9933273008399693,,,,,0,0,1,0
overloaded,,,,,keystroke,,,,,3.272645191770365e-14,2.9460111415765196e-14,1.6861654129618842e-14,0.999999999999921,,,,,0,0,1,0
overloaded,,,,,keystroke,,,,,3.1727367498064935e-14,2.7762666916711835e-14,1.6863679986529317e-14,0.9999999999999236,,,,,0,0,1,0
overloaded,,,,,keystroke,,,,,0.07845049352061886,1.2808158227359288e-05,2.489422018671443e-06,0.9215342088991353,,,,,0,0,1,0
overloaded,,,,,keystroke,,,,,3.501547158467556e-14,3.434065370397781e-14,1.6907905767348027e-14,0.9999999999999137,,,,,0,0,1,0
overloaded,,,,,keystroke,,,,,4.032332181832532e-08,0.011012302125063276,6.750935539805055e-08,0.9889875900422596,,,,,0,0,1,0
distracted,,,,,keystroke,,,,,2.389143415753575e-07,0.9607472451461244,8.192607094532748e-07,0.039251696678824756,,,,,0,0,1,0
distracted,,,,,keystroke,,,,,1.1382684678984405e-06,0.5011947665864339,1.792609448900837e-06,0.4988023025356495,,,,,0,0,1,0
overloaded,,,,,keystroke,,,,,1.6133471692057954e-05,0.00842417894508023,1.4930507716325024e-07,0.9915595382781506,,,,,0,0,1,0
overloaded,,,,,keystroke,,,,,1.1262276426557776e-12,1.0093731438720834e-12,5.8285504277587e-13,0.9999999999972815,,,,,0,0,1,0
overloaded,,,,,keystroke,,,,,2.305058513401506e-13,5.437326551566016e-13,1.9615877790023691e-13,0.9999999999990297,,,,,0,0,1,0
overloaded,,,,,keystroke,,,,,1.3444294581976494e-07,0.021581214687754324,3.2653278608819926e-07,0.9784183243365138,,,,,0,0,1,0
overloaded,,,,,keystroke,,,,,4.2167956379212155e-07,0.39726189114693056,4.921857558937943e-06,0.6027327653159469,,,,,0,0,1,0
overloaded,,,,,keystroke,,,,,1.109427169088041e-07,2.4388634917555116e-07,8.375583962278423e-08,0.9999995614150943,,,,,0,0,1,0
overloaded,,,,,keystroke,,,,,4.549550976799185e-11,3.981043960613103e-11,2.4182120754271866e-11,0.9999999998905119,,,,,0,0,1,0
overloaded,,,,,keystroke,,,,,6.727229339694346e-14,5.886978789989271e-14,3.5761307452801845e-14,0.9999999999998381,,,,,0,0,1,0
overloaded,,,,,keystroke,,,,,2.0025121748480224e-11,1.7995053706192807e-11,1.0335641305946166e-11,0.9999999999516441,,,,,0,0,1,0
overloaded,,,,,keystroke,,,,,2.348825800960631e-13,3.5226533412946555e-13,1.1980057562763597e-13,0.9999999999992931,,,,,0,0,1,0
overloaded,,,,,keystroke,,,,,9.235841005648185e-07,8.187905484049848e-07,5.18079881721117e-07,0.9999977395454693,,,,,0,0,1,0
focused,,,,,keystroke,,,,,0.9999999504967357,1.6934367784691624e-14,3.0443911833914124e-14,4.9503216818934415e-08,,,,,0,0,1,0
focused,,,,,keystroke,,,,,0.9999999642414219,1.6737596488252482e-14,2.854149661845497e-14,3.5758532712293695e-08,,,,,0,0,1,0
focused,,,,,keystroke,,,,,0.9999407711740111,1.4493783061761232e-07,2.0387626810676764e-07,5.8880011890298085e-05,,,,,0,0,1,0
focused,,,,,keystroke,,,,,0.999998282340467,9.756566434737041e-08,7.602939300856906e-08,1.5440644758057468e-06,,,,,0,0,1,0
distracted,,,,,keystroke,,,,,0.0004332798351091683,0.999095782390867,1.928552368400609e-06,0.0004690092216552994,,,,,0,0,1,0
distracted,,,,,keystroke,,,,,3.068205130676047e-05,0.9347659110371216,0.00023520178663595252,0.06496820512493594,,,,,0,0,1,0
focused,,,,,keystroke,,,,,0.8701127524798035,0.127174063981908,0.0018822757179350327,0.0008309078203535001,,,,,0,0,1,0
distracted,,,,,keystroke,,,,,0.06073625059471112,0.938731074737744,0.0005248553139981396,7.819353546714583e-06,,,,,0,0,1,0
focused,,,,,keystroke,,,,,0.9999987657948765,1.8995015306586748e-07,1.229221835642994e-07,9.213327870263444e-07,,,,,0,0,1,0
focused,,,,,keystroke,,,,,0.9999998448017601,1.8489851160186118e-09,2.661374255024451e-09,1.5068788062788585e-07,,,,,0,0,1,0
focused,,,,,keystroke,,,,,0.9999999599445064,1.4826581439966965e-10,1.4620379964384378e-10,3.97610239153004e-08,,,,,0,0,1,0
focused,,,,,keystroke,,,,,0.9999999664450709,1.568140892903922e-14,2.827917357033502e-14,3.3554885011537354e-08,,,,,0,0,1,0
overloaded,,,,,keystroke,,,,,1.644863786919939e-06,1.4394756624625509e-06,8.70000032768607e-07,0.9999960456605179,,,,,0,0,1,0
overloaded,,,,,keystroke,,,,,3.610979127742446e-07,7.866104401879518e-07,2.687659401816498e-07,0.9999985835257068,,,,,0,0,1,0
overloaded,,,,,keystroke,,,,,9.88414053884518e-10,2.337980289750334e-09,8.389419592665995e-10,0.9999999958346637,,,,,0,0,1,0
overloaded,,,,,keystroke,,,,,1.7890046975216875e-14,4.217464094278009e-14,1.52275224090318e-14,0.9999999999999247,,,,,0,0,1,0
overloaded,,,,,keystroke,,,,,1.754122120410624e-14,4.040181380119139e-14,2.3494135106945144e-14,0.9999999999999185,,,,,0,0,1,0
overloaded,,,,,keystroke,,,,,1.94856784430703e-08,5.76886038108148e-08,3.096507754952871e-08,0.9999998918606402,,,,,0,0,1,0
distracted,,,,,keystroke,,,,,7.924179662022683e-07,0.9984839671583782,1.1886274360154604e-06,0.0015140517962197906,,,,,0,0,1,0
distracted,,,,,keystroke,,,,,2.625394689221987e-06,0.9971878924605636,3.93809863779239e-06,0.002805544046109312,,,,,0,0,1,0
overloaded,,,,,keystroke,,,,,0.0001365104837503421,0.167080034805368,0.0003544444717050135,0.8324290102391767,,,,,0,0,1,0
distracted,,,,,keystroke,,,,,0.06528652909906951,0.6902003963350068,0.0006856760318201704,0.24382739853410346,,,,,0,0,1,0
focused,,,,,keystroke,,,,,0.9999999640428148,1.9126279079197107e-14,3.002746747861463e-14,3.595713609132508e-08,,,,,0,0,1,0
distracted,,,,,keystroke,,,,,3.693564676702195e-07,0.9998734000819998,8.916502382666809e-05,3.7065537705677826e-05,,,,,0,0,1,0
distracted,,,,,keystroke,,,,,1.113112619714816e-05,0.9913922195909911,0.006955573388312198,0.0016410758944993985,,,,,0,0,1,0
focused,,,,,keystroke,,,,,0.9999998138976575,1.966108932130712e-08,3.55294908829208e-08,1.3091176231179964e-07,,,,,0,0,1,0
focused,,,,,keystroke,,,,,0.9999999616260504,1.4496325511281659e-09,2.635244593152586e-09,3.428907249088744e-08,,,,,0,0,1,0
focused,,,,,keystroke,,,,,0.999999965334967,9.441367070990011e-13,1.656767827122026e-12,3.4662431938762716e-08,,,,,0,0,1,0
focused,,,,,keystroke,,,,,0.999999965507888,7.338173407351416e-14,1.2935259234190697e-13,3.449190928880478e-08,,,,,0,0,1,0
focused,,,,,keystroke,,,,,0.9790451741231692,0.007065117805715078,0.013624345089612184,0.0002653629815035456,,,,,0,0,1,0
focused,,,,,keystroke,,,,,0.9905557753956177,0.003446878172889739,0.005882131552858944,0.00011521487863378977,,,,,0,0,1,0
distracted,,,,,keystroke,,,,,0.5731271588240673,0.42634254381082853,0.00048514981251355154,4.514755259083139e-05,,,,,0,0,1,0
distracted,,,,,keystroke,,,,,0.5585583740916358,0.43615171489850146,0.005175558730268781,0.00011435227959417175,,,,,0,0,1,0
focused,,,,,keystroke,,,,,0.9999966515035459,8.352750123731565e-08,1.398054986219643e-07,3.1251634542856936e-06,,,,,0,0,1,0
focused,,,,,keystroke,,,,,0.9982385119700229,5.679339058811799e-05,0.0016980011519048624,6.6934874840442256e-06,,,,,0,0,1,0
focused,,,,,keystroke,,,,,0.9892034269531522,0.007834327546548185,0.002956021282709607,6.224217590019021e-06,,,,,0,0,1,0
focused,,,,,keystroke,,,,,0.9999997518863781,4.941332257455709e-10,8.260251201131933e-10,2.46793463584454e-07,,,,,0,0,1,0
focused,,,,,keystroke,,,,,0.6074300283477432,0.05340093811432214,0.3240452902174414,0.015123743320493228,,,,,0,0,1,0
focused,,,,,keystroke,,,,,0.9999995127151549,1.0986248859519603e-07,1.928251816213577e-07,1.8459717486941904e-07,,,,,0,0,1,0
focused,,,,,keystroke,,,,,0.9999999052670921,1.7687349169181246e-08,3.207185325546435e-08,4.4973705493366256e-08,,,,,0,0,1,0
focused,,,,,keystroke,,,,,0.986265698297589,5.948644125286656e-05,0.012576403256541595,0.0010984120046165133,,,,,0,0,1,0
focused,,,,,keystroke,,,,,0.9988725223865266,1.2670311826862434e-06,2.4447792878964415e-06,0.001123765803002851,,,,,0,0,1,0
focused,,,,,keystroke,,,,,0.9999999646272589,1.7574341389002038e-14,2.9280243819110366e-14,3.537269426261216e-08,,,,,0,0,1,0
distracted,,,,,keystroke,,,,,0.032871332677637366,0.9660825406192202,0.0009715840506761915,7.454265246650313e-05,,,,,0,0,1,0
distracted,,,,,keystroke,,,,,0.02003202283496373,0.9765686878263041,0.00329631845617883,0.00010297088255314432,,,,,0,0,1,0
focused,,,,,keystroke,,,,,0.9999999652353166,1.620693377393073e-14,2.835667195139401e-14,3.4764638626965745e-08,,,,,0,0,1,0
focused,,,,,keystroke,,,,,0.9999999606000092,1.7988006986276152e-14,2.8948666705481115e-14,3.939994399788594e-08,,,,,0,0,1,0
focused,,,,,keystroke,,,,,0.9999999607494411,2.4075114854808393e-11,2.5227861268776164e-11,3.920125600341918e-08,,,,,0,0,1,0
focused,,,,,keystroke,,,,,0.7460234464319944,0.22986625720211254,0.02405055826701924,5.9738098873868785e-05,,,,,0,0,1,0
distracted,,,,,keystroke,,,,,0.0006129982300504185,0.9981426837636228,0.0012345222210053688,9.795785321410739e-06,,,,,0,0,1,0
distracted,,,,,keystroke,,,,,0.36989844878621275,0.6220969694262285,0.007530329750343884,0.0004742520372148133,,,,,0,0,1,0
focused,,,,,keystroke,,,,,0.9999967418849597,4.430013176488571e-11,6.893454643808663e-11,3.2580018054734686e-06,,,,,0,0,1,0
distracted,,,,,keystroke,,,,,0.017361212400118516,0.9055237108934361,0.07684189448396299,0.00027318222248213527,,,,,0,0,1,0
focused,,,,,keystroke,,,,,0.9624486342731409,0.004283382816081763,0.03016024796475665,0.0031077349460205796,,,,,0,0,1,0
focused,,,,,keystroke,,,,,0.9998234531485063,4.7556513252365176e-08,9.703835420114463e-08,0.00017640225662616466,,,,,0,0,1,0
focused,,,,,keystroke,,,,,0.9999999623700357,1.8116480734702918e-14,2.9440600466552475e-14,3.762991672011691e-08,,,,,0,0,1,0
focused,,,,,keystroke,,,,,0.9999999649613397,1.644844137945205e-14,2.8504109290046526e-14,3.503861536830981e-08,,,,,0,0,1,0
distracted,,,,,keystroke,,,,,4.315055161946768e-06,0.9999762868203246,1.867787080691176e-05,7.202537064320413e-07,,,,,0,0,1,0
distracted,,,,,keystroke,,,,,3.216446541891424e-06,0.9999923001708385,3.856397304814475e-06,6.269853147929557e-07,,,,,0,0,1,0
focused,,,,,keystroke,,,,,0.9999993853760352,6.619593029427525e-08,8.54939748353088e-08,4.629340598182922e-07,,,,,0,0,1,0
focused,,,,,keystroke,,,,,0.9999997414839676,6.512396165619435e-08,1.1821796887770087e-07,7.517410179045684e-08,,,,,0,0,1,0
focused,,,,,keystroke,,,,,0.9999999656402732,1.603712512492629e-14,2.8332403494263133e-14,3.435968256501116e-08,,,,,0,0,1,0
focused,,,,,keystroke,,,,,0.9999999655455775,3.213311690482537e-14,5.581920147949888e-14,3.445433455928881e-08,,,,,0,0,1,0
focused,,,,,keystroke,,,,,0.9999999653777483,6.596935682155141e-14,1.158695001114405e-13,3.4622070016270087e-08,,,,,0,0,1,0
focused,,,,,keystroke,,,,,0.9899246513140765,0.0006810800196722172,0.00833196554255155,0.0010623031236996685,,,,,0,0,1,0
focused,,,,,keystroke,,,,,0.9549035530283053,0.0047845339705581465,0.03524499768554831,0.005066915315588365,,,,,0,0,1,0
focused,,,,,keystroke,,,,,0.9999997083445167,5.130719874998383e-13,8.206350277104039e-13,2.916541495511658e-07,,,,,0,0,1,0
distracted,,,,,keystroke,,,,,4.0922146820409564e-08,0.9999940919297614,1.3040496862807967e-07,5.736743122998214e-06,,,,,0,0,1,0
distracted,,,,,keystroke,,,,,7.994941560728384e-08,0.9999959440406863,4.97638798209481e-07,3.47837109990558e-06,,,,,0,0,1,0
focused,,,,,keystroke,,,,,0.9999998495338929,6.955709875076178e-13,1.1420363905662868e-12,1.5046426945208026e-07,,,,,0,0,1,0
focused,,,,,keystroke,,,,,0.9921886182596654,9.77530627779535e-06,0.004872588346302419,0.0029290180877541445,,,,,0,0,1,0
overloaded,,,,,keystroke,,,,,0.21145402219904463,0.00010304158716873993,0.02709951241827279,0.7613434237955138,,,,,0,0,1,0
focused,,,,,keystroke,,,,,0.7708215187062942,0.00023494064443421923,0.07270130560633828,0.15624223504293355,,,,,0,0,1,0
focused,,,,,keystroke,,,,,0.9999040987566491,1.3884528815343727e-08,2.859465738754669e-08,9.585876416454093e-05,,,,,0,0,1,0
focused,,,,,keystroke,,,,,0.6567381699684639,0.2041387198130215,0.0024372485222415043,0.13668586169627328,,,,,0,0,1,0
focused,,,,,keystroke,,,,,0.712985686183413,0.28092400567962705,0.0009500644907090251,0.005140243646250918,,,,,0,0,1,0
distracted,,,,,keystroke,,,,,1.7982655945031615e-07,0.9999918411151805,8.630816825881456e-08,7.892750091611321e-06,,,,,0,0,1,0
distracted,,,,,keystroke,,,,,2.6512233279231534e-06,0.9997306087909925,2.203802819267982e-06,0.0002645361828601633,,,,,0,0,1,0
focused,,,,,keystroke,,,,,0.9999911099807384,1.59168203695729e-10,2.990497885560552e-10,8.889561043595656e-06,,,,,0,0,1,0
focused,,,,,keystroke,,,,,0.9987862014627381,1.4873447756463074e-06,2.7391449545132825e-06,0.0012095720475317042,,,,,0,0,1,0
focused,,,,,keystroke,,,,,0.7631057587633246,1.1600611131353572e-05,0.014084774991612552,0.22279786563393142,,,,,0,0,1,0
distracted,,,,,keystroke,,,,,6.984296462331512e-08,0.9997820537253372,1.772647141146042e-07,0.00021769916698400634,,,,,0,0,1,0
distracted,,,,,keystroke,,,,,4.15545168336511e-08,0.9996591200878938,0.00032709131625246953,1.3747041337001897e-05,,,,,0,0,1,0
distracted,,,,,keystroke,,,,,0.007961512118878212,0.972594819015431,0.017397166598012402,0.0020465022676783608,,,,,0,0,1,0
distracted,,,,,keystroke,,,,,6.39178423199535e-08,0.9996982177854287,9.809407094271662e-08,0.0003016202026580866,,,,,0,0,1,0
overloaded,,,,,keystroke,,,,,2.3372662516522786e-07,0.009846895503828154,0.0001618610523455033,0.9899910097172014,,,,,0,0,1,0
focused,,,,,keystroke,,,,,0.7396208608715391,2.537798587273324e-05,0.00012499341462211938,0.2602287677279658,,,,,0,0,1,0
focused,,,,,keystroke,,,,,0.9999990302835337,1.1141663592304465e-12,7.485491491209145e-13,9.697146035451762e-07,,,,,0,0,1,0
focused,,,,,keystroke,,,,,0.9999999547497942,3.67589926026089e-14,2.1506760338822525e-14,4.525014752122381e-08,,,,,0,0,1,0
focused,,,,,keystroke,,,,,0.9999999541338287,3.602886735034297e-14,2.1896965992644898e-14,4.586611351365367e-08,,,,,0,0,1,0
overloaded,,,,,keystroke,,,,,3.483339001117483e-07,6.077434759387317e-07,3.62443885974126e-07,0.9999986814787379,,,,,0,0,1,0
overloaded,,,,,keystroke,,,,,8.305917702544995e-08,1.7054636872120687e-07,9.458184694266309e-08,0.9999996518126074,,,,,0,0,1,0
overloaded,,,,,keystroke,,,,,4.3358958507334215e-06,0.0019119773032799119,0.001155656109466352,0.9969280306914031,,,,,0,0,1,0
distracted,,,,,keystroke,,,,,1.2737293813907098e-06,0.952224081748149,0.001163938616178346,0.04661070590629126,,,,,0,0,1,0
distracted,,,,,keystroke,,,,,1.5201371757974213e-06,0.9984843030173236,8.878817876474473e-06,0.0015052980276242679,,,,,0,0,1,0
distracted,,,,,keystroke,,,,,0.0014439336247760257,0.996851652670251,0.0013732188178762188,0.0003311948870966806,,,,,0,0,1,0
focused,,,,,keystroke,,,,,0.862189545601276,0.06737097573914586,0.06990762376746355,0.000531854892114626,,,,,0,0,1,0
focused,,,,,keystroke,,,,,0.9999999660984655,4.587632926796657e-14,8.215262651094212e-14,3.39014064850585e-08,,,,,0,0,1,0
focused,,,,,keystroke,,,,,0.999999966358425,1.566201902962045e-14,2.8237299337880588e-14,3.36415311573076e-08,,,,,0,0,1,0
focused,,,,,keystroke,,,,,0.9999999665285659,1.5552745138498004e-14,2.8200897861335726e-14,3.347139048128186e-08,,,,,0,0,1,0
focused,,,,,keystroke,,,,,0.9999999663862909,1.5631392471243906e-14,2.822108432097441e-14,3.3613665335471854e-08,,,,,0,0,1,0
focused,,,,,keystroke,,,,,0.9999999662941809,1.6171545431702977e-14,2.859930402755686e-14,3.3705774310257175e-08,,,,,0,0,1,0
focused,,,,,keystroke,,,,,0.9999999665511298,1.5687652231935176e-14,2.8310849661980445e-14,3.344882620362874e-08,,,,,0,0,1,0
focused,,,,,keystroke,,,,,0.9999999665535086,9.410638567731786e-14,1.7084304196824228e-13,3.344622635227081e-08,,,,,0,0,1,0
focused,,,,,keystroke,,,,,0.9999995454139177,4.301248394319438e-13,4.5248139649038015e-13,4.545851996744613e-07,,,,,0,0,1,0
distracted,,,,,keystroke,,,,,3.3357739548700975e-08,0.9999997950818956,9.203106050623607e-08,7.952930438792488e-08,,,,,0,0,1,0
distracted,,,,,keystroke,,,,,3.3418889231706145e-08,0.9999997980126435,9.482183628885135e-08,7.374663110498397e-08,,,,,0,0,1,0
focused,,,,,keystroke,,,,,0.9999999549633939,1.997413243674633e-14,3.085965934731504e-14,4.503655538759402e-08,,,,,0,0,1,0
focused,,,,,keystroke,,,,,0.9999999658411742,1.595917005901309e-14,2.8324994905291013e-14,3.415878153371136e-08,,,,,0,0,1,0
focused,,,,,keystroke,,,,,0.9999999664411694,1.5624252272913267e-14,2.8231082196520405e-14,3.3558786674674594e-08,,,,,0,0,1,0
distracted,,,,,keystroke,,,,,5.765640471221568e-05,0.9999126706323601,2.7064905803455473e-05,2.6080571243157887e-06,,,,,0,0,1,0
distracted,,,,,keystroke,,,,,7.164307619042764e-05,0.9995999552768565,0.00032169088620277367,6.710760750152889e-06,,,,,0,0,1,0
focused,,,,,keystroke,,,,,0.9999999661393508,8.526608038952174e-14,1.5067875633118904e-13,3.38604131422317e-08,,,,,0,0,1,0
overloaded,,,,,keystroke,,,,,0.1337052983436788,0.012561388288978063,0.03916463879389151,0.8145686745734518,,,,,0,0,1,0
overloaded,,,,,keystroke,,,,,0.0027687192209660005,0.5010790715868475,0.01706879612905806,0.47908341306312846,,,,,0,0,1,0
distracted,,,,,keystroke,,,,,0.22519702102136013,0.7741769848313588,0.0005890662141032914,3.692793317777628e-05,,,,,0,0,1,0
focused,,,,,keystroke,,,,,0.9999999082089637,2.2204414031705145e-09,3.1445512648611904e-09,8.642604373899057e-08,,,,,0,0,1,0
focused,,,,,keystroke,,,,,0.9999999145753206,6.472336194458827e-11,3.7290293374189725e-11,8.53226658385047e-08,,,,,0,0,1,0
focused,,,,,keystroke,,,,,0.9998696103452135,1.4773156956777766e-08,1.682302350836689e-08,0.00013035805860597575,,,,,0,0,1,0
focused,,,,,keystroke,,,,,0.9996795306355957,2.372876923582577e-07,2.3633203475454324e-07,0.00031999574467727655,,,,,0,0,1,0
focused,,,,,keystroke,,,,,0.9999869546671993,2.1012533698768893e-08,1.2359187005000962e-08,1.3011961080031054e-05,,,,,0,0,1,0
focused,,,,,keystroke,,,,,0.9999895315341952,3.6351970405733834e-10,1.528092227891888e-10,1.046794947587513e-05,,,,,0,0,1,0
focused,,,,,keystroke,,,,,0.9999988164037915,6.761043955505959e-12,3.43917996015009e-12,1.1835860081718304e-06,,,,,0,0,1,0
focused,,,,,keystroke,,,,,0.9999999639256394,3.204213584078077e-14,1.8462621709375844e-14,3.607431018922134e-08,,,,,0,0,1,0
focused,,,,,keystroke,,,,,0.9999853061799264,3.9925669292554904e-10,8.211191715148845e-10,1.4692599697774557e-05,,,,,0,0,1,0
overloaded,,,,,keystroke,,,,,0.0545615977631338,0.23444026094200243,0.13847525831292123,0.5725228829819429,,,,,0,0,1,0
focused,,,,,keystroke,,,,,0.7607163476508602,0.1897307109931519,0.0475273892538322,0.002025552102155881,,,,,0,0,1,0
focused,,,,,keystroke,,,,,0.9999999547193721,1.8319539028749312e-14,2.9632851879353203e-14,4.528057985267821e-08,,,,,0,0,1,0
focused,,,,,keystroke,,,,,0.9999999647115321,1.6504412155467656e-14,2.8488291607143746e-14,3.528842296995403e-08,,,,,0,0,1,0
focused,,,,,keystroke,,,,,0.9991441195448535,9.305024504657882e-07,2.001881294761334e-06,0.0008529480714011053,,,,,0,0,1,0
focused,,,,,keystroke,,,,,0.9998541690171898,3.4781748123519386e-08,7.5610357566548e-08,0.00014572059070437914,,,,,0,0,1,0
focused,,,,,keystroke,,,,,0.999999931364797,1.588484417570747e-08,1.3914178248739877e-08,3.8836180537366446e-08,,,,,0,0,1,0
focused,,,,,keystroke,,,,,0.999997964739165,5.41636958090931e-07,8.431444157745987e-07,6.504794610343878e-07,,,,,0,0,1,0
overloaded,,,,,keystroke,,,,,0.00025080526029882237,1.977315077256797e-05,0.054769011091738526,0.9449604104971899,,,,,0,0,1,0
overloaded,,,,,keystroke,,,,,3.294567305247963e-05,6.003430368447859e-06,0.004162264397434119,0.9957987864991447,,,,,0,0,1,0
focused,,,,,keystroke,,,,,0.99999995387799,1.8094867896163882e-14,2.96812406872935e-14,4.612196214962088e-08,,,,,0,0,1,0
focused,,,,,keystroke,,,,,0.9999999663323446,1.5983077565024255e-14,2.847415533964162e-14,3.366761095763837e-08,,,,,0,0,1,0
focused,,,,,keystroke,,,,,0.9999988870349522,4.865669902711014e-10,8.268546023047533e-10,1.1116516261878992e-06,,,,,0,0,1,0
focused,,,,,keystroke,,,,,0.9999999665557795,1.1282374952953917e-11,2.009864300272905e-11,3.341283937840072e-08,,,,,0,0,1,0
focused,,,,,keystroke,,,,,0.9999999563094958,1.4870476479552005e-11,2.104873561230532e-11,4.365458492678522e-08,,,,,0,0,1,0
focused,,,,,keystroke,,,,,0.9999999653514331,1.6664162054961678e-14,2.877308046071303e-14,3.4648521565786196e-08,,,,,0,0,1,0
focused,,,,,keystroke,,,,,0.9999999624147787,1.74378553973059e-14,2.87634508031476e-14,3.7585174962250106e-08,,,,,0,0,1,0
focused,,,,,keystroke,,,,,0.9076686339530332,0.01795901047155228,0.07423196069759933,0.0001403948778149479,,,,,0,0,1,0
distracted,,,,,keystroke,,,,,0.0052684402883525034,0.5933016334582464,0.37574978539657017,0.02568014085683076,,,,,0,0,1,0
focused,,,,,keystroke,,,,,0.9999972685392198,7.460256155014941e-12,1.2814379590112045e-11,2.7314405055586035e-06,,,,,0,0,1,0
focused,,,,,keystroke,,,,,0.9999999435135596,1.8588839569561666e-14,3.463176923989854e-14,5.6486387256417415e-08,,,,,0,0,1,0
focused,,,,,keystroke,,,,,0.999999961745556,3.241127714907258e-14,1.8164431433665272e-14,3.825439335877293e-08,,,,,0,0,1,0
focused,,,,,keystroke,,,,,0.9999996724478241,5.082673541420128e-13,2.942418793368802e-13,3.2755137322943946e-07,,,,,0,0,1,0
focused,,,,,keystroke,,,,,0.9999999459394547,1.802971236779832e-14,3.338380312495097e-14,5.406049386624593e-08,,,,,0,0,1,0
focused,,,,,keystroke,,,,,0.9999999167759895,5.022282589668691e-14,6.12485897853682e-14,8.322389887744729e-08,,,,,0,0,1,0
focused,,,,,keystroke,,,,,0.9999959811891702,5.5240356921768495e-08,3.0927332264361705e-08,3.932643140715237e-06,,,,,0,0,1,0
focused,,,,,keystroke,,,,,0.9999995744123288,2.290307581970841e-13,2.530190998375422e-13,4.2558718923322317e-07,,,,,0,0,1,0
focused,,,,,keystroke,,,,,0.9999990424185965,9.574026429205413e-13,9.364787468727374e-13,9.575795096713376e-07,,,,,0,0,1,0
distracted,,,,,keystroke,,,,,3.3347978848967976e-08,0.9999981195624098,4.0978654590834244e-07,1.4373030654500214e-06,,,,,0,0,1,0
distracted,,,,,keystroke,,,,,3.334671569567259e-08,0.9999982906124202,4.4577835612850906e-07,1.230262507996722e-06,,,,,0,0,1,0
focused,,,,,keystroke,,,,,0.9999955963801982,2.6029250199079085e-08,1.4600848203931828e-08,4.3629897034599304e-06,,,,,0,0,1,0
focused,,,,,keystroke,,,,,0.9999921110213594,5.581604642281524e-07,3.1119888770016725e-07,7.019619288490054e-06,,,,,0,0,1,0
focused,,,,,keystroke,,,,,0.9999997262029168,4.001389110004831e-13,2.0740184029727033e-13,2.73796475691671e-07,,,,,0,0,1,0
focused,,,,,keystroke,,,,,0.9999999367675034,3.7159917713480335e-14,2.2469273558428355e-14,6.32324368523821e-08,,,,,0,0,1,0
focused,,,,,keystroke,,,,,0.9999999574531461,3.284035965858498e-14,2.921144761012185e-14,4.2546791945291065e-08,,,,,0,0,1,0
focused,,,,,keystroke,,,,,0.9999999660424022,1.6111890439088096e-14,2.849270729176871e-14,3.395755328807909e-08,,,,,0,0,1,0
focused,,,,,keystroke,,,,,0.9973648187912402,0.0008198453530269177,0.001794327402455174,2.1008453277587522e-05,,,,,0,0,1,0
focused,,,,,keystroke,,,,,0.9988527051149888,5.161153181894745e-06,2.215492138087725e-06,0.0011399182396911887,,,,,0,0,1,0
focused,,,,,keystroke,,,,,0.9999999619299828,2.905612823104046e-14,3.066254051892058e-14,3.8069957513594165e-08,,,,,0,0,1,0
focused,,,,,keystroke,,,,,0.9999999621202604,2.5988017771064757e-14,3.151724583791756e-14,3.787968195510249e-08,,,,,0,0,1,0
focused,,,,,keystroke,,,,,0.9999999624254616,2.8246866705531592e-14,3.0749896609041256e-14,3.7574479566338226e-08,,,,,0,0,1,0
focused,,,,,keystroke,,,,,0.9999999662734672,1.809918519094688e-14,2.968416081977069e-14,3.372648481390666e-08,,,,,0,0,1,0
focused,,,,,keystroke,,,,,0.9999986006550257,4.544280954558159e-07,2.4852630951076634e-07,6.963905693779733e-07,,,,,0,0,1,0
focused,,,,,keystroke,,,,,0.9999914401319643,9.75449106860347e-07,5.412573009711904e-07,7.0431616279165206e-06,,,,,0,0,1,0
focused,,,,,keystroke,,,,,0.9999957851499495,2.2998523178673383e-11,4.861935886757511e-11,4.214778432698907e-06,,,,,0,0,1,0
overloaded,,,,,keystroke,,,,,8.702999233235795e-07,5.250165949039624e-07,1.0151030404484043e-06,0.9999975895804414,,,,,0,0,1,0
overloaded,,,,,keystroke,,,,,1.6608766201003778e-07,1.371676850644971e-07,3.005423299037103e-07,0.999999396202323,,,,,0,0,1,0
overloaded,,,,,keystroke,,,,,1.646509182476832e-07,9.913735385674994e-08,1.9085410571545282e-07,0.9999995453576221,,,,,0,0,1,0
focused,,,,,keystroke,,,,,0.9999999644809924,1.6569098717373583e-14,2.8462286307457236e-14,3.551896247840866e-08,,,,,0,0,1,0
focused,,,,,keystroke,,,,,0.9999993175596316,9.84161141437944e-12,1.8842330125084692e-11,6.824116846210722e-07,,,,,0,0,1,0
fatigued,,,,,keystroke,,,,,0.001388283844927108,0.10208974512132492,0.6009557992446823,0.2955661717890655,,,,,0,0,1,0
overloaded,,,,,keystroke,,,,,0.0013323939548311868,0.0805852637941183,0.29046931948638643,0.6276130227646642,,,,,0,0,1,0
focused,,,,,keystroke,,,,,0.9999937357289829,1.1012698752556446e-10,2.2604511140113135e-10,6.26393484491272e-06,,,,,0,0,1,0
focused,,,,,keystroke,,,,,0.9999999650497471,1.6293459930972122e-14,2.8382712081245932e-14,3.495020812129119e-08,,,,,0,0,1,0
focused,,,,,keystroke,,,,,0.9999999573780338,2.0794903442100055e-14,3.30012804665371e-14,4.2621912274846456e-08,,,,,0,0,1,0
focused,,,,,keystroke,,,,,0.9999999643792282,3.157182862166884e-14,5.4118946583683846e-14,3.5620685828267654e-08,,,,,0,0,1,0
distracted,,,,,keystroke,,,,,0.008086559258938551,0.7486088797116167,0.23932322363841024,0.0039813373910344485,,,,,0,0,1,0
focused,,,,,keystroke,,,,,0.9844673500963661,0.012711568455553806,0.002816400725874112,4.68072220611094e-06,,,,,0,0,1,0
distracted,,,,,keystroke,,,,,0.3105521926333021,0.6425176499037861,0.04666262249431253,0.0002675349685993253,,,,,0,0,1,0
distracted,,,,,keystroke,,,,,4.9547117396188366e-08,0.9999998118649304,9.999984424062852e-08,3.858810807974881e-08,,,,,0,0,1,0
distracted,,,,,keystroke,,,,,3.815530439421917e-08,0.9999998097249022,9.999991690498281e-08,5.211987621896429e-08,,,,,0,0,1,0
distracted,,,,,keystroke,,,,,3.337388739528667e-08,0.9999909654943465,7.912123614697433e-08,8.92201052996302e-06,,,,,0,0,1,0
distracted,,,,,keystroke,,,,,3.337099349709159e-08,0.9997491254701554,0.0002449821491480099,5.859009703075118e-06,,,,,0,0,1,0
distracted,,,,,keystroke,,,,,3.3351366773632456e-08,0.999974802674075,2.112168156642785e-05,4.042292991814937e-06,,,,,0,0,1,0
focused,,,,,keystroke,,,,,0.9999999646157446,3.17994236773195e-14,2.0929847885075627e-14,3.538420278012532e-08,,,,,0,0,1,0
distracted,,,,,keystroke,,,,,0.21638508303420176,0.7730124149666766,0.008227138666663334,0.0023753633324582074,,,,,0,0,1,0
distracted,,,,,keystroke,,,,,0.3284827345601239,0.6663259235734593,0.0036811866084120832,0.0015101552580048415,,,,,0,0,1,0
focused,,,,,keystroke,,,,,0.9999999533007754,1.721017380767509e-09,9.366058895559804e-10,4.404160129634679e-08,,,,,0,0,1,0
focused,,,,,keystroke,,,,,0.8646122403201946,0.13493067569361253,4.3556204340113746e-05,0.0004135277818528172,,,,,0,0,1,0
distracted,,,,,keystroke,,,,,5.284851000258903e-08,0.9998702839486325,0.00012953252834455592,1.3067451278789417e-07,,,,,0,0,1,0
distracted,,,,,keystroke,,,,,0.0021817377671966495,0.8885008536704947,0.10928241983194978,3.498873035865108e-05,,,,,0,0,1,0
distracted,,,,,keystroke,,,,,0.017893431520472704,0.6788026777119013,0.3023348888577141,0.0009690019099117262,,,,,0,0,1,0
fatigued,,,,,keystroke,,,,,0.009067417788080286,0.006838063166346162,0.9686081294075516,0.015486389638022095,,,,,0,0,1,0
focused,,,,,keystroke,,,,,0.6222790630994479,0.00020688760981811663,0.3774474040913929,6.664519934126005e-05,,,,,0,0,1,0
fatigued,,,,,keystroke,,,,,0.4198022899180899,0.020019391131994215,0.4842921622522033,0.07588615669771263,,,,,0,0,1,0
overloaded,,,,,keystroke,,,,,0.0010950507939191713,0.03480945305680815,0.0028911388782156665,0.9612043572710571,,,,,0,0,1,0
distracted,,,,,keystroke,,,,,3.778758765747243e-08,0.9999995342977364,9.954717480881808e-08,3.2836750082982574e-07,,,,,0,0,1,0
distracted,,,,,keystroke,,,,,5.754634396868584e-08,0.9999996086442159,3.001081620341448e-07,3.3701278022157496e-08,,,,,0,0,1,0
focused,,,,,keystroke,,,,,0.9999999657344693,1.6006494622069857e-14,2.8334153226279798e-14,3.42654862985697e-08,,,,,0,0,1,0
focused,,,,,keystroke,,,,,0.9999999650365387,1.712814443684197e-14,2.9010187094213966e-14,3.4963415297227524e-08,,,,,0,0,1,0
distracted,,,,,keystroke,,,,,3.356058438710197e-08,0.9999465930362308,5.313719493375151e-05,2.3620825102992314e-07,,,,,0,0,1,0
distracted,,,,,keystroke,,,,,3.333407376626853e-08,0.9999986983401287,8.31911906692745e-08,1.185134606893291e-06,,,,,0,0,1,0
distracted,,,,,keystroke,,,,,3.339800286274594e-08,0.9999869218211163,5.7736247513558145e-08,1.2987044633442693e-05,,,,,0,0,1,0
distracted,,,,,keystroke,,,,,8.370073704036096e-08,0.9999994536625451,8.708992482851019e-08,3.7554679293453363e-07,,,,,0,0,1,0
distracted,,,,,keystroke,,,,,8.692565723407004e-06,0.9999905501565582,5.879500938638887e-07,1.6932762445743724e-07,,,,,0,0,1,0
focused,,,,,keystroke,,,,,0.9999998288985212,1.6268987794008775e-08,1.5325525464116098e-08,1.3950696542559574e-07,,,,,0,0,1,0
focused,,,,,keystroke,,,,,0.999999523990815,4.227493580891141e-08,2.5399585285240544e-08,4.083346638726982e-07,,,,,0,0,1,0
focused,,,,,keystroke,,,,,0.9999999664614457,3.02999277443433e-14,2.1991532948074094e-14,3.3538501993389636e-08,,,,,0,0,1,0
distracted,,,,,keystroke,,,,,9.937109714900058e-08,0.999999805016821,5.0809956146274e-08,4.4802125690973284e-08,,,,,0,0,1,0
distracted,,,,,keystroke,,,,,9.546489641067779e-08,0.9999997903685512,5.691829183856028e-08,5.724826043503586e-08,,,,,0,0,1,0
fatigued,,,,,keystroke,,,,,3.334028168602078e-08,0.0022413753531162514,0.9977585325026577,5.880394444988301e-08,,,,,0,0,1,0
fatigued,,,,,keystroke,,,,,9.743264154597447e-08,1.7930320618340509e-07,0.9999995771140716,1.461500808249518e-07,,,,,0,0,1,0
distracted,,,,,keystroke,,,,,1.5103695662185164e-05,0.9999737419351078,7.5351174351691625e-06,3.619251794884006e-06,,,,,0,0,1,0
distracted,,,,,keystroke,,,,,5.3528830334251365e-08,0.9999582673097441,1.0298329471559308e-06,4.064932847848953e-05,,,,,0,0,1,0
focused,,,,,keystroke,,,,,0.9998810385890231,1.9554950049050602e-08,3.100354417056185e-08,0.00011891085248259273,,,,,0,0,1,0
focused,,,,,keystroke,,,,,0.9999999653049665,1.883866914920733e-14,3.001583917726719e-14,3.4694984730978656e-08,,,,,0,0,1,0
focused,,,,,keystroke,,,,,0.9999991872834122,1.6960739754403565e-12,2.9069442184997354e-12,8.12711984788437e-07,,,,,0,0,1,0
focused,,,,,keystroke,,,,,0.9999962765771107,2.5031687588271398e-09,4.1599611030251944e-09,3.7167597595648714e-06,,,,,0,0,1,0
distracted,,,,,keystroke,,,,,3.3731953420434354e-08,0.9999996971903928,9.784441256719283e-08,1.7123324111598333e-07,,,,,0,0,1,0
distracted,,,,,keystroke,,,,,3.339958612181208e-08,0.9999996050726115,8.131273661260909e-08,2.8021506571818843e-07,,,,,0,0,1,0
focused,,,,,keystroke,,,,,0.9999977742071504,2.6676042887362753e-11,2.4187070244923844e-11,2.2257419863565333e-06,,,,,0,0,1,0
focused,,,,,keystroke,,,,,0.9999999659616532,1.7952207105556085e-14,2.959941469216931e-14,3.4038299123569914e-08,,,,,0,0,1,0
focused,,,,,keystroke,,,,,0.999999965367457,1.6875276229004315e-14,2.8940950313309747e-14,3.463249729391662e-08,,,,,0,0,1,0
focused,,,,,keystroke,,,,,0.9998645956329671,1.7688224934803959e-06,1.0204103871398054e-06,0.0001326151341522599,,,,,0,0,1,0
overloaded,,,,,keystroke,,,,,0.01901806642395794,0.3293506391945992,0.005214418229851354,0.6464168761515913,,,,,0,0,1,0
distracted,,,,,keystroke,,,,,0.16472190138649745,0.7719301980834548,0.018680772494270994,0.04466712803577674,,,,,0,0,1,0
focused,,,,,keystroke,,,,,0.988450282196411,0.010518740210928615,0.0010301633452550224,8.142474053521391e-07,,,,,0,0,1,0
focused,,,,,keystroke,,,,,0.9860826429432279,0.01325505172671968,0.0006615630364724866,7.422935799557905e-07,,,,,0,0,1,0
focused,,,,,keystroke,,,,,0.9970243931189986,0.00019081637006071293,0.0012999427461942773,0.0014848477647464785,,,,,0,0,1,0
fatigued,,,,,keystroke,,,,,0.011317071729980878,0.3337170980993098,0.5846773796784526,0.07028845049225696,,,,,0,0,1,0
fatigued,,,,,keystroke,,,,,0.04352156311947559,0.21716201706542945,0.7391147982841678,0.00020162153092730041,,,,,0,0,1,0
focused,,,,,keystroke,,,,,0.9999999645069666,1.654906120942565e-14,2.8448616978161646e-14,3.549298831427822e-08,,,,,0,0,1,0
focused,,,,,keystroke,,,,,0.9999999657767791,1.608115479910866e-14,2.841542480596868e-14,3.4223176524856857e-08,,,,,0,0,1,0
focused,,,,,keystroke,,,,,0.999999966532029,1.6307300412366198e-14,2.8747750041702247e-14,3.34679258484663e-08,,,,,0,0,1,0
focused,,,,,keystroke,,,,,0.9999999594911338,1.8239204221208378e-14,2.9084801487299817e-14,4.0508818819840474e-08,,,,,0,0,1,0
focused,,,,,keystroke,,,,,0.9963330639497968,0.0008533536306660565,0.0027187252529189835,9.485716661836552e-05,,,,,0,0,1,0
focused,,,,,keystroke,,,,,0.7850385318611943,0.2146131785139443,0.00033659094862907937,1.1698676232572999e-05,,,,,0,0,1,0
distracted,,,,,keystroke,,,,,3.3337430716758665e-08,0.9999984983926621,1.4410461724201263e-07,1.3241652900602038e-06,,,,,0,0,1,0
focused,,,,,keystroke,,,,,0.9999983996904169,6.131297813143309e-12,3.130756171430079e-12,1.6003003210647145e-06,,,,,0,0,1,0
focused,,,,,keystroke,,,,,0.9972375198673603,6.966236834864932e-06,6.140807174364041e-06,0.002749373088630273,,,,,0,0,1,0
focused,,,,,keystroke,,,,,0.9981170074941865,2.7553848582730583e-06,3.55824964457483e-06,0.0018766788713106438,,,,,0,0,1,0
focused,,,,,keystroke,,,,,0.9999999621691371,1.8736472973491227e-14,2.9728502761553836e-14,3.783081442249741e-08,,,,,0,0,1,0
focused,,,,,keystroke,,,,,0.9999999662577941,1.7244159842998056e-14,2.928208245035715e-14,3.374215931750928e-08,,,,,0,0,1,0
focused,,,,,keystroke,,,,,0.9959659676192193,0.003432493362794288,0.0005363469738232954,6.519204416278462e-05,,,,,0,0,1,0
focused,,,,,keystroke,,,,,0.6356919713702889,0.0664618441214267,0.29359033492124575,0.004255849587038712,,,,,0,0,1,0
focused,,,,,keystroke,,,,,0.9999880443473596,5.611042914819051e-08,9.331959385043833e-08,1.1806222617385784e-05,,,,,0,0,1,0
distracted,,,,,keystroke,,,,,4.215540158461201e-08,0.9999998066236504,9.999992104147421e-08,5.122102708729766e-08,,,,,0,0,1,0
distracted,,,,,keystroke,,,,,3.333334053785934e-08,0.9999998166621972,5.0002225834091954e-08,1.0000223639401914e-07,,,,,0,0,1,0
distracted,,,,,keystroke,,,,,3.333334052713233e-08,0.9999998163403795,9.999895195896028e-08,5.032732815487733e-08,,,,,0,0,1,0
distracted,,,,,keystroke,,,,,3.333335485830336e-08,0.999999816665872,1.0000002160861454e-07,5.000075139148448e-08,,,,,0,0,1,0
distracted,,,,,keystroke,,,,,3.717214234861879e-07,0.9999852693007366,3.833907230731009e-07,1.3975587116691375e-05,,,,,0,0,1,0
distracted,,,,,keystroke,,,,,2.3542677824317525e-06,0.9992291979684731,0.000764963692371705,3.484071372675984e-06,,,,,0,0,1,0
distracted,,,,,keystroke,,,,,1.5023886354192819e-05,0.9814622194479166,0.018474462215399435,4.829445032991236e-05,,,,,0,0,1,0
distracted,,,,,keystroke,,,,,0.13164230105303928,0.6890943110187728,0.17766118718942517,0.0016022007387623593,,,,,0,0,1,0
focused,,,,,keystroke,,,,,0.9997347638729392,3.654729976200383e-07,6.782856901527045e-07,0.0002641923683729217,,,,,0,0,1,0
focused,,,,,keystroke,,,,,0.9972055421473024,5.677573560154875e-06,0.002779697817917277,9.082461220219942e-06,,,,,0,0,1,0
fatigued,,,,,keystroke,,,,,0.1399359208570772,0.11295351110645337,0.7451111942621279,0.001999373774341412,,,,,0,0,1,0
focused,,,,,keystroke,,,,,0.8294888929175275,0.13023770709672897,0.0397180803687621,0.00055531961698145,,,,,0,0,1,0
focused,,,,,keystroke,,,,,0.9999999645986948,1.6602764561140956e-14,2.852446212336913e-14,3.5401260200559036e-08,,,,,0,0,1,0
focused,,,,,keystroke,,,,,0.9268665872708759,0.005083909727217534,0.06782258075468596,0.00022692224722065907,,,,,0,0,1,0
distracted,,,,,keystroke,,,,,3.333334053666607e-08,0.9999994240658794,4.925611124698619e-07,5.0039667534124544e-08,,,,,0,0,1,0
distracted,,,,,keystroke,,,,,3.3333340535523545e-08,0.9999990451341243,8.714596508494587e-07,5.007288435677892e-08,,,,,0,0,1,0
distracted,,,,,keystroke,,,,,4.8625609857566305e-05,0.9971289703307036,8.235322273746909e-06,0.002814168737165159,,,,,0,0,1,0
distracted,,,,,keystroke,,,,,3.3997209897518176e-08,0.9999971739082506,6.03645418535979e-08,2.7317299978034276e-06,,,,,0,0,1,0
distracted,,,,,keystroke,,,,,4.0752303929716995e-08,0.9999951697979017,5.042035170868334e-08,4.739029442464499e-06,,,,,0,0,1,0
distracted,,,,,keystroke,,,,,6.807233793591826e-07,0.999927799623872,3.883709990740501e-08,7.14808156485734e-05,,,,,0,0,1,0
focused,,,,,keystroke,,,,,0.9999590364122775,7.57165826435547e-08,4.327193757335271e-08,4.0844599202280015e-05,,,,,0,0,1,0
focused,,,,,keystroke,,,,,0.9999974355001572,3.539482882219998e-10,2.0352371851806247e-10,2.5639423708676657e-06,,,,,0,0,1,0
focused,,,,,keystroke,,,,,0.9999769302869888,1.2017742239016135e-07,6.878323211658659e-08,2.2880752356673843e-05,,,,,0,0,1,0
focused,,,,,keystroke,,,,,0.9999766316880841,1.0174140509430857e-09,5.163758399615662e-10,2.3366778126100893e-05,,,,,0,0,1,0
focused,,,,,keystroke,,,,,0.999969379217897,1.0660800999022654e-09,5.974577667303218e-10,3.061911856504944e-05,,,,,0,0,1,0
distracted,,,,,keystroke,,,,,2.7628082720584647e-06,0.9977657987427296,3.448806401500907e-06,0.0022279896425965993,,,,,0,0,1,0
distracted,,,,,keystroke,,,,,3.136375149891082e-05,0.9975089489054269,0.002406843289281908,5.2844053792080956e-05,,,,,0,0,1,0
distracted,,,,,keystroke,,,,,3.456852421691711e-08,0.9999986991333583,1.1745272816655611e-06,9.177083587769907e-08,,,,,0,0,1,0
distracted,,,,,keystroke,,,,,3.334312376811889e-08,0.9999992579392228,9.152947036817643e-08,6.171881829618444e-07,,,,,0,0,1,0
distracted,,,,,keystroke,,,,,4.7312994675157653e-08,0.9999998065607629,9.999643390138123e-08,4.6129808486406945e-08,,,,,0,0,1,0
distracted,,,,,keystroke,,,,,3.390183030334428e-08,0.999999815499648,9.99996454964475e-08,5.0598875995309385e-08,,,,,0,0,1,0
distracted,,,,,keystroke,,,,,3.555008476599479e-08,0.9999998068950086,9.957739510056946e-08,5.79775116283165e-08,,,,,0,0,1,0
distracted,,,,,keystroke,,,,,1.0752559627193846e-05,0.9999853784507532,1.544612133901431e-06,2.3243774855270045e-06,,,,,0,0,1,0
distracted,,,,,keystroke,,,,,1.1999143381179731e-06,0.9999978513038779,9.151404110184558e-07,3.364137289885668e-08,,,,,0,0,1,0
distracted,,,,,keystroke,,,,,0.08540919190327931,0.913130020212164,0.0014531398629151235,7.64802164179616e-06,,,,,0,0,1,0
focused,,,,,keystroke,,,,,0.9999999630927161,5.445423601715604e-11,9.576409639452858e-11,3.675706553960603e-08,,,,,0,0,1,0
focused,,,,,keystroke,,,,,0.9999971703625177,5.0885032403251156e-08,8.553184248329908e-08,2.6932206073615274e-06,,,,,0,0,1,0
fatigued,,,,,keystroke,,,,,3.33333438713403e-08,2.7931037432833615e-14,0.9999999166666124,5.0000015807011196e-08,,,,,0,0,1,0
focused,,,,,keystroke,,,,,0.9999999662282698,1.5765456635773138e-14,2.828153455896755e-14,3.3771686195851036e-08,,,,,0,0,1,0
focused,,,,,keystroke,,,,,0.9999999666124927,9.205188858216616e-12,1.0654057809528337e-11,3.336764789311262e-08,,,,,0,0,1,0
focused,,,,,keystroke,,,,,0.9651513571972318,0.03465962360091974,0.00018574587959597154,3.2733222525043885e-06,,,,,0,0,1,0
focused,,,,,keystroke,,,,,0.9999999656667794,3.8193058572113747e-10,4.4052033852202823e-10,3.3510769673798454e-08,,,,,0,0,1,0
focused,,,,,keystroke,,,,,0.9999999663032272,1.57579627426455e-14,2.8297110286506698e-14,3.3696728810804163e-08,,,,,0,0,1,0
focused,,,,,keystroke,,,,,0.9999999661901313,1.5820307243637448e-14,2.8314378146742355e-14,3.380982466984546e-08,,,,,0,0,1,0
focused,,,,,keystroke,,,,,0.9999999662695718,1.5814995466500246e-14,2.833542691391783e-14,3.373038414856108e-08,,,,,0,0,1,0
focused,,,,,keystroke,,,,,0.999999966448007,1.5785022565440605e-14,2.835877407800735e-14,3.355194870696666e-08,,,,,0,0,1,0
focused,,,,,keystroke,,,,,0.9999999663669623,1.564116876794246e-14,2.8220943856175598e-14,3.363299395168228e-08,,,,,0,0,1,0
focused,,,,,keystroke,,,,,0.9999999661018455,1.5804157391965495e-14,2.827618921216716e-14,3.389811042792485e-08,,,,,0,0,1,0
focused,,,,,keystroke,,,,,0.9999999577031926,1.0372497989284034e-12,1.6448607026190416e-12,4.2294125304266475e-08,,,,,0,0,1,0
focused,,,,,keystroke,,,,,0.9999999587056546,2.3042526539917485e-10,3.674293023821411e-10,4.069649083075057e-08,,,,,0,0,1,0
focused,,,,,keystroke,,,,,0.9999995719557307,1.1385552092870043e-07,2.0713982075870866e-07,1.0704892768886604e-07,,,,,0,0,1,0
focused,,,,,keystroke,,,,,0.9999764471806443,3.503316128376039e-07,5.769880533647859e-07,2.2625499689696424e-05,,,,,0,0,1,0
focused,,,,,keystroke,,,,,0.9999996272452188,2.81591193306336e-13,5.699075877169826e-13,3.7275392959924056e-07,,,,,0,0,1,0
focused,,,,,keystroke,,,,,0.9999999659724237,1.5835905666679743e-14,2.8262695977962705e-14,3.402753219034071e-08,,,,,0,0,1,0
fatigued,,,,,keystroke,,,,,0.05004256737132248,0.14744223967182624,0.7145397110247722,0.08797548193207921,,,,,0,0,1,0
distracted,,,,,keystroke,,,,,5.594660027982428e-05,0.8013100550444373,0.002740859390514218,0.1958931389647686,,,,,0,0,1,0
focused,,,,,keystroke,,,,,0.9999999652744243,1.1096431385268503e-12,1.9442816146304202e-12,3.472252190670204e-08,,,,,0,0,1,0
focused,,,,,keystroke,,,,,0.9999999636925422,1.2482830292566536e-13,2.1078858652547675e-13,3.630712213143689e-08,,,,,0,0,1,0
distracted,,,,,keystroke,,,,,0.0006611785764256933,0.9900771065111704,0.008976913464698871,0.00028480144770502697,,,,,0,0,1,0
distracted,,,,,keystroke,,,,,8.875607796611112e-05,0.9808166788473652,0.019081251411909618,1.3313662759043284e-05,,,,,0,0,1,0
focused,,,,,keystroke,,,,,0.9999999664572271,1.5570253208178555e-14,2.8192016130358382e-14,3.3542729106019535e-08,,,,,0,0,1,0
focused,,,,,keystroke,,,,,0.9938979564645439,0.0028443183958504455,0.0032551486484933886,2.5764911121899676e-06,,,,,0,0,1,0
focused,,,,,keystroke,,,,,0.9620672764318409,0.008895505460103996,0.029016585308328232,2.063279972710219e-05,,,,,0,0,1,0
focused,,,,,keystroke,,,,,0.9999999628825138,4.0043326591647976e-14,6.656321288997552e-14,3.711737942756301e-08,,,,,0,0,1,0
focused,,,,,keystroke,,,,,0.9975206364795484,1.044007787378588e-06,0.0016413395711778992,0.0008369799414866189,,,,,0,0,1,0
focused,,,,,keystroke,,,,,0.9999999656713633,1.598095815347554e-14,2.8292004990274807e-14,3.432859256580686e-08,,,,,0,0,1,0
focused,,,,,keystroke,,,,,0.9802679686522924,0.003608074655037487,0.015701730772689337,0.0004222259199812095,,,,,0,0,1,0
focused,,,,,keystroke,,,,,0.9980792588366865,0.001378487861637169,0.0005173564225623297,2.4896879113979943e-05,,,,,0,0,1,0
focused,,,,,keystroke,,,,,0.9999999595699001,6.298856642211915e-14,1.0262003255709842e-13,4.042993424242352e-08,,,,,0,0,1,0
focused,,,,,keystroke,,,,,0.9999998104813911,2.2286293544904493e-13,3.682165680740464e-13,1.8951801786831457e-07,,,,,0,0,1,0
focused,,,,,keystroke,,,,,0.999999964744356,1.7614074480024507e-14,2.924801739963983e-14,3.5255597101721195e-08,,,,,0,0,1,0
focused,,,,,keystroke,,,,,0.9999999644817402,1.72766292299375e-14,2.897773279513814e-14,3.551821341037964e-08,,,,,0,0,1,0
focused,,,,,keystroke,,,,,0.9999997875351482,9.036696124289649e-14,1.8648252028127988e-13,2.124645749440717e-07,,,,,0,0,1,0
focused,,,,,keystroke,,,,,0.9999987637618288,2.695030257750577e-12,5.774162787895058e-12,1.2362297018225685e-06,,,,,0,0,1,0
focused,,,,,keystroke,,,,,0.9888059335701376,0.0005833240465780102,0.004103841525080609,0.006506900858204184,,,,,0,0,1,0
focused,,,,,keystroke,,,,,0.9981340016015081,1.2333923489029888e-05,6.942317037284359e-06,0.0018467221579655563,,,,,0,0,1,0
focused,,,,,keystroke,,,,,0.9999999662171137,2.3604090975939102e-14,3.02362840172605e-14,3.3782832208702054e-08,,,,,0,0,1,0
focused,,,,,keystroke,,,,,0.8595098629536805,0.1396981224256976,0.0007448240023020123,4.719061831999091e-05,,,,,0,0,1,0
distracted,,,,,keystroke,,,,,1.032113790523714e-05,0.9999886950852716,8.804799241437959e-08,8.957288310302033e-07,,,,,0,0,1,0
distracted,,,,,keystroke,,,,,1.0266685370825644e-07,0.9999997804920531,5.700674264521809e-08,5.983435066741114e-08,,,,,0,0,1,0
distracted,,,,,keystroke,,,,,0.00043238137948503787,0.9995613080439517,8.463837304541792e-07,5.464192832775328e-06,,,,,0,0,1,0
distracted,,,,,keystroke,,,,,3.3426341930670764e-08,0.9999874194671532,1.6457567039550573e-06,1.0901349800813589e-05,,,,,0,0,1,0
distracted,,,,,keystroke,,,,,3.3357843254819876e-08,0.9999931723832224,6.004640832906566e-07,6.193794851341969e-06,,,,,0,0,1,0
distracted,,,,,keystroke,,,,,3.3340401314719305e-08,0.9999998160992208,9.999691507838831e-08,5.0563462805772804e-08,,,,,0,0,1,0
distracted,,,,,keystroke,,,,,3.3339229470271834e-08,0.9999998143704268,9.994577662257849e-08,5.2344567067439414e-08,,,,,0,0,1,0
overloaded,,,,,keystroke,,,,,1.342507680193446e-14,3.9724684740959065e-14,2.1333627211208062e-14,0.9999999999999255,,,,,0,0,1,0
overloaded,,,,,keystroke,,,,,1.342507680193446e-14,3.9724684740959065e-14,2.1333627211208062e-14,0.9999999999999255,,,,,0,0,1,0
distracted,,,,,keystroke,,,,,0.049895671831081755,0.9427793432353913,0.00017460083906881135,0.007150384094458198,,,,,0,0,1,0
distracted,,,,,keystroke,,,,,4.5239675398294935e-08,0.9999992291196189,8.537491870639028e-08,6.402657871052556e-07,,,,,0,0,1,0
distracted,,,,,keystroke,,,,,1.2725887100565617e-05,0.9937163795127487,1.9292447883404776e-05,0.006251602152267497,,,,,0,0,1,0
distracted,,,,,keystroke,,,,,0.0012574440521726724,0.7978279085520521,0.0009718080178669526,0.1999428393779082,,,,,0,0,1,0
distracted,,,,,keystroke,,,,,0.06224585692348613,0.9372987241739467,9.198664465157334e-05,0.00036343225791572736,,,,,0,0,1,0
focused,,,,,keystroke,,,,,0.9999993438428894,1.3909784609802127e-12,6.969315493967337e-13,6.561550228596895e-07,,,,,0,0,1,0
focused,,,,,keystroke,,,,,0.9999986367747018,7.428933741183242e-12,4.056766607413503e-12,1.3632138125180052e-06,,,,,0,0,1,0
focused,,,,,keystroke,,,,,0.9999997575933822,3.788185491369464e-13,2.534020565255155e-13,2.424059854590611e-07,,,,,0,0,1,0
distracted,,,,,keystroke,,,,,0.09069461385964372,0.9091268336168016,7.291236743991946e-05,0.00010564015611463231,,,,,0,0,1,0
distracted,,,,,keystroke,,,,,0.00011083102860895326,0.9997705858428237,1.1511425445373571e-06,0.00011743198602275232,,,,,0,0,1,0
focused,,,,,keystroke,,,,,0.9999116365563598,5.7881593806030856e-08,3.395981728282666e-08,8.827160222900632e-05,,,,,0,0,1,0
distracted,,,,,keystroke,,,,,1.0030625676314402e-07,0.9999997836467904,7.369393501269152e-08,4.2353017810341886e-08,,,,,0,0,1,0
distracted,,,,,keystroke,,,,,3.333336347894823e-08,0.9999996188867792,5.035708685798423e-08,2.974227705780634e-07,,,,,0,0,1,0
distracted,,,,,keystroke,,,,,3.333346407937786e-08,0.9999992558228297,5.0001876271915026e-08,6.608418299296608e-07,,,,,0,0,1,0
distracted,,,,,keystroke,,,,,3.499850080663949e-08,0.9999998077524148,5.317085026092097e-08,1.040782340608012e-07,,,,,0,0,1,0
distracted,,,,,keystroke,,,,,1.7689334676296812e-06,0.9999959130057523,1.785480555719662e-06,5.32580224216855e-07,,,,,0,0,1,0
distracted,,,,,keystroke,,,,,1.0396256607219561e-07,0.9999997929794734,6.89523846774336e-08,3.410557603775482e-08,,,,,0,0,1,0
distracted,,,,,keystroke,,,,,5.1140574904848026e-08,0.9999997982979353,9.92689648936376e-08,5.1292524996709144e-08,,,,,0,0,1,0
distracted,,,,,keystroke,,,,,5.6736451893161204e-08,0.9999997989831807,9.68748590921219e-08,4.740550849344683e-08,,,,,0,0,1,0
distracted,,,,,keystroke,,,,,4.1348411936162336e-08,0.9999913475644083,5.300178400026395e-08,8.558085395548656e-06,,,,,0,0,1,0
distracted,,,,,keystroke,,,,,5.0531178258374716e-08,0.9999998171488989,5.633245077837022e-08,7.598747224000468e-08,,,,,0,0,1,0
distracted,,,,,keystroke,,,,,3.333333971423548e-08,0.9999997919535027,8.683663364885599e-08,8.787652404079461e-08,,,,,0,0,1,0
distracted,,,,,keystroke,,,,,3.333334002152648e-08,0.9999998011722253,6.004873368151449e-08,1.0544570106671293e-07,,,,,0,0,1,0
distracted,,,,,keystroke,,,,,3.359312335475489e-08,0.999975753212933,7.41376849565106e-08,2.4139056258783406e-05,,,,,0,0,1,0
distracted,,,,,keystroke,,,,,0.0033517089082716013,0.6754803652009199,0.058249611316213964,0.2629183145745943,,,,,0,0,1,0
fatigued,,,,,keystroke,,,,,3.333541919942126e-08,4.2221966770088364e-12,0.9999974673337193,2.4993266392328596e-06,,,,,0,0,1,0
fatigued,,,,,keystroke,,,,,3.333334220467328e-08,1.6468309201152238e-14,0.9999998666666202,1.0000002116417476e-07,,,,,0,0,1,0
fatigued,,,,,keystroke,,,,,0.25575113803811594,0.00012966525496043097,0.7441136378627742,5.558844149198961e-06,,,,,0,0,1,0
fatigued,,,,,keystroke,,,,,0.03823504188469341,0.0036987754275162273,0.9578921137270489,0.00017406896074157946,,,,,0,0,1,0
focused,,,,,keystroke,,,,,0.9408236563990804,0.004959232498813103,0.05386122474694045,0.0003558863551660539,,,,,0,0,1,0
focused,,,,,keystroke,,,,,0.9999969340010848,1.5988466231253104e-08,2.697354341346844e-08,3.023036905581855e-06,,,,,0,0,1,0
fatigued,,,,,keystroke,,,,,0.03731874644544484,4.39148708398042e-06,0.962674861494389,2.000573082536505e-06,,,,,0,0,1,0
fatigued,,,,,keystroke,,,,,0.17635381194184752,0.00039741211833931343,0.8232476828610132,1.093078799883265e-06,,,,,0,0,1,0
focused,,,,,keystroke,,,,,0.9999999623915968,1.742185651990958e-14,2.871642319561111e-14,3.760835722762282e-08,,,,,0,0,1,0
focused,,,,,keystroke,,,,,0.9999999549876406,1.9433788356500052e-11,3.13126141047492e-11,4.4961613069586365e-08,,,,,0,0,1,0
focused,,,,,keystroke,,,,,0.9999993980320675,1.5921843822177937e-07,2.8870973595439717e-07,1.540397582926976e-07,,,,,0,0,1,0
focused,,,,,keystroke,,,,,0.9999998645196806,2.945451294364385e-08,5.3381046903338405e-08,5.264475973772036e-08,,,,,0,0,1,0
focused,,,,,keystroke,,,,,0.9999973848726188,1.9022554630776854e-07,4.0664061122465186e-07,2.0182612235334e-06,,,,,0,0,1,0
overloaded,,,,,keystroke,,,,,1.0742944465010242e-06,0.019762834542506363,0.0011987675997561192,0.979037323563291,,,,,0,0,1,0
overloaded,,,,,keystroke,,,,,1.0668903317425765e-11,3.1569577692987963e-11,1.6953837988361885e-11,0.9999999999408077,,,,,0,0,1,0
overloaded,,,,,keystroke,,,,,1.4615571831622295e-14,2.2682051490752812e-14,4.123439792855833e-14,0.9999999999999215,,,,,0,0,1,0
overloaded,,,,,keystroke,,,,,4.330355911609963e-08,1.0690491649414239e-05,0.003913804196020295,0.9960754620087712,,,,,0,0,1,0
overloaded,,,,,keystroke,,,,,0.007538138514039649,0.04510716993396721,0.14246806762012904,0.8048866239318637,,,,,0,0,1,0
distracted,,,,,keystroke,,,,,3.344956751099224e-08,0.9999998153218214,9.998512361233012e-08,5.1243487265771216e-08,,,,,0,0,1,0
distracted,,,,,keystroke,,,,,3.3382053669256085e-08,0.9999998162980527,9.999920914372828e-08,5.032068444503284e-08,,,,,0,0,1,0
distracted,,,,,keystroke,,,,,3.3708214750608743e-08,0.9999998001893069,9.654429015528312e-08,6.955818795407452e-08,,,,,0,0,1,0
distracted,,,,,keystroke,,,,,3.35208245875248e-08,0.9999998163560053,9.999992791504254e-08,5.012324219412774e-08,,,,,0,0,1,0
distracted,,,,,keystroke,,,,,3.343790062493198e-08,0.9999998164777008,1.000000208828602e-07,5.008437782762194e-08,,,,,0,0,1,0
distracted,,,,,keystroke,,,,,3.334011408029092e-08,0.9999997991069335,6.198193248568432e-08,1.0557101975191435e-07,,,,,0,0,1,0
distracted,,,,,keystroke,,,,,3.35456885628945e-08,0.9999997903081437,8.181108376698521e-08,9.433508393741531e-08,,,,,0,0,1,0
distracted,,,,,keystroke,,,,,3.333334053243897e-08,0.9999998164995787,9.999974184380497e-08,5.016733895926901e-08,,,,,0,0,1,0
distracted,,,,,keystroke,,,,,3.3333340477426336e-08,0.9999998148492014,9.996605271581227e-08,5.185140532672281e-08,,,,,0,0,1,0
distracted,,,,,keystroke,,,,,2.0897628235440376e-06,0.9998222459721198,4.174048703446447e-06,0.000171490216353293,,,,,0,0,1,0
distracted,,,,,keystroke,,,,,1.0080388527551757e-07,0.9999998134860639,5.081750537638976e-08,3.489254549126293e-08,,,,,0,0,1,0
distracted,,,,,keystroke,,,,,1.0001894144463768e-07,0.9999998076305817,4.95684102725584e-08,4.278206660749636e-08,,,,,0,0,1,0
distracted,,,,,keystroke,,,,,0.0012310816731920789,0.9987659121386536,1.2627492083009832e-06,1.7434389459688471e-06,,,,,0,0,1,0
distracted,,,,,keystroke,,,,,3.334089624524322e-08,0.9999998163545364,9.999909697105551e-08,5.030547034703411e-08,,,,,0,0,1,0
distracted,,,,,keystroke,,,,,3.333599004109749e-08,0.9999998166147486,9.99999981505688e-08,5.004926306932641e-08,,,,,0,0,1,0
distracted,,,,,keystroke,,,,,4.637407654157443e-08,0.9999997994027965,9.938497148480027e-08,5.483815550014269e-08,,,,,0,0,1,0
distracted,,,,,keystroke,,,,,0.0006454645884564165,0.9993531938409644,6.878598249921838e-07,6.537107541896098e-07,,,,,0,0,1,0
distracted,,,,,keystroke,,,,,9.992957783258287e-08,0.999999797461457,4.180106101622509e-08,6.080790440526042e-08,,,,,0,0,1,0
distracted,,,,,keystroke,,,,,4.895091224658626e-08,0.9999325068066809,6.260396842365068e-05,4.840273983072201e-06,,,,,0,0,1,0
distracted,,,,,keystroke,,,,,3.3333344357920345e-08,0.9999998123452217,5.228923900845714e-08,1.02032194896511e-07,,,,,0,0,1,0
distracted,,,,,keystroke,,,,,3.3333344700411996e-08,0.9999998150968836,5.080080516869685e-08,1.0076896626377959e-07,,,,,0,0,1,0
distracted,,,,,keystroke,,,,,5.052818850166365e-08,0.9999994521580436,8.74378108642873e-08,4.098759570092183e-07,,,,,0,0,1,0
distracted,,,,,keystroke,,,,,3.877049111218172e-08,0.999999326582107,1.7907786482811353e-07,4.5556953699024616e-07,,,,,0,0,1,0
distracted,,,,,keystroke,,,,,1.0999913838458736e-05,0.9995605365788982,0.00042266539651192395,5.79811075135069e-06,,,,,0,0,1,0
distracted,,,,,keystroke,,,,,9.776159068163503e-06,0.9999881327697835,1.881964176778241e-06,2.0910697178094997e-07,,,,,0,0,1,0
distracted,,,,,keystroke,,,,,3.4557933447727844e-08,0.9999998141149189,9.999743054639786e-08,5.132971706333758e-08,,,,,0,0,1,0
distracted,,,,,keystroke,,,,,3.774333077347973e-08,0.9999997788065159,9.997628696395367e-08,8.347386632587044e-08,,,,,0,0,1,0
distracted,,,,,keystroke,,,,,0.0022518297663611376,0.9977106271681021,2.5826553468194205e-05,1.1716512068770745e-05,,,,,0,0,1,0
distracted,,,,,keystroke,,,,,6.321681821317163e-08,0.999999801564009,9.828993594771649e-08,3.6929236733329165e-08,,,,,0,0,1,0
distracted,,,,,keystroke,,,,,8.988747717435173e-06,0.994735588377762,1.348327858582552e-05,0.005241939595934864,,,,,0,0,1,0
overloaded,,,,,keystroke,,,,,1.342507680193446e-14,3.9724684740959065e-14,2.1333627211208062e-14,0.9999999999999255,,,,,0,0,1,0
overloaded,,,,,keystroke,,,,,1.3428130826231348e-14,3.9751428948989865e-14,2.138743756821128e-14,0.9999999999999254,,,,,0,0,1,0
focused,,,,,keystroke,,,,,0.9999997453788667,6.881317049977826e-13,4.559444612386096e-13,2.5461998919118926e-07,,,,,0,0,1,0
focused,,,,,keystroke,,,,,0.9999998750372612,2.2545994000458596e-13,1.459155496885973e-13,1.2496236748459794e-07,,,,,0,0,1,0
focused,,,,,keystroke,,,,,0.9999999600889689,3.395475143968632e-14,1.8881775593157098e-14,3.9910978089311424e-08,,,,,0,0,1,0
focused,,,,,keystroke,,,,,0.9999979931656924,1.203548745653914e-11,5.0748725261341785e-12,2.0068171972066727e-06,,,,,0,0,1,0
focused,,,,,keystroke,,,,,0.9886810121893373,0.00010344001805544086,8.702815575415558e-05,0.011128519636853261,,,,,0,0,1,0
focused,,,,,keystroke,,,,,0.9995497577840119,1.6541694688636632e-07,2.226645425384088e-07,0.0004498541344987823,,,,,0,0,1,0
focused,,,,,keystroke,,,,,0.9999995964405,7.080490210293784e-13,4.429374284816942e-13,4.0355834894636554e-07,,,,,0,0,1,0
focused,,,,,keystroke,,,,,0.9936738885735574,3.440021968573767e-05,2.1648170414404068e-05,0.006270063036342535,,,,,0,0,1,0
overloaded,,,,,keystroke,,,,,0.2670405190629487,0.0005901378108467941,0.0001363556708881994,0.7322329874553162,,,,,0,0,1,0
focused,,,,,keystroke,,,,,0.9826280881079336,0.014358381807240627,0.002993265522858787,2.026456196687207e-05,,,,,0,0,1,0
focused,,,,,keystroke,,,,,0.9999999659301965,2.4356923454143318e-14,3.944166380422226e-14,3.4069739827318255e-08,,,,,0,0,1,0
overloaded,,,,,keystroke,,,,,1.6419312694281313e-07,2.615416314329184e-07,4.2919935600835137e-07,0.9999991450658856,,,,,0,0,1,0
overloaded,,,,,keystroke,,,,,1.4872422326521222e-11,1.507897856011374e-11,2.7641672019703106e-11,0.9999999999424068,,,,,0,0,1,0
focused,,,,,keystroke,,,,,0.9728805434138957,0.005227850820277609,0.018636903118725498,0.003254702647101467,,,,,0,0,1,0
distracted,,,,,keystroke,,,,,2.1006365660718645e-07,0.9999541184959317,4.563111861338423e-05,4.032179829993974e-08,,,,,0,0,1,0
distracted,,,,,keystroke,,,,,4.0875508244742294e-07,0.9999601703875747,3.938556770261738e-05,3.528964012174791e-08,,,,,0,0,1,0
focused,,,,,keystroke,,,,,0.9999998854443293,3.817102977652124e-08,3.0191619750713037e-08,4.619302114710074e-08,,,,,0,0,1,0
focused,,,,,keystroke,,,,,0.999999965112132,1.6267662840431464e-14,2.8372758816471607e-14,3.4887823412340226e-08,,,,,0,0,1,0
focused,,,,,keystroke,,,,,0.99999996633397,1.5635849031826015e-14,2.820730819522688e-14,3.366598621695155e-08,,,,,0,0,1,0
focused,,,,,keystroke,,,,,0.9999983602342614,7.68406750491075e-09,1.6048335617498017e-08,1.6160333356111738e-06,,,,,0,0,1,0
focused,,,,,keystroke,,,,,0.9999990415595175,1.5290331900687394e-11,3.2283651973690156e-11,9.583929084244204e-07,,,,,0,0,1,0
focused,,,,,keystroke,,,,,0.9999999662791311,1.567077790913445e-14,2.8219273288549397e-14,3.372082511496725e-08,,,,,0,0,1,0
focused,,,,,keystroke,,,,,0.9999999652106925,4.196830891545466e-13,7.340559389960685e-13,3.4788153761190406e-08,,,,,0,0,1,0
overloaded,,,,,keystroke,,,,,0.46251336559782963,0.009340963762750393,0.24055587694466943,0.28758979369475046,,,,,0,0,1,0
fatigued,,,,,keystroke,,,,,0.08086475483757326,0.14574476474585787,0.6009356599811161,0.1724548204354523,,,,,0,0,1,0
focused,,,,,keystroke,,,,,0.9999994373849265,1.2846529130336745e-07,2.3291605135332044e-07,2.0123373082072862e-07,,,,,0,0,1,0
focused,,,,,keystroke,,,,,0.999999965569113,9.007512914472219e-14,1.5903071305656155e-13,3.443063795516926e-08,,,,,0,0,1,0
focused,,,,,keystroke,,,,,0.9981460491075829,2.8497456104725017e-06,4.422334919395775e-06,0.0018466788118872226,,,,,0,0,1,0
overloaded,,,,,keystroke,,,,,1.0554107883465455e-08,3.124155258306083e-08,1.677161337718845e-08,0.9999999414327261,,,,,0,0,1,0
overloaded,,,,,keystroke,,,,,2.2966379511455335e-08,6.79967847469016e-08,3.6496455153675706e-08,0.9999998725403806,,,,,0,0,1,0
overloaded,,,,,keystroke,,,,,2.138946847010145e-09,6.240690594368665e-09,3.375161991411679e-09,0.9999999882452005,,,,,0,0,1,0
overloaded,,,,,keystroke,,,,,2.635894089742534e-09,7.039328520105083e-09,3.960479507792929e-09,0.9999999863642979,,,,,0,0,1,0
overloaded,,,,,keystroke,,,,,1.3657629755223846e-11,3.947622156668644e-11,2.145067057287441e-11,0.9999999999254154,,,,,0,0,1,0
overloaded,,,,,keystroke,,,,,1.9782524408098233e-14,4.489847865492357e-14,1.7734206163272738e-14,0.9999999999999175,,,,,0,0,1,0
overloaded,,,,,keystroke,,,,,1.8216018300207727e-14,4.250396120734236e-14,1.5112560021051745e-14,0.9999999999999241,,,,,0,0,1,0
overloaded,,,,,keystroke,,,,,1.792879605122094e-08,5.2987348612218866e-08,2.8467200712357214e-08,0.9999999006166546,,,,,0,0,1,0
overloaded,,,,,keystroke,,,,,1.7694091808414418e-10,5.074153015737658e-10,2.7677100548284564e-10,0.9999999990388727,,,,,0,0,1,0
overloaded,,,,,keystroke,,,,,3.313678828129417e-14,3.0213689495413045e-14,1.6866070183076907e-14,0.9999999999999197,,,,,0,0,1,0
focused,,,,,keystroke,,,,,0.9999999525248935,1.8118903326154987e-14,3.023483766843341e-14,4.747505822596181e-08,,,,,0,0,1,0
focused,,,,,keystroke,,,,,0.999999909661919,7.706928929482976e-14,7.998384863733082e-14,9.033792399924901e-08,,,,,0,0,1,0
focused,,,,,keystroke,,,,,0.9999997707343294,3.1083327169572306e-13,4.3241447327353763e-13,2.292649272094735e-07,,,,,0,0,1,0
focused,,,,,keystroke,,,,,0.9999999653597256,1.793319201038892e-14,2.956323673128606e-14,3.464022682742036e-08,,,,,0,0,1,0
focused,,,,,keystroke,,,,,0.9999998866422833,3.4467796218383213e-14,6.962890984299451e-14,1.1335761266390944e-07,,,,,0,0,1,0
focused,,,,,keystroke,,,,,0.9999982147641411,4.745886775607311e-12,1.0240307591936772e-11,1.7852208727356832e-06,,,,,0,0,1,0
focused,,,,,keystroke,,,,,0.934447494590679,0.004808928754613233,0.06072805747606912,1.5519178638490205e-05,,,,,0,0,1,0
focused,,,,,keystroke,,,,,0.888405618677863,0.006028693854271306,0.10539537721017506,0.00017031025769044262,,,,,0,0,1,0
focused,,,,,keystroke,,,,,0.9999986781608642,1.0034237468107535e-10,1.69048564088228e-10,1.3215697449379616e-06,,,,,0,0,1,0
focused,,,,,keystroke,,,,,0.9999999666202701,1.913959556438817e-12,3.223138469716216e-12,3.3374592752359084e-08,,,,,0,0,1,0
distracted,,,,,keystroke,,,,,0.13339607959555283,0.8306315820062141,0.035635005700361475,0.0003373326978714574,,,,,0,0,1,0
distracted,,,,,keystroke,,,,,0.0010066246713006522,0.9988231421347256,0.00016980227954191968,4.309144317800455e-07,,,,,0,0,1,0
distracted,,,,,keystroke,,,,,3.3170292150743745e-06,0.9999925426443232,3.8140611778700592e-06,3.262652838580364e-07,,,,,0,0,1,0
distracted,,,,,keystroke,,,,,3.333339525452587e-08,0.9999994836105925,5.181967852318534e-08,4.3123633347118513e-07,,,,,0,0,1,0
distracted,,,,,keystroke,,,,,3.373241831337128e-08,0.9999653806122556,5.3421817227084085e-08,3.453223350895499e-05,,,,,0,0,1,0
focused,,,,,keystroke,,,,,0.9999984791945687,4.838851119844002e-11,7.625105516445327e-11,1.5206807917844073e-06,,,,,0,0,1,0
focused,,,,,keystroke,,,,,0.9999999530407149,1.7848132911651513e-14,2.979214618785277e-14,4.695923765871401e-08,,,,,0,0,1,0
distracted,,,,,keystroke,,,,,0.004211343683980508,0.9699210077095177,0.02580162651062712,6.60220958746291e-05,,,,,0,0,1,0
distracted,,,,,keystroke,,,,,0.0002615075841617683,0.9996096840616097,0.00012832714651397076,4.81207714552718e-07,,,,,0,0,1,0
focused,,,,,keystroke,,,,,0.9999999665219033,2.169080047839319e-11,1.2942668214218778e-11,3.344346326008963e-08,,,,,0,0,1,0
focused,,,,,keystroke,,,,,0.9467210979567736,0.05315468803170264,0.0001225676966966651,1.6463148269148113e-06,,,,,0,0,1,0
focused,,,,,keystroke,,,,,0.9999998606486652,1.8681450712241615e-08,1.0769601453047773e-08,1.0990028251372586e-07,,,,,0,0,1,0
focused,,,,,keystroke,,,,,0.9999999664901944,1.726580271382664e-14,2.9326874476988666e-14,3.3509759077933436e-08,,,,,0,0,1,0
overloaded,,,,,keystroke,,,,,1.1179355387325686e-07,9.75064982509889e-08,2.1163754106328592e-07,0.9999995790624068,,,,,0,0,1,0
overloaded,,,,,keystroke,,,,,1.646809443349648e-07,1.0484632651811043e-07,1.198605891804019e-07,0.9999996106121399,,,,,0,0,1,0
focused,,,,,keystroke,,,,,0.9999999664510659,2.0533704672123187e-14,3.033453801090246e-14,3.354888299871072e-08,,,,,0,0,1,0
focused,,,,,keystroke,,,,,0.9999999665632414,1.7045448081787375e-14,2.9194611722820035e-14,3.34367121693892e-08,,,,,0,0,1,0
focused,,,,,keystroke,,,,,0.9999999653635717,1.9498980509416105e-14,3.0176867796443486e-14,3.463637859467621e-08,,,,,0,0,1,0
focused,,,,,keystroke,,,,,0.9999946045470327,3.795782622925796e-11,4.984549049340221e-11,5.3953651641367385e-06,,,,,0,0,1,0
overloaded,,,,,keystroke,,,,,0.0013592252385752387,1.0879327597321017e-06,3.2165544396095696e-06,0.9986364702742253,,,,,0,0,1,0
overloaded,,,,,keystroke,,,,,3.1728100938371544e-14,2.7763771481014402e-14,1.686343752962874e-14,0.9999999999999236,,,,,0,0,1,0
overloaded,,,,,keystroke,,,,,1.5661466371767596e-10,3.473019743051986e-10,1.454640042886152e-10,0.9999999993506195,,,,,0,0,1,0
overloaded,,,,,keystroke,,,,,3.10142940258275e-07,0.027710263754945008,2.2998285268375177e-06,0.972287126273588,,,,,0,0,1,0
distracted,,,,,keystroke,,,,,9.771702958859398e-06,0.9945066642478448,1.4657719022459542e-05,0.005468906330173898,,,,,0,0,1,0
distracted,,,,,keystroke,,,,,8.16019454575216e-06,0.8914973798527156,2.907267750796043e-05,0.10846538727523074,,,,,0,0,1,0
overloaded,,,,,keystroke,,,,,1.5023545241897307e-13,1.510182378630793e-13,7.167979275316003e-14,0.9999999999996271,,,,,0,0,1,0
overloaded,,,,,keystroke,,,,,1.9824997506654623e-14,4.1721408237339825e-14,2.0936988170073236e-14,0.9999999999999176,,,,,0,0,1,0
overloaded,,,,,keystroke,,,,,8.681838791109663e-12,2.5682024366603443e-11,1.379418631344046e-11,0.999999999951842,,,,,0,0,1,0
overloaded,,,,,keystroke,,,,,1.6359609279990363e-14,4.377371334549002e-14,2.4612154556133997e-14,0.9999999999999153,,,,,0,0,1,0
overloaded,,,,,keystroke,,,,,3.17269386999267e-14,2.7761781674627858e-14,1.6863020917300596e-14,0.9999999999999236,,,,,0,0,1,0
overloaded,,,,,keystroke,,,,,3.1728302005174054e-14,2.7765150468506884e-14,1.6867073889020676e-14,0.9999999999999236,,,,,0,0,1,0
overloaded,,,,,keystroke,,,,,9.292697732167064e-14,2.0398974513854224e-13,8.781038017866103e-14,0.9999999999996152,,,,,0,0,1,0
overloaded,,,,,keystroke,,,,,2.9344869241645457e-10,8.682620756690205e-10,4.662890834989371e-10,0.9999999983720002,,,,,0,0,1,0
overloaded,,,,,keystroke,,,,,6.021217405283114e-09,1.78213402799903e-08,9.568180318544846e-09,0.9999999665892619,,,,,0,0,1,0
focused,,,,,keystroke,,,,,0.9999998540773206,1.100709228968524e-09,1.915062337995216e-09,1.4290690769190758e-07,,,,,0,0,1,0
focused,,,,,keystroke,,,,,0.9999999620617287,7.855414700921423e-13,1.2881793907167436e-12,3.793619748076728e-08,,,,,0,0,1,0
focused,,,,,keystroke,,,,,0.9999999653870957,1.5971033987930357e-13,2.806147109463316e-13,3.4612464007153354e-08,,,,,0,0,1,0
focused,,,,,keystroke,,,,,0.9999999618104503,1.7627237188012535e-14,2.880600273628051e-14,3.8189503161680647e-08,,,,,0,0,1,0
focused,,,,,keystroke,,,,,0.9999999566467563,1.8494207061277294e-14,2.9402408927849136e-14,4.3353195785771584e-08,,,,,0,0,1,0
focused,,,,,keystroke,,,,,0.9999999194715918,3.810457895307889e-12,6.145356612793604e-12,8.051845229791605e-08,,,,,0,0,1,0
focused,,,,,keystroke,,,,,0.992857979593407,3.621910999712749e-05,0.006775624767014752,0.0003301765295812219,,,,,0,0,1,0
focused,,,,,keystroke,,,,,0.9922444318361596,1.4881854877434635e-05,0.005554233542403326,0.00218645276655967,,,,,0,0,1,0
focused,,,,,keystroke,,,,,0.9999998403195538,1.494868493244586e-12,2.372225111852616e-12,1.5967657914400035e-07,,,,,0,0,1,0
focused,,,,,keystroke,,,,,0.9999922877241647,3.783463338651638e-08,6.8029792412718e-08,7.606411409408821e-06,,,,,0,0,1,0
focused,,,,,keystroke,,,,,0.9999974321088667,3.7266353296503335e-08,5.981009168886629e-08,2.4708146880983033e-06,,,,,0,0,1,0
focused,,,,,keystroke,,,,,0.9113131639853812,0.0002872515141276337,0.021665425444190436,0.06673415905630058,,,,,0,0,1,0
overloaded,,,,,keystroke,,,,,1.0388387560001097e-08,9.468103816992898e-09,2.0322187465146262e-08,0.9999999598213212,,,,,0,0,1,0
focused,,,,,keystroke,,,,,0.9968215210910758,7.953530183234417e-06,1.2460333076802781e-05,0.003158065045664015,,,,,0,0,1,0
focused,,,,,keystroke,,,,,0.999999965224821,5.762933361981261e-12,1.0082861962150765e-11,3.4759333223680124e-08,,,,,0,0,1,0
distracted,,,,,keystroke,,,,,3.333520781165779e-08,0.9999987227898323,1.1938734980845516e-06,5.000146164407867e-08,,,,,0,0,1,0
distracted,,,,,keystroke,,,,,2.805731370547719e-07,0.9995587356384449,7.729221822620954e-06,0.0004332545665952298,,,,,0,0,1,0
overloaded,,,,,keystroke,,,,,1.35085165610629e-14,4.04313255336512e-14,2.292418290017236e-14,0.9999999999999231,,,,,0,0,1,0
focused,,,,,keystroke,,,,,0.6984192042937893,8.64689740059159e-05,0.22947551445995185,0.07201881227225268,,,,,0,0,1,0
focused,,,,,keystroke,,,,,0.9779194169005725,7.246383009697595e-05,0.014165869953398316,0.007842249315932253,,,,,0,0,1,0
overloaded,,,,,keystroke,,,,,0.03365694659480975,0.00030409397147286604,0.06851772052068492,0.8975212389130328,,,,,0,0,1,0
focused,,,,,keystroke,,,,,0.690119224806839,9.340215436742468e-05,0.2962166868787867,0.013570686160006833,,,,,0,0,1,0
focused,,,,,keystroke,,,,,0.9999999656975823,3.695839075072723e-13,6.54458125368368e-13,3.430139366762465e-08,,,,,0,0,1,0
distracted,,,,,keystroke,,,,,0.18317873137667962,0.6516937176779656,0.16013623346531167,0.004991317480043151,,,,,0,0,1,0
distracted,,,,,keystroke,,,,,0.04714676500589864,0.932858664516419,0.013147521034942716,0.006847049442739651,,,,,0,0,1,0
focused,,,,,keystroke,,,,,0.9999999513268498,1.805158442673506e-14,3.074489003346739e-14,4.867310124535241e-08,,,,,0,0,1,0
focused,,,,,keystroke,,,,,0.9999993583550425,4.0714848751702696e-10,6.482972594113817e-10,6.405895115930955e-07,,,,,0,0,1,0
focused,,,,,keystroke,,,,,0.9999947402468694,7.497445886923249e-07,1.1946187518070326e-06,3.3153897901580183e-06,,,,,0,0,1,0
focused,,,,,keystroke,,,,,0.9323696004647516,1.587297992284663e-05,0.0675563265822053,5.81999731203431e-05,,,,,0,0,1,0
focused,,,,,keystroke,,,,,0.9570520165978467,0.00034459516300883907,0.03410074868768083,0.008502639551463364,,,,,0,0,1,0
overloaded,,,,,keystroke,,,,,0.18975610127905523,5.346545040601217e-05,0.020058873070963584,0.7901315601995748,,,,,0,0,1,0
distracted,,,,,keystroke,,,,,3.333730990481718e-08,0.9999997618308979,9.978880976031499e-08,1.05042982627875e-07,,,,,0,0,1,0
distracted,,,,,keystroke,,,,,8.972232763741637e-06,0.8882115203270707,0.00029111945445553495,0.11148838798570981,,,,,0,0,1,0
overloaded,,,,,keystroke,,,,,0.20367897469381732,0.00018498106170842875,0.0294926045204167,0.7666434397240575,,,,,0,0,1,0
fatigued,,,,,keystroke,,,,,0.3338349193918327,0.10781619533335306,0.5550777221516064,0.0032711631232077818,,,,,0,0,1,0
distracted,,,,,keystroke,,,,,3.6078051762644963e-06,0.9587410401960009,0.04122643552210015,2.8916476722727787e-05,,,,,0,0,1,0
fatigued,,,,,keystroke,,,,,0.0002905424844198933,0.29111710457447576,0.7075288670936024,0.0010634858475023251,,,,,0,0,1,0
fatigued,,,,,keystroke,,,,,0.00031541784726925375,0.10716176460267907,0.8918169448771187,0.0007058726729327477,,,,,0,0,1,0
fatigued,,,,,keystroke,,,,,0.0008962795144102361,0.18502231784132023,0.8139969426530482,8.445999122110847e-05,,,,,0,0,1,0
distracted,,,,,keystroke,,,,,3.524629800537586e-08,0.9999997774787226,9.992466266285673e-08,8.7350316894183e-08,,,,,0,0,1,0
distracted,,,,,keystroke,,,,,3.368387876072657e-08,0.9999674363646222,5.096322694188695e-08,3.247898827218625e-05,,,,,0,0,1,0
focused,,,,,keystroke,,,,,0.9983576931264435,0.001454156830395679,3.0488336911195462e-05,0.0001576617062499689,,,,,0,0,1,0
focused,,,,,keystroke,,,,,0.6347030716099487,0.3639285862510204,0.0005556110578839846,0.000812731081146528,,,,,0,0,1,0
overloaded,,,,,keystroke,,,,,7.715797475535753e-08,0.0019521992055082072,0.0003895145185985748,0.9976582091179185,,,,,0,0,1,0
overloaded,,,,,keystroke,,,,,2.513252843645289e-07,6.874889396818953e-07,6.916295763596132e-07,0.9999983695561996,,,,,0,0,1,0
focused,,,,,keystroke,,,,,0.9999993611547391,1.3908071740545877e-12,1.4395627754272577e-12,6.388424305239134e-07,,,,,0,0,1,0
focused,,,,,keystroke,,,,,0.9999748256555427,5.406308807435607e-10,5.430158627756029e-10,2.5173260810550885e-05,,,,,0,0,1,0
overloaded,,,,,keystroke,,,,,0.013463695547101154,0.0006716685355196254,0.00020165866409995318,0.9856629772532793,,,,,0,0,1,0
distracted,,,,,keystroke,,,,,2.047759977052028e-07,0.9993071481261776,1.2008333906356518e-05,0.0006806387639184362,,,,,0,0,1,0
distracted,,,,,keystroke,,,,,3.652890969349498e-06,0.9956430554120098,0.001639583487143995,0.002713708209876801,,,,,0,0,1,0
focused,,,,,keystroke,,,,,0.9993763421369481,3.2698616297991494e-07,5.336213398772416e-07,0.0006227972555489629,,,,,0,0,1,0
focused,,,,,keystroke,,,,,0.9999999635062921,1.6987442717298544e-14,2.857287768413076e-14,3.649366223023074e-08,,,,,0,0,1,0
focused,,,,,keystroke,,,,,0.999999966432181,2.897457120776673e-12,5.228773192051098e-12,3.3559692702607866e-08,,,,,0,0,1,0
focused,,,,,keystroke,,,,,0.9999999664540302,2.9309024835276396e-11,5.316038706021404e-11,3.346350026693029e-08,,,,,0,0,1,0
focused,,,,,keystroke,,,,,0.9999994659565771,7.34881858217302e-08,1.2802411441805115e-07,3.3253112246884694e-07,,,,,0,0,1,0
focused,,,,,keystroke,,,,,0.999998940222571,2.0426651470060075e-07,3.3526427711903735e-07,5.202466372198226e-07,,,,,0,0,1,0
focused,,,,,keystroke,,,,,0.999999952668694,4.0322344077370665e-09,7.310034221994981e-09,3.5989037336525946e-08,,,,,0,0,1,0
focused,,,,,keystroke,,,,,0.9999999656815792,2.765207420847622e-10,5.031269690407425e-10,3.353877304510595e-08,,,,,0,0,1,0
focused,,,,,keystroke,,,,,0.9999999664901842,4.2835205519556265e-14,7.763764201503262e-14,3.3509695174371505e-08,,,,,0,0,1,0
focused,,,,,keystroke,,,,,0.9159746215337604,2.3604289915379663e-05,0.08399051772284363,1.1256453480343556e-05,,,,,0,0,1,0
focused,,,,,keystroke,,,,,0.9985031609216906,5.561129652208071e-06,0.0014735993883563446,1.767856030085418e-05,,,,,0,0,1,0
focused,,,,,keystroke,,,,,0.9999998674753525,4.3153748362387975e-11,7.305565195898587e-11,1.324084380266539e-07,,,,,0,0,1,0
focused,,,,,keystroke,,,,,0.8759576597764428,0.1129263690913957,0.011034204346227235,8.176678593432142e-05,,,,,0,0,1,0
focused,,,,,keystroke,,,,,0.9999998779073244,1.031258730387975e-08,1.8401272601851427e-08,9.337881574303507e-08,,,,,0,0,1,0
focused,,,,,keystroke,,,,,0.9891006740533683,8.032190501424141e-05,0.010612969284813811,0.00020603475680370343,,,,,0,0,1,0
focused,,,,,keystroke,,,,,0.9739664477234734,0.0002502347861555283,0.024916625411733152,0.000866692078637803,,,,,0,0,1,0
focused,,,,,keystroke,,,,,0.9999999622195174,2.0763433529977322e-14,3.4137817905923486e-14,3.778042791657227e-08,,,,,0,0,1,0
focused,,,,,keystroke,,,,,0.9999996672578554,1.2049008437658252e-09,2.1711195192520374e-09,3.2936612431217226e-07,,,,,0,0,1,0
focused,,,,,keystroke,,,,,0.9999989702994946,2.6383634604741684e-07,4.790460395969681e-07,2.868181197873528e-07,,,,,0,0,1,0
distracted,,,,,keystroke,,,,,5.7726161535615076e-08,0.9999962693608638,3.5086572132044755e-06,1.6425576131594704e-07,,,,,0,0,1,0
distracted,,,,,keystroke,,,,,4.9087278403569945e-05,0.9996789656587377,0.0002645136494812363,7.4334133774732386e-06,,,,,0,0,1,0
focused,,,,,keystroke,,,,,0.9999999663855204,1.5638963605516865e-14,2.822893206768472e-14,3.36144358896705e-08,,,,,0,0,1,0
focused,,,,,keystroke,,,,,0.9999999663664978,1.5644909308688798e-14,2.8228415700319645e-14,3.363345832054686e-08,,,,,0,0,1,0
focused,,,,,keystroke,,,,,0.9999991011741036,6.476516910286977e-08,1.1605978687809728e-07,7.180009403501071e-07,,,,,0,0,1,0
focused,,,,,keystroke,,,,,0.9999976871044991,1.931559191244544e-08,3.337714981504377e-08,2.2602027592483356e-06,,,,,0,0,1,0
focused,,,,,keystroke,,,,,0.9999995614733791,4.5761130408124946e-09,8.14766038022024e-09,4.2580284756170346e-07,,,,,0,0,1,0
focused,,,,,keystroke,,,,,0.9999998968704046,1.3651803339444204e-08,2.2938979853811528e-08,6.653881222675998e-08,,,,,0,0,1,0
focused,,,,,keystroke,,,,,0.9999999665651613,4.521647371854779e-12,7.933499677711492e-12,3.342238336760452e-08,,,,,0,0,1,0
focused,,,,,keystroke,,,,,0.8798400668004402,0.08547182671047521,0.03464364441793519,4.446207114957625e-05,,,,,0,0,1,0
focused,,,,,keystroke,,,,,0.9267733435867311,0.00716453732631675,0.0660459343634216,1.618472353067139e-05,,,,,0,0,1,0
focused,,,,,keystroke,,,,,0.9999999665726961,1.0880291218012502e-12,1.947932104149829e-12,3.342426806306548e-08,,,,,0,0,1,0
focused,,,,,keystroke,,,,,0.9999999283396002,3.709179971772283e-14,6.129730205767423e-14,7.166030150575328e-08,,,,,0,0,1,0
focused,,,,,keystroke,,,,,0.9999999644424219,1.69941969705015e-14,2.878756253554886e-14,3.555753217775554e-08,,,,,0,0,1,0
focused,,,,,keystroke,,,,,0.9999999655468385,1.632982577317458e-14,2.8529140699737555e-14,3.445311676863935e-08,,,,,0,0,1,0
focused,,,,,keystroke,,,,,0.9999999664313775,4.2874810154971545e-14,7.661980675512524e-14,3.356850309176528e-08,,,,,0,0,1,0
focused,,,,,keystroke,,,,,0.999999898296604,1.9451242354506014e-13,3.3030520147047024e-13,1.0170287117183509e-07,,,,,0,0,1,0
focused,,,,,keystroke,,,,,0.9999999651863305,3.093152154735413e-14,1.8130193995767102e-14,3.481362047328466e-08,,,,,0,0,1,0
focused,,,,,keystroke,,,,,0.9999981772644322,6.72471675321675e-12,6.47930099953623e-12,1.8227223637611259e-06,,,,,0,0,1,0
focused,,,,,keystroke,,,,,0.9999981818240524,7.957901984030811e-12,9.156199961698034e-12,1.818158833566908e-06,,,,,0,0,1,0
focused,,,,,keystroke,,,,,0.9999999635565348,1.802407747849651e-14,2.937498531365807e-14,3.644341786489746e-08,,,,,0,0,1,0
focused,,,,,keystroke,,,,,0.9999999661274531,1.7652610434916324e-11,3.1705323447262245e-11,3.3823188971922514e-08,,,,,0,0,1,0
focused,,,,,keystroke,,,,,0.9999999665726961,1.0880291218012502e-12,1.947932104149829e-12,3.342426806306548e-08,,,,,0,0,1,0
focused,,,,,keystroke,,,,,0.9999999283396002,3.709179971772283e-14,6.129730205767423e-14,7.166030150575328e-08,,,,,0,0,1,0
focused,,,,,keystroke,,,,,0.9999999644424219,1.69941969705015e-14,2.878756253554886e-14,3.555753217775554e-08,,,,,0,0,1,0
focused,,,,,keystroke,,,,,0.9999999655468385,1.632982577317458e-14,2.8529140699737555e-14,3.445311676863935e-08,,,,,0,0,1,0
focused,,,,,keystroke,,,,,0.9999999664313775,4.2874810154971545e-14,7.661980675512524e-14,3.356850309176528e-08,,,,,0,0,1,0
focused,,,,,keystroke,,,,,0.999999898296604,1.9451242354506014e-13,3.3030520147047024e-13,1.0170287117183509e-07,,,,,0,0,1,0
focused,,,,,keystroke,,,,,0.9999999651863305,3.093152154735413e-14,1.8130193995767102e-14,3.481362047328466e-08,,,,,0,0,1,0
focused,,,,,keystroke,,,,,0.9999981772644322,6.72471675321675e-12,6.47930099953623e-12,1.8227223637611259e-06,,,,,0,0,1,0
focused,,,,,keystroke,,,,,0.9999981818240524,7.957901984030811e-12,9.156199961698034e-12,1.818158833566908e-06,,,,,0,0,1,0
focused,,,,,keystroke,,,,,0.9999911143865281,1.622117228849687e-10,1.7786046266988342e-10,8.885273399858664e-06,,,,,0,0,1,0
focused,,,,,keystroke,,,,,0.9999560160754375,2.750287575722214e-09,5.9408951901351885e-09,4.397523337973887e-05,,,,,0,0,1,0
focused,,,,,keystroke,,,,,0.9999989680338459,1.3990500226778636e-09,2.4321045875564455e-09,1.028134999622597e-06,,,,,0,0,1,0
distracted,,,,,keystroke,,,,,0.4288683922847052,0.4836909665489192,0.0864116359600108,0.00102900520636472,,,,,0,0,1,0
focused,,,,,keystroke,,,,,0.9999917745432996,1.1914625424657958e-07,1.2208183687062147e-07,7.984228609340654e-06,,,,,0,0,1,0
focused,,,,,keystroke,,,,,0.9999999618177936,1.7665538035381138e-14,2.8841646833150075e-14,3.8182159889139655e-08,,,,,0,0,1,0
focused,,,,,keystroke,,,,,0.9782032630170265,0.008896259523240704,0.01287106433048593,2.941312924703042e-05,,,,,0,0,1,0
focused,,,,,keystroke,,,,,0.9963814844523269,0.001288567962277761,0.002328822884400691,1.1247009946057882e-06,,,,,0,0,1,0
focused,,,,,keystroke,,,,,0.9999992175014623,3.100311880551768e-11,5.2985595795760745e-11,7.824145490375203e-07,,,,,0,0,1,0
focused,,,,,keystroke,,,,,0.9804438176881225,0.00038442338781624326,0.01911581562312443,5.594330093706777e-05,,,,,0,0,1,0
focused,,,,,keystroke,,,,,0.9999989878621038,1.6777169782021018e-07,2.467731023000899e-07,5.97593095895468e-07,,,,,0,0,1,0
focused,,,,,keystroke,,,,,0.9999999650098144,1.6402808226135048e-14,2.8456673200484056e-14,3.4990140810864e-08,,,,,0,0,1,0
focused,,,,,keystroke,,,,,0.9999413904381966,5.980146434138153e-09,1.3051559017534844e-08,5.859053009791434e-05,,,,,0,0,1,0
focused,,,,,keystroke,,,,,0.9729989575130767,1.5701419400622522e-05,0.0026462248065685146,0.024339116260954256,,,,,0,0,1,0
focused,,,,,keystroke,,,,,0.9999994950520008,1.2314444123725649e-12,1.8458654150665264e-12,5.049449218810234e-07,,,,,0,0,1,0
focused,,,,,keystroke,,,,,0.9999999652004431,1.6632025776158344e-14,2.8740967949962296e-14,3.4799511521851043e-08,,,,,0,0,1,0
focused,,,,,keystroke,,,,,0.9999999663737041,1.583020227206762e-14,2.8373392200511388e-14,3.362625150135911e-08,,,,,0,0,1,0
focused,,,,,keystroke,,,,,0.9999999663169876,1.5732371966535904e-14,2.828047520618702e-14,3.368296848229052e-08,,,,,0,0,1,0
focused,,,,,keystroke,,,,,0.9999999658423994,1.608617349877491e-14,2.8417489367822642e-14,3.4157556201940064e-08,,,,,0,0,1,0
focused,,,,,keystroke,,,,,0.999999966193503,1.6969100723944557e-14,2.911441120924884e-14,3.380645082037564e-08,,,,,0,0,1,0
focused,,,,,keystroke,,,,,0.9999999664238565,1.5719230018841486e-14,2.830208827985999e-14,3.3576099371131606e-08,,,,,0,0,1,0
focused,,,,,keystroke,,,,,0.9999999663444269,1.567474052672649e-14,2.824069390131329e-14,3.36555293023112e-08,,,,,0,0,1,0
focused,,,,,keystroke,,,,,0.9999999659090567,1.658496631681272e-14,2.879995443295598e-14,3.409089780246701e-08,,,,,0,0,1,0
focused,,,,,keystroke,,,,,0.9999999655182471,2.4139130388621143e-14,3.045744567438384e-14,3.44816981921168e-08,,,,,0,0,1,0
focused,,,,,keystroke,,,,,0.9999999488857639,2.0818767468255981e-10,3.7594300640141285e-10,5.053010538861988e-08,,,,,0,0,1,0
focused,,,,,keystroke,,,,,0.9999999660551583,1.5795581510248032e-14,2.8253579367879195e-14,3.3944797476024624e-08,,,,,0,0,1,0
focused,,,,,keystroke,,,,,0.9999999632865519,1.7097270377968993e-14,2.863777027466062e-14,3.6713402217260075e-08,,,,,0,0,1,0
focused,,,,,keystroke,,,,,0.9999998747165432,5.866683813951834e-14,9.510094639170132e-14,1.2528330294325714e-07,,,,,0,0,1,0
focused,,,,,keystroke,,,,,0.9999999093236891,3.6576822430434283e-14,5.925773370265919e-14,9.067621502638878e-08,,,,,0,0,1,0
focused,,,,,keystroke,,,,,0.9999998549336142,1.8127705509515045e-13,3.3285432095843835e-13,1.4506587173865825e-07,,,,,0,0,1,0
focused,,,,,keystroke,,,,,0.9999999542206506,1.817186489979274e-14,2.963267772006632e-14,4.577930164353077e-08,,,,,0,0,1,0
focused,,,,,keystroke,,,,,0.9999999665239637,1.5654828472324923e-14,2.8276283121705562e-14,3.347599236612068e-08,,,,,0,0,1,0
focused,,,,,keystroke,,,,,0.9999999604366752,1.8037284616864825e-14,2.89916577281157e-14,3.956327775211533e-08,,,,,0,0,1,0
focused,,,,,keystroke,,,,,0.9999999630709783,1.7171298294626353e-14,2.864069135495697e-14,3.6928975837428144e-08,,,,,0,0,1,0
focused,,,,,keystroke,,,,,0.9983998115847783,2.6177222940678668e-05,0.0013993681325355652,0.00017464305974552132,,,,,0,0,1,0
distracted,,,,,keystroke,,,,,0.4797548027963497,0.40510715608818754,0.04623584208683127,0.06890219902863136,,,,,0,0,1,0
focused,,,,,keystroke,,,,,0.999944440153296,5.847825294511878e-07,3.7668203518152465e-07,5.4598382139373694e-05,,,,,0,0,1,0
focused,,,,,keystroke,,,,,0.9999999658684207,1.036938091068502e-10,1.864482453506079e-10,3.384143732335202e-08,,,,,0,0,1,0
fatigued,,,,,keystroke,,,,,0.25466073767178365,0.08921651275975614,0.6557701508979943,0.00035259867046607234,,,,,0,0,1,0
focused,,,,,keystroke,,,,,0.6615081224824039,0.3367112869836113,0.0017326211375028168,4.796939648202294e-05,,,,,0,0,1,0
focused,,,,,keystroke,,,,,0.9999999661540111,1.731422722141257e-14,2.930058356986766e-14,3.384594228727978e-08,,,,,0,0,1,0
focused,,,,,keystroke,,,,,0.9999999644813535,1.6913060323974305e-14,2.8766553373796416e-14,3.5518600653465246e-08,,,,,0,0,1,0
focused,,,,,keystroke,,,,,0.9999963131872222,2.2196708719756735e-11,4.693867813346357e-11,3.686743642367222e-06,,,,,0,0,1,0
overloaded,,,,,keystroke,,,,,0.026233549964573104,0.00022865268636301127,0.0022095610161468287,0.9713282363329171,,,,,0,0,1,0
overloaded,,,,,keystroke,,,,,0.06344986499110274,0.00024309531663977842,0.0006514259377568251,0.9356556137545008,,,,,0,0,1,0
focused,,,,,keystroke,,,,,0.9997618129547309,1.3831966599313114e-07,2.17100026268953e-07,0.0002378316255767897,,,,,0,0,1,0
distracted,,,,,keystroke,,,,,0.07524293182282685,0.48150740720617224,0.1354796316087581,0.30777002936224296,,,,,0,0,1,0
fatigued,,,,,keystroke,,,,,4.9248561008942215e-08,2.2918977437530006e-12,0.9999999107963201,3.995282720681312e-08,,,,,0,0,1,0
overloaded,,,,,keystroke,,,,,1.6706621407973152e-10,4.943717604787535e-10,2.6548364599975515e-10,0.9999999990730783,,,,,0,0,1,0
distracted,,,,,keystroke,,,,,0.0001617366484109068,0.7176252650484909,0.0005551295717253767,0.281657868731373,,,,,0,0,1,0
focused,,,,,keystroke,,,,,0.9999980104042424,1.2269662706095225e-11,1.8306624849368843e-11,1.9895651813151426e-06,,,,,0,0,1,0
focused,,,,,keystroke,,,,,0.9999879088231078,4.0478343832108536e-10,3.3579276421735603e-10,1.2090436315813846e-05,,,,,0,0,1,0
overloaded,,,,,keystroke,,,,,2.0485451161700186e-14,1.8796265489633364e-14,4.01899616488565e-14,0.9999999999999205,,,,,0,0,1,0
overloaded,,,,,keystroke,,,,,1.4180326254414028e-14,2.2038063829439098e-14,4.003053106808167e-14,0.9999999999999237,,,,,0,0,1,0
overloaded,,,,,keystroke,,,,,5.137236199140236e-07,6.310854500771537e-07,9.86132489211049e-07,0.9999978690584408,,,,,0,0,1,0
overloaded,,,,,keystroke,,,,,0.012774016148069901,0.006726707392488476,0.041595162403376636,0.9389041140560651,,,,,0,0,1,0
overloaded,,,,,keystroke,,,,,0.00011573363321876716,0.18899705256989852,0.0110397962433738,0.7998474175535091,,,,,0,0,1,0
overloaded,,,,,keystroke,,,,,0.009211672420008043,0.19684259218809944,0.003922804707358341,0.7900229306845341,,,,,0,0,1,0
focused,,,,,keystroke,,,,,0.9999999411259686,2.406060632978836e-14,2.7685970607067518e-14,5.8873979457700994e-08,,,,,0,0,1,0
focused,,,,,keystroke,,,,,0.9975144891364746,5.856375955014657e-06,1.1002185978715136e-05,0.0024686523015917737,,,,,0,0,1,0
overloaded,,,,,keystroke,,,,,0.0022374911617165424,1.7647269966630406e-05,0.006798566453500554,0.9909462951148162,,,,,0,0,1,0
focused,,,,,keystroke,,,,,0.9998539748837012,2.1372164642072226e-08,4.1459787502130525e-08,0.00014596228434678288,,,,,0,0,1,0
focused,,,,,keystroke,,,,,0.996255890742319,0.0028293819339199567,0.000906397172530184,8.330151230818214e-06,,,,,0,0,1,0
overloaded,,,,,keystroke,,,,,0.0002508921559757854,0.001834864223555447,0.0002602917446976469,0.9976539518757713,,,,,0,0,1,0
overloaded,,,,,keystroke,,,,,2.3885018598727217e-12,2.030028465554052e-12,1.372211856361476e-12,0.9999999999942092,,,,,0,0,1,0
focused,,,,,keystroke,,,,,0.9987133077590085,3.063580082455654e-06,4.110265449231041e-06,0.001279518395459807,,,,,0,0,1,0
focused,,,,,keystroke,,,,,0.9926498738500416,0.00025727043908213044,0.0070894379535762645,3.4177573000870053e-06,,,,,0,0,1,0
fatigued,,,,,keystroke,,,,,0.2418659864586962,0.14899822996074816,0.6076246389315076,0.0015111446490477535,,,,,0,0,1,0
focused,,,,,keystroke,,,,,0.9999784890513607,4.953593279392872e-07,5.838484480609048e-07,2.043174086331095e-05,,,,,0,0,1,0
focused,,,,,keystroke,,,,,0.9999988260315286,1.937224330140992e-07,3.4598626879578894e-07,6.342597697024007e-07,,,,,0,0,1,0
focused,,,,,keystroke,,,,,0.9999985381307978,1.8938814897376224e-07,3.394573838192349e-07,9.330236695350037e-07,,,,,0,0,1,0
focused,,,,,keystroke,,,,,0.999999964866011,1.7182858912057514e-14,2.906925788764919e-14,3.513394273704694e-08,,,,,0,0,1,0
fatigued,,,,,keystroke,,,,,0.31722393847123254,4.1306261427591266e-05,0.6827253685896401,9.3866776996336e-06,,,,,0,0,1,0
fatigued,,,,,keystroke,,,,,0.23514851435046927,1.8284178069973524e-05,0.7648322360895083,9.653819524593903e-07,,,,,0,0,1,0
focused,,,,,keystroke,,,,,0.9999999373548288,1.0094518793833475e-13,1.6031437830891713e-13,6.26449098829071e-08,,,,,0,0,1,0
focused,,,,,keystroke,,,,,0.9070952931099927,0.00011301841940865607,0.09262166831612324,0.00017002015447554312,,,,,0,0,1,0
focused,,,,,keystroke,,,,,0.9979419837624206,2.4515564464500406e-06,0.0020447527718647942,1.0811909268029295e-05,,,,,0,0,1,0
fatigued,,,,,keystroke,,,,,0.29903866404940793,0.0003300045415232916,0.7000357304712601,0.0005956009378086444,,,,,0,0,1,0
focused,,,,,keystroke,,,,,0.9913020781608823,6.220015122563724e-05,0.008615505911301656,2.021577659033918e-05,,,,,0,0,1,0
focused,,,,,keystroke,,,,,0.999999918001524,6.578684970950581e-14,1.0447127249877713e-13,8.199830567378553e-08,,,,,0,0,1,0
overloaded,,,,,keystroke,,,,,0.0027206361369810227,4.332188330285627e-06,7.296809064194679e-05,0.9972020635840467,,,,,0,0,1,0
overloaded,,,,,keystroke,,,,,0.0048424719222399885,1.370582631796839e-05,0.0024613913613908958,0.992682430890051,,,,,0,0,1,0
focused,,,,,keystroke,,,,,0.9999985331948563,2.7142559763779515e-10,4.3188357136112197e-10,1.466101834736343e-06,,,,,0,0,1,0
focused,,,,,keystroke,,,,,0.9987074763057523,1.7620385134716835e-06,3.4806194893891994e-06,0.0012872810362448963,,,,,0,0,1,0
focused,,,,,keystroke,,,,,0.9977656501053216,1.6747166169232712e-06,0.001981539515271627,0.0002511356627895458,,,,,0,0,1,0
focused,,,,,keystroke,,,,,0.9999999389355706,2.1959186447384087e-09,3.5369895330325463e-09,5.533152114586318e-08,,,,,0,0,1,0
focused,,,,,keystroke,,,,,0.9999992002064526,6.475375149862763e-09,9.692301196337519e-09,7.836258709791401e-07,,,,,0,0,1,0
overloaded,,,,,keystroke,,,,,0.0984860410670218,0.002622552217700954,0.2314642989745182,0.667427107740759,,,,,0,0,1,0
distracted,,,,,keystroke,,,,,2.753692701695198e-05,0.9476963843248463,0.006022243760796822,0.04625383498733984,,,,,0,0,1,0
focused,,,,,keystroke,,,,,0.9999999547059617,1.8335240607226498e-14,2.964730584451069e-14,4.529399028629685e-08,,,,,0,0,1,0
focused,,,,,keystroke,,,,,0.9999456148023317,4.9743315282555e-08,1.0682655371614909e-07,5.4228627799333485e-05,,,,,0,0,1,0
focused,,,,,keystroke,,,,,0.9998927415832259,3.240998673946712e-07,6.993796366659604e-07,0.00010623493726985855,,,,,0,0,1,0
focused,,,,,keystroke,,,,,0.9999998646797328,7.378930308946738e-14,1.404356034619475e-13,1.3532005299448238e-07,,,,,0,0,1,0
focused,,,,,keystroke,,,,,0.9999999649676956,6.149251362509835e-14,1.0688082276352005e-13,3.503213613145495e-08,,,,,0,0,1,0
focused,,,,,keystroke,,,,,0.9999999606995338,1.615094943578913e-11,2.6038346423640618e-11,3.925827699922812e-08,,,,,0,0,1,0
focused,,,,,keystroke,,,,,0.9999998495148368,1.0436324895716523e-13,1.806543173249156e-13,1.5048487829337462e-07,,,,,0,0,1,0
focused,,,,,keystroke,,,,,0.999499792635886,3.291867599934652e-07,7.14295648920123e-07,0.0004991638817052006,,,,,0,0,1,0
overloaded,,,,,keystroke,,,,,0.0002757659885924024,6.862236403107604e-06,0.11794356123153825,0.8817738105434665,,,,,0,0,1,0
focused,,,,,keystroke,,,,,0.9999998963660945,9.572022998548658e-14,7.204534480086843e-14,1.0363373772148079e-07,,,,,0,0,1,0
overloaded,,,,,keystroke,,,,,3.312329593634333e-14,2.855470543822725e-14,1.8151221187168822e-14,0.9999999999999202,,,,,0,0,1,0
overloaded,,,,,keystroke,,,,,1.3426541463831747e-14,3.972520239209979e-14,2.133475189077293e-14,0.9999999999999255,,,,,0,0,1,0
focused,,,,,keystroke,,,,,0.9920898389613072,0.005073703816916272,0.0003610944049938792,0.0024753628167827283,,,,,0,0,1,0
distracted,,,,,keystroke,,,,,6.45585984685476e-08,0.9999997941058583,9.709574356347259e-08,4.423979997656592e-08,,,,,0,0,1,0
distracted,,,,,keystroke,,,,,4.511974138129576e-08,0.9999998047783913,9.99713858920402e-08,5.013048132309506e-08,,,,,0,0,1,0
distracted,,,,,keystroke,,,,,0.0038525788364313952,0.98776862982084,0.005110946989598746,0.003267844353130079,,,,,0,0,1,0
distracted,,,,,keystroke,,,,,2.339489836619648e-05,0.991415309332125,3.613003531628188e-05,0.008525165734192678,,,,,0,0,1,0
distracted,,,,,keystroke,,,,,3.8424010672341835e-08,0.9998773308422644,6.252968102986371e-08,0.00012256820404388656,,,,,0,0,1,0
distracted,,,,,keystroke,,,,,3.333398961848299e-08,0.9999998124691438,9.981169446317242e-08,5.4385172058918416e-08,,,,,0,0,1,0
distracted,,,,,keystroke,,,,,3.511622102578815e-08,0.9998232239504092,0.0001766909234994582,5.0009870158011085e-08,,,,,0,0,1,0
distracted,,,,,keystroke,,,,,3.3427331765690655e-08,0.9999778170294169,2.209946058982639e-05,5.008266148895627e-08,,,,,0,0,1,0
overloaded,,,,,keystroke,,,,,1.5134205634853338e-07,0.22841563354879907,0.00024225052382540962,0.7713419645853189,,,,,0,0,1,0
overloaded,,,,,keystroke,,,,,4.972850847619771e-08,0.013566411354216858,1.5692608020938422e-05,0.9864178463092537,,,,,0,0,1,0
distracted,,,,,keystroke,,,,,3.33371855156048e-08,0.9999940118104986,4.806052749872784e-06,1.1487995659146564e-06,,,,,0,0,1,0
distracted,,,,,keystroke,,,,,3.333392707252097e-08,0.999995839923564,4.075393131256085e-06,5.134937767367438e-08,,,,,0,0,1,0
distracted,,,,,keystroke,,,,,8.062657069315106e-08,0.9994990625093516,0.00027068322184257656,0.00023017364223525187,,,,,0,0,1,0
overloaded,,,,,keystroke,,,,,1.4752529033276405e-07,4.3900416760928814e-07,2.399534423664302e-07,0.9999991735170997,,,,,0,0,1,0
overloaded,,,,,keystroke,,,,,0.30427901766401055,0.0004661136307939292,0.0011806651282750982,0.6940742035769203,,,,,0,0,1,0
distracted,,,,,keystroke,,,,,0.015866343532960025,0.9819135631189381,0.0022136603622990685,6.432985802897459e-06,,,,,0,0,1,0
distracted,,,,,keystroke,,,,,3.5866247498965957e-07,0.9991817749708107,3.1461410421422336e-06,0.0008147202256722528,,,,,0,0,1,0
distracted,,,,,keystroke,,,,,0.0003693665481171845,0.8261256205200731,0.0029260212419449367,0.17057899168986493,,,,,0,0,1,0
distracted,,,,,keystroke,,,,,3.371101294324382e-08,0.999216282645821,0.0007834316248348972,2.5201833115649403e-07,,,,,0,0,1,0
focused,,,,,keystroke,,,,,0.9999924669008228,1.0016603271839722e-10,2.1663334271206102e-10,7.532782377851286e-06,,,,,0,0,1,0
focused,,,,,keystroke,,,,,0.9999999062668216,6.008498187021038e-11,1.0565104776752624e-10,9.356744250437486e-08,,,,,0,0,1,0
distracted,,,,,keystroke,,,,,0.07465434500362923,0.7540648447634558,0.16970059956011588,0.0015802106727992042,,,,,0,0,1,0
focused,,,,,keystroke,,,,,0.998535261684186,0.0008709232860352682,0.0005922977836557539,1.517246122926918e-06,,,,,0,0,1,0
distracted,,,,,keystroke,,,,,8.832873853752746e-08,0.9999997916994375,8.650993288341996e-08,3.34618911755414e-08,,,,,0,0,1,0
distracted,,,,,keystroke,,,,,4.7677374599407885e-08,0.9999998077377982,1.0000001970135757e-07,4.4584807402123876e-08,,,,,0,0,1,0
distracted,,,,,keystroke,,,,,0.006417840023973629,0.801722265794178,0.19166143365736843,0.0001984605244799761,,,,,0,0,1,0
distracted,,,,,keystroke,,,,,7.272963654254745e-05,0.9999031973818765,2.3135495695628568e-05,9.374858855827161e-07,,,,,0,0,1,0
focused,,,,,keystroke,,,,,0.9657332906215065,0.033149224334175206,0.0011159577923432055,1.527251975213918e-06,,,,,0,0,1,0
focused,,,,,keystroke,,,,,0.9999999666228568,7.723822638431296e-14,1.0443449888546681e-13,3.3376961557676076e-08,,,,,0,0,1,0
distracted,,,,,keystroke,,,,,0.40070482523510836,0.5992108374597185,8.283881752792923e-05,1.4984876454803277e-06,,,,,0,0,1,0
distracted,,,,,keystroke,,,,,0.0015300910997763546,0.9984490019933911,2.076727178232372e-05,1.39635049881104e-07,,,,,0,0,1,0
distracted,,,,,keystroke,,,,,4.330239776209757e-08,0.999086778456217,0.0009130741873936293,1.0405399153465046e-07,,,,,0,0,1,0
distracted,,,,,keystroke,,,,,2.4361046131673178e-06,0.9866071964923866,0.013387408337697986,2.959065302239452e-06,,,,,0,0,1,0
focused,,,,,keystroke,,,,,0.9999999663671173,1.5735750477456014e-14,2.829719557994753e-14,3.363283873475577e-08,,,,,0,0,1,0
focused,,,,,keystroke,,,,,0.9999999656751274,1.6090569400869444e-14,2.8389837687146594e-14,3.432482811311898e-08,,,,,0,0,1,0
focused,,,,,keystroke,,,,,0.9999999660428766,1.5908166490944512e-14,2.8349691947272356e-14,3.3957079042467174e-08,,,,,0,0,1,0
fatigued,,,,,keystroke,,,,,0.18532907434159218,0.13674947742132437,0.6756527886960054,0.0022686595410778914,,,,,0,0,1,0
distracted,,,,,keystroke,,,,,5.783192004789793e-08,0.9999486705421743,5.1238048294519554e-05,3.357761103789211e-08,,,,,0,0,1,0
distracted,,,,,keystroke,,,,,3.6197813228500643e-06,0.9992800690710263,0.0007162735352650175,3.761238589263592e-08,,,,,0,0,1,0
focused,,,,,keystroke,,,,,0.9999995291091622,1.261823133390505e-07,2.2967210906693868e-07,1.1503641535782242e-07,,,,,0,0,1,0
distracted,,,,,keystroke,,,,,5.293060950665407e-08,0.9984362582682648,0.0013979559154280454,0.00016573288569777562,,,,,0,0,1,0
distracted,,,,,keystroke,,,,,2.0849158834559078e-05,0.9918069540657034,0.0003120103339639661,0.007860186441498095,,,,,0,0,1,0
focused,,,,,keystroke,,,,,0.9999999589062314,1.8530782154943987e-14,2.975243659245518e-14,4.1093720380412146e-08,,,,,0,0,1,0
distracted,,,,,keystroke,,,,,0.27032257925357794,0.7234304649862023,0.0062063905639428135,4.056519627696862e-05,,,,,0,0,1,0
distracted,,,,,keystroke,,,,,5.9266023137653945e-08,0.9999966449358269,2.9658491385338495e-06,3.2994901149232215e-07,,,,,0,0,1,0
overloaded,,,,,keystroke,,,,,8.957681939544319e-05,0.144116122274125,0.00023358418454967072,0.8555607167219299,,,,,0,0,1,0
overloaded,,,,,keystroke,,,,,4.1335561694277395e-07,0.40986627400530073,1.3803207057340183e-05,0.5901195094320248,,,,,0,0,1,0
distracted,,,,,keystroke,,,,,3.362025181849113e-08,0.9959302212640753,0.004069455371309989,2.89744363045325e-07,,,,,0,0,1,0
fatigued,,,,,keystroke,,,,,0.05998087223402957,0.00582869869342005,0.9341483553681527,4.2073704397313036e-05,,,,,0,0,1,0
fatigued,,,,,keystroke,,,,,0.00021039087554856344,0.12681259020697055,0.8728906840631998,8.633485428140665e-05,,,,,0,0,1,0
distracted,,,,,keystroke,,,,,0.00724944727930059,0.7700445654657625,0.2223759907250216,0.00032999652991527517,,,,,0,0,1,0
focused,,,,,keystroke,,,,,0.9999996612132287,5.548422050627003e-11,9.333979700136587e-11,3.386379472767837e-07,,,,,0,0,1,0
distracted,,,,,keystroke,,,,,3.5231880429843216e-08,0.993625055126531,0.006374849350067015,6.0291521564733e-08,,,,,0,0,1,0
distracted,,,,,keystroke,,,,,3.348467715255659e-08,0.997978038179415,0.0020218783181624447,5.001774550140813e-08,,,,,0,0,1,0
fatigued,,,,,keystroke,,,,,0.18708164597451662,0.10246335827632519,0.7100967179880671,0.0003582777610907573,,,,,0,0,1,0
focused,,,,,keystroke,,,,,0.9578778186204279,0.001291222196758292,0.040778798489758177,5.2160693055633074e-05,,,,,0,0,1,0
fatigued,,,,,keystroke,,,,,0.0009321339441194413,0.08564746953004163,0.7623038613298894,0.15111653519594945,,,,,0,0,1,0
distracted,,,,,keystroke,,,,,0.06191835812306209,0.9363024088230372,0.0013418775630652704,0.00043735549083533673,,,,,0,0,1,0
focused,,,,,keystroke,,,,,0.9977095144218805,0.002213428184802421,2.8920719643815538e-05,4.813667367339575e-05,,,,,0,0,1,0
focused,,,,,keystroke,,,,,0.9999956097044074,1.4989748541178068e-06,8.990427014821842e-07,1.9922780369757785e-06,,,,,0,0,1,0
focused,,,,,keystroke,,,,,0.9999997003847169,7.864997878608633e-12,1.230965984968546e-11,2.9959510841901915e-07,,,,,0,0,1,0
focused,,,,,keystroke,,,,,0.9712160260224281,0.028692380575955426,8.458530882082182e-05,7.008092795765061e-06,,,,,0,0,1,0
focused,,,,,keystroke,,,,,0.2888806518700074,0.601345748045592,0.10282098022527543,0.006952619859124897,,,,,0,0,1,0
fatigued,,,,,keystroke,,,,,0.009249730327043541,0.10776539127683951,0.8829245027528173,6.037564329959573e-05,,,,,0,0,1,0
distracted,,,,,keystroke,,,,,0.00022346019789599205,0.8712651098862184,0.1267463606036837,0.0017650693122017388,,,,,0,0,1,0
fatigued,,,,,keystroke,,,,,0.005118297725989059,0.020595421369109544,0.8765334827503324,0.09775279815456919,,,,,0,0,1,0
distracted,,,,,keystroke,,,,,3.380379346912906e-08,0.9999622943335895,5.0705838911840615e-08,3.762115677836255e-05,,,,,0,0,1,0
distracted,,,,,keystroke,,,,,2.2611410351024697e-07,0.9997786119205658,0.00021191860972467628,9.243355606102566e-06,,,,,0,0,1,0
focused,,,,,keystroke,,,,,0.9999994608559021,2.9756226762308888e-08,4.5174222539025704e-08,4.6421364861428613e-07,,,,,0,0,1,0
distracted,,,,,keystroke,,,,,8.918927284219094e-08,0.9999989509272738,9.253733546292226e-07,3.4510098817056604e-08,,,,,0,0,1,0
distracted,,,,,keystroke,,,,,4.987840141341006e-08,0.9999998110972708,9.985848902603894e-08,3.9165838867219333e-08,,,,,0,0,1,0
distracted,,,,,keystroke,,,,,1.597777034647473e-05,0.9929378205338786,2.5328516284472448e-05,0.007020873179490437,,,,,0,0,1,0
distracted,,,,,keystroke,,,,,3.3343253768826535e-08,0.9999944127025381,5.015070761923034e-08,5.50380350053584e-06,,,,,0,0,1,0
distracted,,,,,keystroke,,,,,5.309495253926354e-08,0.9999986426433966,1.2707792120361047e-06,3.3482438922928915e-08,,,,,0,0,1,0
focused,,,,,keystroke,,,,,0.999999964999902,1.631386661036613e-14,2.837834876473691e-14,3.500005317907279e-08,,,,,0,0,1,0
focused,,,,,keystroke,,,,,0.9999999655938532,1.6023105605918666e-14,2.8304157336543706e-14,3.4406102570750265e-08,,,,,0,0,1,0
focused,,,,,keystroke,,,,,0.9999999663412437,3.3248659739998695e-14,5.99453821965544e-14,3.365866303682677e-08,,,,,0,0,1,0
focused,,,,,keystroke,,,,,0.9999999654089458,1.6173280114975314e-14,2.8380351452958957e-14,3.459100971296497e-08,,,,,0,0,1,0
fatigued,,,,,keystroke,,,,,0.28209954152684247,0.041962968916061306,0.6685903736156414,0.00734711594145486,,,,,0,0,1,0
distracted,,,,,keystroke,,,,,0.039376664333629983,0.6533421925610949,0.10641210416082995,0.20086903894444533,,,,,0,0,1,0
distracted,,,,,keystroke,,,,,3.3350706234380056e-08,0.9999983913926715,1.5240765190641375e-06,5.118010318849933e-08,,,,,0,0,1,0
overloaded,,,,,keystroke,,,,,8.84507117698777e-08,2.6202343595421785e-07,1.405625323625333e-07,0.9999995089633199,,,,,0,0,1,0
overloaded,,,,,keystroke,,,,,3.172663512192662e-14,2.776107349653714e-14,1.686228161768696e-14,0.9999999999999236,,,,,0,0,1,0
overloaded,,,,,keystroke,,,,,2.90212319338659e-09,8.589128316655888e-09,4.6117675105020295e-09,0.999999983896981,,,,,0,0,1,0
distracted,,,,,keystroke,,,,,3.47436133114329e-07,0.956049715287849,1.2177978802213991e-06,0.043948719478137624,,,,,0,0,1,0
distracted,,,,,keystroke,,,,,4.067884962432973e-08,0.9999978360491543,4.84439335318465e-07,1.638832660683939e-06,,,,,0,0,1,0
distracted,,,,,keystroke,,,,,3.842095184805671e-08,0.9999952679994438,9.225264704977301e-07,3.771053133899006e-06,,,,,0,0,1,0
distracted,,,,,keystroke,,,,,0.0002884954581056867,0.9678742420477147,0.00047064374222005053,0.03136661875195956,,,,,0,0,1,0
distracted,,,,,keystroke,,,,,4.03803380773977e-08,0.9999927484619653,1.1062138419171465e-06,6.104943854716728e-06,,,,,0,0,1,0
distracted,,,,,keystroke,,,,,4.890005858426599e-08,0.9999998083540187,9.999037027052679e-08,4.275555236250751e-08,,,,,0,0,1,0
distracted,,,,,keystroke,,,,,3.3506982721678336e-08,0.9999980730769309,1.8431647551181763e-06,5.0251331130029425e-08,,,,,0,0,1,0
distracted,,,,,keystroke,,,,,3.3340842778885484e-08,0.999751290565175,0.0002476688456270937,1.0072483550865583e-06,,,,,0,0,1,0
distracted,,,,,keystroke,,,,,3.391675873862865e-08,0.9999998121871273,9.987131171275107e-08,5.402480213394515e-08,,,,,0,0,1,0
distracted,,,,,keystroke,,,,,3.33728617656094e-08,0.9999890525747338,5.388797247240698e-08,1.086016443208751e-05,,,,,0,0,1,0
overloaded,,,,,keystroke,,,,,0.0031144248178329205,0.1999467071116076,0.13557534593075574,0.661363522139804,,,,,0,0,1,0
fatigued,,,,,keystroke,,,,,6.558692631781931e-08,0.25926331535405744,0.7406696427771461,6.69762818701356e-05,,,,,0,0,1,0
distracted,,,,,keystroke,,,,,0.0001231316353799086,0.9442680883447763,0.05560844761632161,3.3240352243960576e-07,,,,,0,0,1,0
distracted,,,,,keystroke,,,,,1.628049724677943e-05,0.98941670142495,0.010566478840781853,5.392370215577374e-07,,,,,0,0,1,0
fatigued,,,,,keystroke,,,,,0.01745337172701178,0.022451264067135643,0.6299638262068266,0.33013153799902634,,,,,0,0,1,0
overloaded,,,,,keystroke,,,,,1.3425576663249006e-14,3.972946198921702e-14,2.134335297044588e-14,0.9999999999999254,,,,,0,0,1,0
overloaded,,,,,keystroke,,,,,4.228881015254038e-13,1.250990961607318e-12,6.719648502221708e-13,0.9999999999976541,,,,,0,0,1,0
focused,,,,,keystroke,,,,,0.9744184975799101,0.0005168119978181056,0.025058374308206344,6.316114065476614e-06,,,,,0,0,1,0
focused,,,,,keystroke,,,,,0.9999999121968114,3.487184858575889e-11,5.636424056272158e-11,8.771195251407368e-08,,,,,0,0,1,0
focused,,,,,keystroke,,,,,0.9999999659496202,1.585829622721884e-14,2.8272287459403442e-14,3.405033576308005e-08,,,,,0,0,1,0
focused,,,,,keystroke,,,,,0.9999999658335069,1.5897893638458952e-14,2.8271021689117144e-14,3.416644893946145e-08,,,,,0,0,1,0
focused,,,,,keystroke,,,,,0.9999999658519831,1.5888384509316494e-14,2.826866283956726e-14,3.4147972709636454e-08,,,,,0,0,1,0
focused,,,,,keystroke,,,,,0.9999999664953441,1.55509380210263e-14,2.8187859599737257e-14,3.3504612271899075e-08,,,,,0,0,1,0
focused,,,,,keystroke,,,,,0.9999999662210755,7.863579495877593e-13,1.413056996173268e-12,3.377672501565075e-08,,,,,0,0,1,0
distracted,,,,,keystroke,,,,,2.004574083003366e-06,0.9965930415734509,0.003247009731670408,0.00015794412079583097,,,,,0,0,1,0
distracted,,,,,keystroke,,,,,2.802281898331444e-07,0.9989672793262888,0.0005609849607974611,0.0004714554847238295,,,,,0,0,1,0
distracted,,,,,keystroke,,,,,0.18431087011553207,0.5723564264835332,0.05573375868832208,0.1875989447126129,,,,,0,0,1,0
overloaded,,,,,keystroke,,,,,0.01742026009115994,0.00020649427065771566,0.004195123388252961,0.9781781222499293,,,,,0,0,1,0
focused,,,,,keystroke,,,,,0.9999746628200149,2.027290692306734e-09,3.220441524246971e-09,2.533193225291358e-05,,,,,0,0,1,0
distracted,,,,,keystroke,,,,,0.2097948840777533,0.7794283655472923,0.010725347041819912,5.140333313454895e-05,,,,,0,0,1,0
distracted,,,,,keystroke,,,,,0.23524336163791076,0.753487703664415,0.011223075394299401,4.585930337489619e-05,,,,,0,0,1,0
focused,,,,,keystroke,,,,,0.9999997796506346,9.283092070835657e-13,1.097273612568423e-12,2.2034733989950586e-07,,,,,0,0,1,0
distracted,,,,,keystroke,,,,,5.144026150456383e-08,0.9999995506516913,8.209616069924243e-08,3.158118864795904e-07,,,,,0,0,1,0
distracted,,,,,keystroke,,,,,6.961901344736456e-08,0.9996696050137037,1.0446780340201236e-07,0.00033022089947937926,,,,,0,0,1,0
overloaded,,,,,keystroke,,,,,1.6015550923661754e-11,4.7391172154943086e-11,2.545215393136961e-11,0.9999999999111412,,,,,0,0,1,0
overloaded,,,,,keystroke,,,,,7.601283884706986e-07,6.676123351666791e-07,4.1899262633300043e-07,0.9999981532666501,,,,,0,0,1,0
focused,,,,,keystroke,,,,,0.9719343022602398,0.025586913456239712,0.0015923413938708337,0.0008864428896498583,,,,,0,0,1,0
focused,,,,,keystroke,,,,,0.8552141408062609,0.13089186236349207,0.002741317879051761,0.01115267895119514,,,,,0,0,1,0
focused,,,,,keystroke,,,,,0.9993287887498784,3.735266678510632e-07,5.541061334294942e-07,0.0006702836173204266,,,,,0,0,1,0
overloaded,,,,,keystroke,,,,,0.00044881541929462856,1.6906699404835878e-06,0.0020232297050798566,0.997526264205685,,,,,0,0,1,0
overloaded,,,,,keystroke,,,,,0.014777000165226943,7.611411526407584e-05,0.0026569760172241315,0.9824899097022848,,,,,0,0,1,0
distracted,,,,,keystroke,,,,,1.4237501802204142e-05,0.9979232696118298,7.18768177220918e-06,0.0020553052045956793,,,,,0,0,1,0
distracted,,,,,keystroke,,,,,0.0010217794589938427,0.9678388852102174,0.024215961295692895,0.00692337403509554,,,,,0,0,1,0
focused,,,,,keystroke,,,,,0.9999999553025207,2.716741450438665e-13,4.3638319551216686e-13,4.4696771199367954e-08,,,,,0,0,1,0
focused,,,,,keystroke,,,,,0.9999983729680946,4.0599322002497905e-12,8.887026344103576e-12,1.6270189584778138e-06,,,,,0,0,1,0
overloaded,,,,,keystroke,,,,,0.22144820169653448,0.0072933797853128035,0.007229115530337024,0.7640293029878156,,,,,0,0,1,0
focused,,,,,keystroke,,,,,0.9946095576362928,0.004039897417755246,0.0009590690222068119,0.000391475923745291,,,,,0,0,1,0
focused,,,,,keystroke,,,,,0.9999228556409557,9.780371714382957e-08,1.9716953801211032e-07,7.684938578910544e-05,,,,,0,0,1,0
focused,,,,,keystroke,,,,,0.9514704739294239,3.2267843820666953e-05,0.004645297426902967,0.04385196079985226,,,,,0,0,1,0
focused,,,,,keystroke,,,,,0.9999999504809228,1.6143553763476225e-14,2.9937209019729305e-14,4.951903102554541e-08,,,,,0,0,1,0
focused,,,,,keystroke,,,,,0.9999958069577409,2.537869997407085e-11,4.2836921697442494e-11,4.192974043354783e-06,,,,,0,0,1,0
focused,,,,,keystroke,,,,,0.9999982145032729,1.9090119915465815e-11,2.6614992649660844e-11,1.7854510220057104e-06,,,,,0,0,1,0
focused,,,,,keystroke,,,,,0.9999999660588907,8.416967731204211e-14,1.494666117143008e-13,3.394087560290608e-08,,,,,0,0,1,0
focused,,,,,keystroke,,,,,0.9999999656199668,1.629320202656457e-14,2.8754814485500306e-14,3.437998833286962e-08,,,,,0,0,1,0
distracted,,,,,keystroke,,,,,3.36105642363785e-08,0.9992773692924424,0.0007042509089921854,1.8346188001202046e-05,,,,,0,0,1,0
overloaded,,,,,keystroke,,,,,3.47493015594505e-14,3.453674839463306e-14,6.499938199877032e-14,0.9999999999998658,,,,,0,0,1,0
focused,,,,,keystroke,,,,,0.9999363810843306,6.392842172503414e-07,1.3575295593903866e-06,6.162210189278136e-05,,,,,0,0,1,0
distracted,,,,,keystroke,,,,,3.3364813986950275e-08,0.9999998164845265,9.99998598470229e-08,5.0150799721651956e-08,,,,,0,0,1,0
distracted,,,,,keystroke,,,,,3.336718376348248e-08,0.9999998164682897,9.999982755080771e-08,5.016469890369495e-08,,,,,0,0,1,0
focused,,,,,keystroke,,,,,0.9999718358166922,1.625607261391172e-09,3.531908890734494e-09,2.8159025791692047e-05,,,,,0,0,1,0
focused,,,,,keystroke,,,,,0.9776825575411425,1.8535458384136292e-06,0.001183061371081741,0.021132527541937163,,,,,0,0,1,0
focused,,,,,keystroke,,,,,0.9723195914838942,0.004171377657311411,0.004369947921028288,0.01913908293776596,,,,,0,0,1,0
focused,,,,,keystroke,,,,,0.9965359743200549,0.0022200504520199734,0.0010422064683390853,0.0002017687595861106,,,,,0,0,1,0
focused,,,,,keystroke,,,,,0.9999999572637872,1.8526952893239286e-14,2.9386071193239104e-14,4.273616483500193e-08,,,,,0,0,1,0
focused,,,,,keystroke,,,,,0.9999999575832016,1.850874473357945e-14,2.934097499424144e-14,4.241675049584875e-08,,,,,0,0,1,0
focused,,,,,keystroke,,,,,0.9999999603910815,1.835954971571175e-14,2.925534284023669e-14,3.960887082182805e-08,,,,,0,0,1,0
focused,,,,,keystroke,,,,,0.9828450265116571,0.0002791443443634632,0.016844781798172444,3.104734580694905e-05,,,,,0,0,1,0
focused,,,,,keystroke,,,,,0.9964551124715234,5.0864423000626476e-05,0.0034929868485933675,1.0362568830676342e-06,,,,,0,0,1,0
focused,,,,,keystroke,,,,,0.9999999568289649,1.861150015536096e-14,2.948764113583726e-14,4.317098702823778e-08,,,,,0,0,1,0
focused,,,,,keystroke,,,,,0.9999999558088062,1.8488808625831956e-14,2.9518884292845674e-14,4.419114583954502e-08,,,,,0,0,1,0
focused,,,,,keystroke,,,,,0.8285516403671855,1.004140387370798e-05,2.218979450641964e-05,0.1714161284344343,,,,,0,0,1,0
focused,,,,,keystroke,,,,,0.544787825874015,0.00016515973039732377,2.1701521585167493e-05,0.4550253128740024,,,,,0,0,1,0
focused,,,,,keystroke,,,,,0.9999722395473701,6.781119922218079e-10,4.112271884523077e-10,2.775936329047682e-05,,,,,0,0,1,0
focused,,,,,keystroke,,,,,0.9999984645875393,2.508304145370143e-12,1.7747655345819111e-12,1.5354081775082126e-06,,,,,0,0,1,0
overloaded,,,,,keystroke,,,,,0.0022948911289978574,1.8245506058243015e-06,0.0002117127619461851,0.9974915715584499,,,,,0,0,1,0
overloaded,,,,,keystroke,,,,,3.662553107634403e-08,2.3887908559562028e-08,2.5675884149333276e-08,0.9999999138106762,,,,,0,0,1,0
focused,,,,,keystroke,,,,,0.9999983790693097,2.3317229162607913e-12,1.4552127820081173e-12,1.6209269034629972e-06,,,,,0,0,1,0
focused,,,,,keystroke,,,,,0.9999510575776652,2.112483604496278e-09,1.3167766286377005e-09,4.893899307445538e-05,,,,,0,0,1,0
focused,,,,,keystroke,,,,,0.8770234536073435,0.00025156360603609317,0.00039788752501264987,0.12232709526160786,,,,,0,0,1,0
focused,,,,,keystroke,,,,,0.992306866419585,5.089873216872764e-05,3.647422550313837e-05,0.007605760622743183,,,,,0,0,1,0
focused,,,,,keystroke,,,,,0.9999999000382594,2.6430266904245873e-14,1.6328008198289608e-14,9.996169783096359e-08,,,,,0,0,1,0
focused,,,,,keystroke,,,,,0.9996373437649753,1.151272470115056e-07,6.989418532975318e-08,0.0003624712135924199,,,,,0,0,1,0
focused,,,,,keystroke,,,,,0.9936212153589291,3.443597208693039e-05,2.0905047978417487e-05,0.006323443621005399,,,,,0,0,1,0
focused,,,,,keystroke,,,,,0.9999955392208406,1.7595135990423665e-11,1.1051178607884073e-11,4.460750513084188e-06,,,,,0,0,1,0
focused,,,,,keystroke,,,,,0.9999975262546121,5.8922449528028066e-12,4.356213208702219e-12,2.473735139377508e-06,,,,,0,0,1,0
focused,,,,,keystroke,,,,,0.9999627504198174,1.2212109926783019e-09,7.451137865940484e-10,3.7247613857818375e-05,,,,,0,0,1,0
focused,,,,,keystroke,,,,,0.9999483501499288,2.3371696811531948e-09,1.4186962967280231e-09,5.164609420509003e-05,,,,,0,0,1,0
focused,,,,,keystroke,,,,,0.9999147633840688,6.3671140631423126e-09,3.861697369082924e-09,8.522638711984169e-05,,,,,0,0,1,0
fatigued,,,,,keystroke,,,,,0.0004813165242791673,0.045455488777142984,0.6283166889964191,0.3257465057021584,,,,,0,0,1,0
focused,,,,,keystroke,,,,,0.9986785140375148,8.585745575697777e-07,0.0013204579115189785,1.6947640881872042e-07,,,,,0,0,1,0
focused,,,,,keystroke,,,,,0.9508617656557051,1.0437668052908296e-05,0.04912137799878621,6.418677455666883e-06,,,,,0,0,1,0
fatigued,,,,,keystroke,,,,,0.09935032072905539,8.975465611364892e-05,0.8927389364637185,0.007820988151112526,,,,,0,0,1,0
overloaded,,,,,keystroke,,,,,2.6894960732760097e-13,4.2631447147253204e-13,7.090438629200795e-13,0.9999999999985957,,,,,0,0,1,0
overloaded,,,,,keystroke,,,,,3.4310750489110393e-13,3.002217326048396e-13,1.8235688107768378e-13,0.9999999999991743,,,,,0,0,1,0
overloaded,,,,,keystroke,,,,,2.0311462462005787e-08,3.139448891349956e-08,5.723610337540685e-08,0.9999998910579453,,,,,0,0,1,0
overloaded,,,,,keystroke,,,,,7.222557639348906e-07,2.0550642093927308e-05,0.1137715108048161,0.886207216297326,,,,,0,0,1,0
focused,,,,,keystroke,,,,,0.9999999499810054,2.840663649670221e-09,4.530534855135676e-09,4.264779596742248e-08,,,,,0,0,1,0
focused,,,,,keystroke,,,,,0.9999950492700641,4.3629976432507483e-07,8.918871879611609e-07,3.622542983635541e-06,,,,,0,0,1,0
distracted,,,,,keystroke,,,,,0.010386147076609993,0.6455596035645274,0.11800567602671111,0.22604857333215128,,,,,0,0,1,0
fatigued,,,,,keystroke,,,,,5.417062459585804e-06,0.1371559304507449,0.8628240323310408,1.4620155754762526e-05,,,,,0,0,1,0
focused,,,,,keystroke,,,,,0.9283839830670755,3.8150945878717435e-06,0.07161216181530622,4.0023030377076585e-08,,,,,0,0,1,0
focused,,,,,keystroke,,,,,0.88512873569171,7.680650595543247e-05,0.114757393546503,3.706425583196623e-05,,,,,0,0,1,0
focused,,,,,keystroke,,,,,0.9999999450874988,1.2236980228758775e-09,2.4866452368800304e-09,5.1202157722522033e-08,,,,,0,0,1,0
overloaded,,,,,keystroke,,,,,2.1905990928028592e-05,0.0013054100056136531,0.00645839656482022,0.9922142874386386,,,,,0,0,1,0
overloaded,,,,,keystroke,,,,,4.661738628699234e-08,1.3805461555666927e-07,7.408170699915918e-08,0.9999997412462911,,,,,0,0,1,0
distracted,,,,,keystroke,,,,,1.8430857209047605e-05,0.9946592241640891,0.0006072729626260273,0.004715072016075901,,,,,0,0,1,0
focused,,,,,keystroke,,,,,0.9872592367539859,8.06839253341565e-05,0.012660028719705063,5.060097505330216e-08,,,,,0,0,1,0
focused,,,,,keystroke,,,,,0.9744707336514042,0.0002912770280460438,0.025237273304996633,7.160155529615921e-07,,,,,0,0,1,0
fatigued,,,,,keystroke,,,,,0.32962776383715997,0.012663642463627469,0.6576892176861026,1.937601311006536e-05,,,,,0,0,1,0
fatigued,,,,,keystroke,,,,,0.12820513427283245,0.0024716161881675447,0.869321349676479,1.899862521241217e-06,,,,,0,0,1,0
distracted,,,,,keystroke,,,,,3.36074877031511e-08,0.999722499349418,0.0002774169281162618,5.0114977985095935e-08,,,,,0,0,1,0
distracted,,,,,keystroke,,,,,1.407342837931847e-07,0.9994348249191571,2.199479258907418e-07,0.000564814398633042,,,,,0,0,1,0
distracted,,,,,keystroke,,,,,5.2877751211969726e-08,0.9999727255818414,4.6948441275517076e-08,2.7174591966047254e-05,,,,,0,0,1,0
focused,,,,,keystroke,,,,,0.9953432230105635,0.0032850682665142264,4.253311663592119e-06,0.0013674554112587248,,,,,0,0,1,0
focused,,,,,keystroke,,,,,0.9998911875778754,1.239357602575623e-08,6.577711786738381e-09,0.00010879345083681637,,,,,0,0,1,0
focused,,,,,keystroke,,,,,0.9999947115835667,3.0693021093242014e-11,1.747457339706282e-11,5.2883682656875566e-06,,,,,0,0,1,0
focused,,,,,keystroke,,,,,0.9325341781093469,0.024954705649435895,0.00027742787108123244,0.0422336883701358,,,,,0,0,1,0
overloaded,,,,,keystroke,,,,,1.9149697882324872e-10,5.666677943645733e-10,3.0430619655207157e-10,0.999999998937529,,,,,0,0,1,0
overloaded,,,,,keystroke,,,,,2.481770680504974e-13,2.1715689534663216e-13,1.3190269322923895e-13,0.9999999999994027,,,,,0,0,1,0
overloaded,,,,,keystroke,,,,,3.172704101814658e-14,2.776172542803225e-14,1.686228221015497e-14,0.9999999999999236,,,,,0,0,1,0
overloaded,,,,,keystroke,,,,,3.173001328525687e-14,2.7766500166467975e-14,1.686228652791132e-14,0.9999999999999236,,,,,0,0,1,0
overloaded,,,,,keystroke,,,,,3.172663512192662e-14,2.776107349653714e-14,1.686228161768696e-14,0.9999999999999236,,,,,0,0,1,0
overloaded,,,,,keystroke,,,,,1.2764942545682348e-13,1.1169428345225747e-13,6.784393085786366e-14,0.9999999999996928,,,,,0,0,1,0
overloaded,,,,,keystroke,,,,,1.45089983251387e-13,1.2695490771370413e-13,7.711334596507586e-14,0.9999999999996508,,,,,0,0,1,0
overloaded,,,,,keystroke,,,,,1.3435193165831717e-14,3.9736949515123334e-14,2.1333023488179583e-14,0.9999999999999254,,,,,0,0,1,0
overloaded,,,,,keystroke,,,,,1.3435540513038721e-14,3.973737014336183e-14,2.1332998838739935e-14,0.9999999999999254,,,,,0,0,1,0
overloaded,,,,,keystroke,,,,,2.1295693856139262e-13,1.8633901560661818e-13,1.1318368787890433e-13,0.9999999999994874,,,,,0,0,1,0
overloaded,,,,,keystroke,,,,,2.410965045963847e-13,2.1096134898638544e-13,1.281394731192692e-13,0.9999999999994197,,,,,0,0,1,0
overloaded,,,,,keystroke,,,,,2.0199504849576172e-13,1.7674727828219014e-13,1.0735759648023198e-13,0.9999999999995138,,,,,0,0,1,0
overloaded,,,,,keystroke,,,,,1.102612386145272e-13,9.64794832446195e-14,5.86023495251884e-14,0.9999999999997348,,,,,0,0,1,0
overloaded,,,,,keystroke,,,,,6.995666621402075e-14,6.121266143888517e-14,3.7181022682829636e-14,0.9999999999998317,,,,,0,0,1,0
overloaded,,,,,keystroke,,,,,6.819906586118731e-14,5.967474699070146e-14,3.624688212641446e-14,0.9999999999998359,,,,,0,0,1,0
overloaded,,,,,keystroke,,,,,1.4202950153478863e-14,2.238063998295172e-14,4.030284604251082e-14,0.9999999999999232,,,,,0,0,1,0
overloaded,,,,,keystroke,,,,,1.4202984370955225e-14,2.2387148617493744e-14,4.0308265963833394e-14,0.9999999999999232,,,,,0,0,1,0
overloaded,,,,,keystroke,,,,,1.2260771294325883e-13,1.0728274546009544e-13,6.516433030758915e-14,0.999999999999705,,,,,0,0,1,0
overloaded,,,,,keystroke,,,,,3.172663512192662e-14,2.776107349653714e-14,1.686228161768696e-14,0.9999999999999236,,,,,0,0,1,0
overloaded,,,,,keystroke,,,,,1.3509395154425834e-14,4.043787268993696e-14,2.2940627138343312e-14,0.9999999999999231,,,,,0,0,1,0
overloaded,,,,,keystroke,,,,,1.4174631293936061e-14,2.1908458261177988e-14,3.992207935208964e-14,0.999999999999924,,,,,0,0,1,0
overloaded,,,,,keystroke,,,,,1.3425825452408383e-14,3.973183703375191e-14,2.1348192617395376e-14,0.9999999999999254,,,,,0,0,1,0
overloaded,,,,,keystroke,,,,,2.2133818080447723e-12,5.359614266424465e-12,6.566775584713864e-12,0.9999999999858603,,,,,0,0,1,0
overloaded,,,,,keystroke,,,,,2.1847357352456243e-05,0.0003253720834056959,0.026107273000276723,0.9735455075589651,,,,,0,0,1,0
overloaded,,,,,keystroke,,,,,0.0022805389203030893,0.0073702426868125,0.05868599528337248,0.9316632231095119,,,,,0,0,1,0
overloaded,,,,,keystroke,,,,,5.305789915413154e-05,0.04463954702981811,0.00863730664809975,0.9466700884229277,,,,,0,0,1,0
overloaded,,,,,keystroke,,,,,7.206365587064066e-09,2.1799725646589828e-08,1.3508645432186878e-08,0.9999999574852634,,,,,0,0,1,0
overloaded,,,,,keystroke,,,,,3.783311773709043e-07,1.1221218007425035e-06,6.012638810964002e-07,0.9999978982831407,,,,,0,0,1,0
distracted,,,,,keystroke,,,,,3.3423458611965047e-08,0.9999971090644759,1.8607541086024895e-06,9.967579569783807e-07,,,,,0,0,1,0
focused,,,,,keystroke,,,,,0.9999999663596675,1.5622140866419302e-14,2.8204038605329457e-14,3.3640288628916135e-08,,,,,0,0,1,0
focused,,,,,keystroke,,,,,0.978282599669517,0.0001096348893282726,0.017300684845753624,0.004307080595401086,,,,,0,0,1,0
overloaded,,,,,keystroke,,,,,3.6942396841287236e-09,1.0933765283031093e-08,5.870539537268951e-09,0.9999999795014554,,,,,0,0,1,0
distracted,,,,,keystroke,,,,,5.3498410157006295e-05,0.9868462582568115,8.165974004975166e-05,0.013018583592981869,,,,,0,0,1,0
fatigued,,,,,keystroke,,,,,0.00014101684051836112,0.030990665806076737,0.9688670057442067,1.3116091982176154e-06,,,,,0,0,1,0
focused,,,,,keystroke,,,,,0.996054710238173,7.889258705403898e-06,0.003937113460527496,2.87042594116099e-07,,,,,0,0,1,0
fatigued,,,,,keystroke,,,,,0.0011584751360463462,0.06320903353863377,0.9319245851441034,0.003707906181216475,,,,,0,0,1,0
overloaded,,,,,keystroke,,,,,3.9599931978378136e-07,1.173279322168071e-06,6.29126892745645e-07,0.9999978015944653,,,,,0,0,1,0
overloaded,,,,,keystroke,,,,,3.178098209386796e-14,2.7922886817094717e-14,1.71274707435478e-14,0.9999999999999232,,,,,0,0,1,0
overloaded,,,,,keystroke,,,,,3.45116944441076e-14,3.32563377538652e-14,1.6839907205866277e-14,0.9999999999999154,,,,,0,0,1,0
overloaded,,,,,keystroke,,,,,6.191119414726363e-07,0.009628892787476308,5.98311441259792e-06,0.9903645049861695,,,,,0,0,1,0
overloaded,,,,,keystroke,,,,,7.29509880230937e-11,1.991563684148027e-10,1.110679755906248e-10,0.9999999996168246,,,,,0,0,1,0
overloaded,,,,,keystroke,,,,,1.9801947786986074e-14,4.154890495822106e-14,2.1637146424031533e-14,0.9999999999999171,,,,,0,0,1,0
overloaded,,,,,keystroke,,,,,1.342507680193446e-14,3.9724684740959065e-14,2.1333627211208062e-14,0.9999999999999255,,,,,0,0,1,0
overloaded,,,,,keystroke,,,,,1.3425077375666095e-14,3.972469022830715e-14,2.133363837583086e-14,0.9999999999999255,,,,,0,0,1,0
overloaded,,,,,keystroke,,,,,2.3551228685196782e-07,6.981769687943457e-07,3.7427800714445846e-07,0.9999986920327372,,,,,0,0,1,0
overloaded,,,,,keystroke,,,,,2.5643416895034154e-07,0.2991164736476378,2.0662471568821558e-06,0.7008812036710361,,,,,0,0,1,0
overloaded,,,,,keystroke,,,,,5.002163105917639e-13,1.1844453132828497e-12,6.881064843295234e-13,0.9999999999976273,,,,,0,0,1,0
overloaded,,,,,keystroke,,,,,6.043168418122826e-08,0.015431322466476351,1.1760199155354595e-07,0.9845684994998478,,,,,0,0,1,0
distracted,,,,,keystroke,,,,,1.1299531442715804e-05,0.8805715631869362,3.992879222742578e-05,0.11937720848939366,,,,,0,0,1,0
distracted,,,,,keystroke,,,,,0.00018698957429760313,0.7020240351083034,0.000591732309950498,0.2971972430074486,,,,,0,0,1,0
overloaded,,,,,keystroke,,,,,0.00013644216026795032,0.16707089980318351,0.0003749531146134922,0.8324177049219349,,,,,0,0,1,0
overloaded,,,,,keystroke,,,,,2.3270235035331434e-07,6.898391870252819e-07,3.6981225937091794e-07,0.9999987076462034,,,,,0,0,1,0
overloaded,,,,,keystroke,,,,,2.1572311780894597e-14,4.485367996062754e-14,1.51350940075578e-14,0.9999999999999185,,,,,0,0,1,0
overloaded,,,,,keystroke,,,,,2.1929308733009915e-14,5.690402313515381e-14,3.235594094328575e-14,0.9999999999998889,,,,,0,0,1,0
distracted,,,,,keystroke,,,,,6.649747906185893e-05,0.9852713432404552,0.0001004235499847328,0.01456173573049808,,,,,0,0,1,0
distracted,,,,,keystroke,,,,,1.1260338678533204e-07,0.9995304897458839,2.2380858806315968e-07,0.00046917384214130664,,,,,0,0,1,0
overloaded,,,,,keystroke,,,,,0.12663858575272638,0.0270634975296182,0.00085207935873349,0.8454458373589221,,,,,0,0,1,0
distracted,,,,,keystroke,,,,,4.7640303618853834e-08,0.999800435905196,1.4506527997135708e-06,0.00019806580170061782,,,,,0,0,1,0
distracted,,,,,keystroke,,,,,4.421925088182279e-08,0.999867079780972,1.086865334342664e-05,0.00012200734643364745,,,,,0,0,1,0
focused,,,,,keystroke,,,,,0.970940377781553,0.028710267353611655,0.0002994423022374378,4.991256259801032e-05,,,,,0,0,1,0
overloaded,,,,,keystroke,,,,,0.018636816940803998,0.00019959961301317195,0.0001226309704217595,0.981040952475761,,,,,0,0,1,0
overloaded,,,,,keystroke,,,,,1.5897376641486015e-14,4.0630203670572715e-14,2.2653794780743055e-14,0.9999999999999207,,,,,0,0,1,0
overloaded,,,,,keystroke,,,,,2.694239601659805e-13,5.9345535582126e-13,8.150748850904498e-13,0.9999999999983221,,,,,0,0,1,0
overloaded,,,,,keystroke,,,,,3.33133897474223e-08,0.003307024591428883,6.379007070959662e-06,0.9966865630881105,,,,,0,0,1,0
focused,,,,,keystroke,,,,,0.995808905707135,0.0040048726082372275,7.697087592189747e-06,0.00017852459703587143,,,,,0,0,1,0
distracted,,,,,keystroke,,,,,0.00021913835103424078,0.9997784217355066,7.01549270755459e-08,2.3697585323891143e-06,,,,,0,0,1,0
distracted,,,,,keystroke,,,,,5.434518782114114e-08,0.9999997892407355,5.117039688219691e-08,1.0524367977247042e-07,,,,,0,0,1,0
distracted,,,,,keystroke,,,,,3.477118767256857e-08,0.9999475990226837,5.142564630429039e-08,5.231478048216262e-05,,,,,0,0,1,0
distracted,,,,,keystroke,,,,,0.0001435557662995266,0.7983800324011436,0.0009415208793820459,0.20053489095317467,,,,,0,0,1,0
overloaded,,,,,keystroke,,,,,0.1427639280670442,0.21604401017078,0.002358244442599869,0.638833817319576,,,,,0,0,1,0
distracted,,,,,keystroke,,,,,3.3345470689134084e-08,0.9999944885479938,6.601674135437502e-08,5.412089794197867e-06,,,,,0,0,1,0
distracted,,,,,keystroke,,,,,5.001361257279796e-08,0.9999175677592889,8.234863741809909e-05,3.358968029140679e-08,,,,,0,0,1,0
overloaded,,,,,keystroke,,,,,0.012117544649634257,0.18034644853203868,0.2525677343172786,0.5549682725010485,,,,,0,0,1,0
fatigued,,,,,keystroke,,,,,0.0023374684240488066,0.20454793446337202,0.535470397845754,0.25764419926682447,,,,,0,0,1,0
fatigued,,,,,keystroke,,,,,0.01891213467215891,0.00021193708205795956,0.9808216525362826,5.427570950046796e-05,,,,,0,0,1,0
fatigued,,,,,keystroke,,,,,1.737639968720753e-05,0.017193624186298367,0.9826109130393613,0.00017808637465316886,,,,,0,0,1,0
fatigued,,,,,keystroke,,,,,1.8679647342092435e-05,1.0557783090600966e-05,0.9981798512566536,0.0017909113129139559,,,,,0,0,1,0
fatigued,,,,,keystroke,,,,,0.02933541898135011,0.00037163400065295965,0.9701948889760807,9.805804191600131e-05,,,,,0,0,1,0
focused,,,,,keystroke,,,,,0.7946206185618044,8.020187153085425e-05,0.20529912220749588,5.735916914165688e-08,,,,,0,0,1,0
overloaded,,,,,keystroke,,,,,5.583585902118101e-05,0.0004371073781225713,0.031077965131252435,0.9684290916316038,,,,,0,0,1,0
overloaded,,,,,keystroke,,,,,1.3427488444446816e-14,3.9730590589075216e-14,2.133993798647698e-14,0.9999999999999254,,,,,0,0,1,0
overloaded,,,,,keystroke,,,,,3.661527117034852e-14,3.446748339400198e-14,1.9293476695900288e-14,0.9999999999999096,,,,,0,0,1,0
focused,,,,,keystroke,,,,,0.999960082780977,1.814131192267285e-09,1.0536358563537623e-09,3.991435125596626e-05,,,,,0,0,1,0
distracted,,,,,keystroke,,,,,0.002881722737546851,0.9965522581678986,1.0145853404729243e-05,0.0005558732411499301,,,,,0,0,1,0
distracted,,,,,keystroke,,,,,4.3033089448100013e-07,0.9993542380858524,3.747187368079772e-07,0.0006449568645163909,,,,,0,0,1,0
distracted,,,,,keystroke,,,,,0.0014406652214198265,0.9915679308894518,2.641849689598382e-05,0.006964985392232496,,,,,0,0,1,0
focused,,,,,keystroke,,,,,0.9999565280302999,1.7158006533101045e-07,9.907946812821134e-08,4.320131016672015e-05,,,,,0,0,1,0
focused,,,,,keystroke,,,,,0.9999724413929076,2.345385748733062e-09,3.3665249934989576e-09,2.755289518169729e-05,,,,,0,0,1,0
focused,,,,,keystroke,,,,,0.9639443928265227,0.0001624550105139805,1.3823316766765468e-05,0.035879328846196386,,,,,0,0,1,0
focused,,,,,keystroke,,,,,0.9998147694136555,1.1694368317456524e-07,3.882367491910422e-08,0.00018507481898627937,,,,,0,0,1,0
distracted,,,,,keystroke,,,,,3.333376498494985e-08,0.999998804740336,6.68152203385659e-08,1.0951106785503185e-06,,,,,0,0,1,0
distracted,,,,,keystroke,,,,,3.3333339900379496e-08,0.999999797537819,6.367467968433483e-08,1.0545416155025325e-07,,,,,0,0,1,0
distracted,,,,,keystroke,,,,,3.333776067328879e-08,0.9999962501834719,5.00613719101095e-08,3.666417395473707e-06,,,,,0,0,1,0
distracted,,,,,keystroke,,,,,3.400540742555242e-08,0.9999821665245493,1.7341944659869255e-07,1.762605059677031e-05,,,,,0,0,1,0
distracted,,,,,keystroke,,,,,0.00016429147276830186,0.9997680799224994,6.581758489101244e-05,1.811019841247759e-06,,,,,0,0,1,0
distracted,,,,,keystroke,,,,,3.333437259184464e-08,0.9999997753984843,6.548609149474782e-08,1.257810515348402e-07,,,,,0,0,1,0
distracted,,,,,keystroke,,,,,4.071903527568617e-07,0.44440832225703253,4.016498140872105e-06,0.5555872540544737,,,,,0,0,1,0
distracted,,,,,keystroke,,,,,3.659304463947466e-06,0.913959537650444,1.3199614190187186e-05,0.08602360343090175,,,,,0,0,1,0
distracted,,,,,keystroke,,,,,3.369951169519773e-08,0.999999804927012,9.849937234539171e-08,6.287410380882397e-08,,,,,0,0,1,0
fatigued,,,,,keystroke,,,,,2.1932326151092086e-07,5.224541216368247e-07,0.999862051734264,0.0001372064883527502,,,,,0,0,1,0
fatigued,,,,,keystroke,,,,,7.2171691755671705e-06,0.08408564585210185,0.9157518557618577,0.00015528121686488546,,,,,0,0,1,0
focused,,,,,keystroke,,,,,0.9999999631643535,2.992554012549926e-14,2.9103716429799464e-14,3.683558759005533e-08,,,,,0,0,1,0
focused,,,,,keystroke,,,,,0.9999999633519118,3.288516408344803e-14,1.825838600391783e-14,3.664803708156136e-08,,,,,0,0,1,0
focused,,,,,keystroke,,,,,0.9999998752480764,1.1685471793960857e-13,6.719099809357463e-14,1.2475173936916754e-07,,,,,0,0,1,0
focused,,,,,keystroke,,,,,0.9999960490445794,6.796075524167525e-11,3.1419998477200765e-11,3.950856039880497e-06,,,,,0,0,1,0
focused,,,,,keystroke,,,,,0.9629287026331316,0.03268839031604572,3.591141900866602e-05,0.004346995631813934,,,,,0,0,1,0
focused,,,,,keystroke,,,,,0.97104691938023,0.0284050992546089,1.2904076787554468e-05,0.0005350772883733747,,,,,0,0,1,0
focused,,,,,keystroke,,,,,0.9999999564183163,3.5520678446813436e-14,1.9070327748911792e-14,4.358162889354858e-08,,,,,0,0,1,0
focused,,,,,keystroke,,,,,0.9955295944678716,1.759761307597286e-05,1.1896909569967233e-05,0.0044409110094825,,,,,0,0,1,0
distracted,,,,,keystroke,,,,,8.113791918237397e-08,0.9991449903573973,0.0008214714456968884,3.345705898649057e-05,,,,,0,0,1,0
distracted,,,,,keystroke,,,,,3.908861826871482e-08,0.9998684175480483,5.89324498752219e-08,0.0001314844308836346,,,,,0,0,1,0
distracted,,,,,keystroke,,,,,3.3396398799438845e-08,0.99999980838391,9.923207843680121e-08,5.898761261941201e-08,,,,,0,0,1,0
distracted,,,,,keystroke,,,,,8.209920368539273e-07,0.9998139955041886,0.00018486893617881625,3.1456759580519863e-07,,,,,0,0,1,0
fatigued,,,,,keystroke,,,,,0.37509472586435966,0.02550924711193807,0.599207625504114,0.0001884015195881869,,,,,0,0,1,0
focused,,,,,keystroke,,,,,0.9999983091537981,4.173109085402463e-07,7.547992148786411e-07,5.187360784787759e-07,,,,,0,0,1,0
focused,,,,,keystroke,,,,,0.9999999637956208,2.0140542791325982e-13,3.408390185972954e-13,3.6203836906488736e-08,,,,,0,0,1,0
overloaded,,,,,keystroke,,,,,0.0015927958120786458,0.007590334247122152,0.03191504265774596,0.9589018272830534,,,,,0,0,1,0
overloaded,,,,,keystroke,,,,,0.011126136920307186,0.18747810064436013,0.06393248085158423,0.7374632815837485,,,,,0,0,1,0
distracted,,,,,keystroke,,,,,0.00018581230766780507,0.9952388850961732,0.0045024617296646925,7.284086649439833e-05,,,,,0,0,1,0
distracted,,,,,keystroke,,,,,3.333836447366873e-08,0.9999959837903666,5.015600099048944e-08,3.93271526775862e-06,,,,,0,0,1,0
distracted,,,,,keystroke,,,,,3.333334053626107e-08,0.9999998166142419,9.999999414505012e-08,5.00524235151198e-08,,,,,0,0,1,0
focused,,,,,keystroke,,,,,0.9999999646838018,1.6466045758103765e-14,2.842131591776802e-14,3.5316153150617436e-08,,,,,0,0,1,0
distracted,,,,,keystroke,,,,,0.13247507639011943,0.8673906581740333,0.0001274899156822967,6.775520164898815e-06,,,,,0,0,1,0
distracted,,,,,keystroke,,,,,0.2116727000477313,0.7880041054955347,0.0002657070643639913,5.748739237015767e-05,,,,,0,0,1,0
focused,,,,,keystroke,,,,,0.9999840150511324,3.90651897411497e-09,3.021010363396315e-09,1.5978021338186218e-05,,,,,0,0,1,0
distracted,,,,,keystroke,,,,,0.03520795859391704,0.9636560472903988,0.0009438308335353963,0.0001921632821486508,,,,,0,0,1,0
focused,,,,,keystroke,,,,,0.9926764677851271,0.007007303717460069,0.0003160493294940957,1.7916791844927366e-07,,,,,0,0,1,0
focused,,,,,keystroke,,,,,0.9999991706872112,3.3918152741957616e-07,2.261873320668032e-07,2.639439293174483e-07,,,,,0,0,1,0
distracted,,,,,keystroke,,,,,4.993470179910501e-06,0.9999932592435967,1.7112858605151597e-06,3.600036277478387e-08,,,,,0,0,1,0
distracted,,,,,keystroke,,,,,0.0012502150208583977,0.9987333731211172,1.603769321248675e-05,3.7416481191677927e-07,,,,,0,0,1,0
focused,,,,,keystroke,,,,,0.7696527237461955,0.22808728118216717,6.398640962076922e-05,0.002196008662016254,,,,,0,0,1,0
distracted,,,,,keystroke,,,,,0.0034061737470110895,0.6550606403352297,3.770113733923545e-06,0.3415294158040253,,,,,0,0,1,0
distracted,,,,,keystroke,,,,,0.00025402297658833956,0.999498632243047,0.0001794817115242672,6.786306884029913e-05,,,,,0,0,1,0
focused,,,,,keystroke,,,,,0.9949571487427926,0.0041315888337600404,0.0008338813510541482,7.738107239330505e-05,,,,,0,0,1,0
focused,,,,,keystroke,,,,,0.6522437361356787,0.32019060575801445,0.015463648617363344,0.012102009488943612,,,,,0,0,1,0
distracted,,,,,keystroke,,,,,0.03927847247009933,0.5377936720367228,0.05850853347510624,0.36441932201807176,,,,,0,0,1,0
distracted,,,,,keystroke,,,,,0.0022740296081570615,0.6838608241286628,0.016558239786609967,0.2973069064765703,,,,,0,0,1,0
distracted,,,,,keystroke,,,,,4.7142395709867446e-08,0.9999998036778429,9.979459652638338e-08,4.938516479552889e-08,,,,,0,0,1,0
distracted,,,,,keystroke,,,,,2.279326998082707e-05,0.9999757947567424,1.3777708040139465e-06,3.420247280420525e-08,,,,,0,0,1,0
distracted,,,,,keystroke,,,,,3.333356313167387e-08,0.9999998161425532,9.99972573222608e-08,5.052662638516479e-08,,,,,0,0,1,0
distracted,,,,,keystroke,,,,,3.333381402695918e-08,0.9999998165978314,9.99999753650932e-08,5.006837920556433e-08,,,,,0,0,1,0
focused,,,,,keystroke,,,,,0.9999996608337652,2.996014681122129e-13,5.139977158645045e-13,3.391654213216395e-07,,,,,0,0,1,0
focused,,,,,keystroke,,,,,0.9999939385314374,4.847171673252458e-11,9.940726493795666e-11,6.061320683667964e-06,,,,,0,0,1,0
focused,,,,,keystroke,,,,,0.9999997889551491,1.5023414359837945e-13,2.4118565642403425e-13,2.110444593893414e-07,,,,,0,0,1,0
focused,,,,,keystroke,,,,,0.9999999648197662,1.6419267169667645e-14,2.844039152220795e-14,3.5180189012007644e-08,,,,,0,0,1,0
focused,,,,,keystroke,,,,,0.9999999665511566,1.5540174150602852e-14,2.8197121371613238e-14,3.3448799573235975e-08,,,,,0,0,1,0
focused,,,,,keystroke,,,,,0.9999999665702403,1.5521022957678816e-14,2.818670809181247e-14,3.342971597889085e-08,,,,,0,0,1,0
focused,,,,,keystroke,,,,,0.9999999665000767,1.55531867989085e-14,2.8191117759913378e-14,3.3499879518274804e-08,,,,,0,0,1,0
focused,,,,,keystroke,,,,,0.9999999622770294,3.189730843719134e-14,1.8869830408600952e-14,3.772291994600324e-08,,,,,0,0,1,0
focused,,,,,keystroke,,,,,0.9999996103417933,9.885075330597928e-13,6.226550714892e-13,3.8965659551006433e-07,,,,,0,0,1,0
focused,,,,,keystroke,,,,,0.9998215583605815,1.9607438926225405e-06,8.310834883545592e-07,0.00017564981203758106,,,,,0,0,1,0
focused,,,,,keystroke,,,,,0.9999895050223321,5.730116327069879e-07,3.2799691530455504e-07,9.593969119893404e-06,,,,,0,0,1,0
focused,,,,,keystroke,,,,,0.9999997834380305,1.2468764604346637e-13,6.309602710369501e-14,2.16561781632366e-07,,,,,0,0,1,0
overloaded,,,,,keystroke,,,,,0.009061194135713036,2.7821169082329382e-05,7.312872891394877e-05,0.9908378559662907,,,,,0,0,1,0
overloaded,,,,,keystroke,,,,,1.3108274513283368e-06,8.512110187376692e-07,9.236571718032515e-07,0.9999969143043581,,,,,0,0,1,0
focused,,,,,keystroke,,,,,0.9999999343514845,5.460653646804678e-14,3.1064799662792586e-14,6.564842987481805e-08,,,,,0,0,1,0
focused,,,,,keystroke,,,,,0.9999999662645312,3.023027070935461e-14,1.7070631984252093e-14,3.3735421496199e-08,,,,,0,0,1,0
focused,,,,,keystroke,,,,,0.9999999664456514,1.6784015172936873e-14,2.903199380002265e-14,3.3554302876267e-08,,,,,0,0,1,0
focused,,,,,keystroke,,,,,0.9999998353606292,1.272989510016345e-13,1.938254522629663e-13,1.6463904960467598e-07,,,,,0,0,1,0
focused,,,,,keystroke,,,,,0.9999999612826661,2.031936936582605e-14,3.085578190150401e-14,3.871728280745864e-08,,,,,0,0,1,0
focused,,,,,keystroke,,,,,0.9999999291885436,1.8018083076540894e-09,1.118918394063439e-09,6.789072964820904e-08,,,,,0,0,1,0
focused,,,,,keystroke,,,,,0.9999973116516222,1.107193207739509e-08,7.05254070316604e-09,2.670223905057184e-06,,,,,0,0,1,0
focused,,,,,keystroke,,,,,0.9999999654279906,2.4209263604691276e-14,3.057949114513209e-14,3.4571954702417436e-08,,,,,0,0,1,0
focused,,,,,keystroke,,,,,0.9999996402438894,7.806618927383512e-09,4.401882850421542e-09,3.4754760880466787e-07,,,,,0,0,1,0
focused,,,,,keystroke,,,,,0.9999997522713228,5.67437751094353e-10,3.2556142156165964e-10,2.46835678146413e-07,,,,,0,0,1,0
focused,,,,,keystroke,,,,,0.9999999659919478,2.7307027572590445e-14,2.840981195890056e-14,3.4007996512577304e-08,,,,,0,0,1,0
focused,,,,,keystroke,,,,,0.999999965784558,2.792979205765373e-14,2.8101907154373947e-14,3.421538601116256e-08,,,,,0,0,1,0
focused,,,,,keystroke,,,,,0.9999999658367577,3.10661372538336e-14,1.9642124010271488e-14,3.4163191657821355e-08,,,,,0,0,1,0
focused,,,,,keystroke,,,,,0.9999999650095627,1.6344136444964932e-14,2.8406855301392053e-14,3.499039256939371e-08,,,,,0,0,1,0
focused,,,,,keystroke,,,,,0.9999999614574976,1.7744906763268713e-14,2.8859945241876265e-14,3.854245582631514e-08,,,,,0,0,1,0
focused,,,,,keystroke,,,,,0.9999994218945732,2.0088710574279715e-12,3.3691000511418193e-12,5.781000485949983e-07,,,,,0,0,1,0
focused,,,,,keystroke,,,,,0.9999998843277141,7.761102085566114e-12,1.23435934923276e-11,1.1565218104577307e-07,,,,,0,0,1,0
focused,,,,,keystroke,,,,,0.9999999638534643,5.427992531801323e-12,9.201634964513176e-12,3.613190601446398e-08,,,,,0,0,1,0
focused,,,,,keystroke,,,,,0.9999999662269192,1.5693229056494106e-14,2.8221935109368364e-14,3.377303685116992e-08,,,,,0,0,1,0
focused,,,,,keystroke,,,,,0.9999999573210212,2.7159375353203004e-09,4.8909107053975705e-09,3.5072130619460155e-08,,,,,0,0,1,0
focused,,,,,keystroke,,,,,0.9952884107696753,2.001614003809597e-05,3.701709110250355e-05,0.00465455599918415,,,,,0,0,1,0
distracted,,,,,keystroke,,,,,3.334994731027645e-08,0.999999582891152,6.788218485928661e-08,3.1587671598489205e-07,,,,,0,0,1,0
distracted,,,,,keystroke,,,,,3.335794702000502e-08,0.9999997960761494,9.309204474788639e-08,7.747385870833387e-08,,,,,0,0,1,0
distracted,,,,,keystroke,,,,,0.0006491286572696505,0.9991516573168701,0.0001983776018203926,8.364240400105785e-07,,,,,0,0,1,0
focused,,,,,keystroke,,,,,0.5300392096419456,0.3248575888189208,0.1398362208627749,0.0052669806763586385,,,,,0,0,1,0
focused,,,,,keystroke,,,,,0.9999147159766456,1.0528918508636183e-08,2.1925376630604336e-08,8.525156905924275e-05,,,,,0,0,1,0
distracted,,,,,keystroke,,,,,1.8041712177821896e-05,0.9998960938180609,7.99320635817765e-05,5.932406179275822e-06,,,,,0,0,1,0
distracted,,,,,keystroke,,,,,2.775144823703278e-07,0.9999681098839818,3.157409139729031e-05,3.851013851605534e-08,,,,,0,0,1,0
distracted,,,,,keystroke,,,,,0.16322924019060556,0.7787388213072115,0.05713241322288002,0.0008995252793031235,,,,,0,0,1,0
focused,,,,,keystroke,,,,,0.9999855799927418,1.9263603194947015e-10,1.5037401216185214e-10,1.4419664248263214e-05,,,,,0,0,1,0
focused,,,,,keystroke,,,,,0.9924524224435052,4.901425383477741e-05,3.257785996557742e-05,0.007465985442694547,,,,,0,0,1,0
focused,,,,,keystroke,,,,,0.9792322290718325,0.0002586574085001421,0.0002909652844450925,0.02021814823522231,,,,,0,0,1,0
focused,,,,,keystroke,,,,,0.99999852696801,3.334878726344152e-12,6.871427279880591e-12,1.4730217837605463e-06,,,,,0,0,1,0
focused,,,,,keystroke,,,,,0.9999866667885605,1.4552671481791613e-10,1.9826259098044597e-10,1.3332867650083273e-05,,,,,0,0,1,0
focused,,,,,keystroke,,,,,0.9999635930085138,1.0379495545346459e-09,1.3978949143285172e-09,3.64045556416947e-05,,,,,0,0,1,0
focused,,,,,keystroke,,,,,0.9999999124954997,2.676073739270458e-14,2.9493195881725486e-14,8.750444414358602e-08,,,,,0,0,1,0
focused,,,,,keystroke,,,,,0.9999988544914082,7.734604422790738e-12,5.658975186362472e-12,1.1454951982771323e-06,,,,,0,0,1,0
focused,,,,,keystroke,,,,,0.9999999659425459,1.3007510681296354e-13,2.315829672278682e-13,3.405709220923343e-08,,,,,0,0,1,0
focused,,,,,keystroke,,,,,0.9999999552588908,3.035434296017847e-09,5.373557780746701e-09,3.633211698671321e-08,,,,,0,0,1,0
focused,,,,,keystroke,,,,,0.9999994991980236,1.3597698699389846e-07,2.4087811782972994e-07,1.2394687155902666e-07,,,,,0,0,1,0
focused,,,,,keystroke,,,,,0.9999999645832854,1.65133356070511e-14,2.8434606774851034e-14,3.541666950751187e-08,,,,,0,0,1,0
focused,,,,,keystroke,,,,,0.9999999495059891,2.3707874010157334e-14,3.1228323299838604e-14,5.0493955985064785e-08,,,,,0,0,1,0
focused,,,,,keystroke,,,,,0.9999994160473721,1.2221315818833773e-12,1.4322526584651612e-12,5.839499734493941e-07,,,,,0,0,1,0
focused,,,,,keystroke,,,,,0.9999999614067283,2.0488282845105643e-14,3.0633101584770366e-14,3.859322056651924e-08,,,,,0,0,1,0
focused,,,,,keystroke,,,,,0.9999999323135819,2.6134249283248558e-14,2.500503034005911e-14,6.768636686860285e-08,,,,,0,0,1,0
focused,,,,,keystroke,,,,,0.9999998358314207,5.211437539710084e-14,4.542058626887437e-14,1.6416848174484294e-07,,,,,0,0,1,0
overloaded,,,,,keystroke,,,,,0.30673848942158793,0.0001728331928529677,0.0030257492645739074,0.6900629281209854,,,,,0,0,1,0
focused,,,,,keystroke,,,,,0.873694320492916,0.00024237314101979186,0.021433475728196972,0.1046298306378672,,,,,0,0,1,0
focused,,,,,keystroke,,,,,0.998496874798194,6.763291046420569e-05,0.001433292949293576,2.19934204845995e-06,,,,,0,0,1,0
distracted,,,,,keystroke,,,,,0.043402153567272075,0.906343984068906,0.0500656972386286,0.0001881651251934516,,,,,0,0,1,0
focused,,,,,keystroke,,,,,0.8112095466664662,0.18328815855709388,0.005481136270176669,2.1158506263511124e-05,,,,,0,0,1,0
focused,,,,,keystroke,,,,,0.9999998388233646,1.3242031852677156e-13,2.137877726648283e-13,1.6117628907013976e-07,,,,,0,0,1,0
focused,,,,,keystroke,,,,,0.9999983557664179,1.0597636220956803e-09,1.7048676507968593e-09,1.6414689509616713e-06,,,,,0,0,1,0
focused,,,,,keystroke,,,,,0.9999972576761963,5.858468672127698e-08,7.829069038592892e-08,2.6054484267063062e-06,,,,,0,0,1,0
focused,,,,,keystroke,,,,,0.9982447579722911,0.0012258567124715152,0.0003447437946064076,0.00018464152063113684,,,,,0,0,1,0
focused,,,,,keystroke,,,,,0.9996902636526391,7.158654092408766e-07,7.110083389249926e-07,0.0003083094736126318,,,,,0,0,1,0
focused,,,,,keystroke,,,,,0.9999999564348916,1.9037635004802743e-14,3.001717171700999e-14,4.356505926731838e-08,,,,,0,0,1,0
focused,,,,,keystroke,,,,,0.999999963850134,1.7042129728583205e-14,2.8695884302082043e-14,3.614982029213356e-08,,,,,0,0,1,0
focused,,,,,keystroke,,,,,0.9999999648067076,1.648050336800038e-14,2.8471269421554863e-14,3.5193247609362085e-08,,,,,0,0,1,0
focused,,,,,keystroke,,,,,0.9999720932614261,1.5796700046114138e-09,2.898093301971231e-09,2.7902260810719204e-05,,,,,0,0,1,0
focused,,,,,keystroke,,,,,0.9997958139124342,6.66669079580344e-08,1.4154295027890904e-07,0.00020397787770757794,,,,,0,0,1,0
focused,,,,,keystroke,,,,,0.9999997216648364,5.480741109717735e-13,8.638541970247746e-13,2.7833375158913495e-07,,,,,0,0,1,0
focused,,,,,keystroke,,,,,0.99999993163893,3.935968975686678e-10,6.820595774459774e-10,6.72854136021032e-08,,,,,0,0,1,0
focused,,,,,keystroke,,,,,0.9999999575717538,1.8493986268311584e-14,2.9318171372889996e-14,4.242819854146421e-08,,,,,0,0,1,0
focused,,,,,keystroke,,,,,0.9999999576573887,3.182365200020967e-14,3.0375252332194655e-14,4.234254908099681e-08,,,,,0,0,1,0
focused,,,,,keystroke,,,,,0.9999999634013108,2.2651421260375415e-14,3.121848224012308e-14,3.659863545657762e-08,,,,,0,0,1,0
fatigued,,,,,keystroke,,,,,0.00021912285884176342,2.675804912167926e-08,0.9997803098750281,5.405080811255534e-07,,,,,0,0,1,0
fatigued,,,,,keystroke,,,,,0.08847947917646312,3.497931890185509e-05,0.911485489469951,5.203468430739939e-08,,,,,0,0,1,0
fatigued,,,,,keystroke,,,,,5.0358559652570014e-08,9.149436392870228e-10,0.9999889577578562,1.0990968640099775e-05,,,,,0,0,1,0
fatigued,,,,,keystroke,,,,,3.408082061703755e-07,5.367025952549405e-07,0.9999957028069661,3.4196822322362735e-06,,,,,0,0,1,0
fatigued,,,,,keystroke,,,,,1.868231391205271e-07,0.003721326561345557,0.9962781975687,2.890468152567955e-07,,,,,0,0,1,0
fatigued,,,,,keystroke,,,,,4.954880400007744e-06,0.1809428223674601,0.8190518392824633,3.834696764780396e-07,,,,,0,0,1,0
distracted,,,,,keystroke,,,,,3.0446526820321516e-06,0.9828711424443037,0.017125614737784817,1.9816522937221331e-07,,,,,0,0,1,0
focused,,,,,keystroke,,,,,0.8371118428172415,0.009666919168985195,0.13495527747994832,0.018265960533824677,,,,,0,0,1,0
focused,,,,,keystroke,,,,,0.9999471745156878,3.155679565934672e-09,6.3838221897138675e-09,5.28159448103898e-05,,,,,0,0,1,0
focused,,,,,keystroke,,,,,0.9999998632041276,4.450426594650808e-14,9.212260428114945e-14,1.3679573582550875e-07,,,,,0,0,1,0
focused,,,,,keystroke,,,,,0.9999991040235849,8.648222340858148e-08,1.2544961459728362e-07,6.840445771449925e-07,,,,,0,0,1,0
focused,,,,,keystroke,,,,,0.9999992691193557,1.0559569246251538e-08,1.632891924272575e-08,7.03992155853264e-07,,,,,0,0,1,0
focused,,,,,keystroke,,,,,0.9999998553644854,4.751010766768298e-14,1.0030610058443096e-13,1.4463536659574331e-07,,,,,0,0,1,0
fatigued,,,,,keystroke,,,,,0.22849780732013392,8.09963416897488e-06,0.7714926638008345,1.4292448627144023e-06,,,,,0,0,1,0
fatigued,,,,,keystroke,,,,,8.659207440191135e-05,0.00015171218853270312,0.9831170078891248,0.016644687847940817,,,,,0,0,1,0
fatigued,,,,,keystroke,,,,,9.505900160896691e-08,8.606248895204996e-08,0.9998731400120182,0.00012667886649107504,,,,,0,0,1,0
focused,,,,,keystroke,,,,,0.8006012025290205,0.00015085051716867584,0.1992357200296373,1.2226924173633137e-05,,,,,0,0,1,0
focused,,,,,keystroke,,,,,0.9999980340786894,5.745945119152717e-07,9.481648205715009e-07,4.4316197823784895e-07,,,,,0,0,1,0
focused,,,,,keystroke,,,,,0.9999995049415656,1.3549247500860015e-07,2.3227498296751094e-07,1.2729097635400775e-07,,,,,0,0,1,0
focused,,,,,keystroke,,,,,0.9394766219217004,2.599077576405917e-06,0.06052070999251861,6.900820436512267e-08,,,,,0,0,1,0
focused,,,,,keystroke,,,,,0.4426943099988951,0.00015178513957744968,0.5571357931191351,1.8111742392567424e-05,,,,,0,0,1,0
focused,,,,,keystroke,,,,,0.9999984858973785,4.3242651754555077e-07,7.604511450929731e-07,3.2122495881847957e-07,,,,,0,0,1,0
fatigued,,,,,keystroke,,,,,0.3129390955218379,6.322729753823603e-06,0.6870545463425309,3.540587735309959e-08,,,,,0,0,1,0
fatigued,,,,,keystroke,,,,,5.8240910569103044e-08,1.5926197550502497e-10,0.9999957073895498,4.234210277641825e-06,,,,,0,0,1,0
distracted,,,,,keystroke,,,,,3.333744805589963e-08,0.9999980700996245,9.99886292350611e-08,1.796574298391579e-06,,,,,0,0,1,0
distracted,,,,,keystroke,,,,,3.333334053800473e-08,0.9999998166665517,1.0000002161395238e-07,5.0000086195160426e-08,,,,,0,0,1,0
focused,,,,,keystroke,,,,,0.9983689018327077,3.1300153529693812e-06,0.0015520048670500755,7.596328488921326e-05,,,,,0,0,1,0
focused,,,,,keystroke,,,,,0.9999999531004814,4.698033555466706e-10,8.197811237733592e-10,4.56099340658084e-08,,,,,0,0,1,0
focused,,,,,keystroke,,,,,0.999992134843323,4.322760162969574e-09,7.970345054768393e-09,7.852863571888344e-06,,,,,0,0,1,0
focused,,,,,keystroke,,,,,0.9999709939726625,1.0968353183351656e-09,2.1409449921166666e-09,2.9002789557159468e-05,,,,,0,0,1,0
focused,,,,,keystroke,,,,,0.9769302574256388,0.0004955894878674949,0.02245408834849046,0.00012006473800352233,,,,,0,0,1,0
focused,,,,,keystroke,,,,,0.9975372889059532,0.0012022578519576025,0.001220162485136225,4.0290756952674094e-05,,,,,0,0,1,0
focused,,,,,keystroke,,,,,0.9999999648388751,1.7671711101915045e-14,2.9272553748514714e-14,3.5161078097628645e-08,,,,,0,0,1,0
focused,,,,,keystroke,,,,,0.9999999650517286,1.1922816505637135e-13,2.0718049760558553e-13,3.4947944950105374e-08,,,,,0,0,1,0
focused,,,,,keystroke,,,,,0.9999999023754633,1.8615602153259836e-13,3.0529220517691033e-13,9.762404513870708e-08,,,,,0,0,1,0
focused,,,,,keystroke,,,,,0.9999999538514793,1.965202420013715e-14,3.086256311561241e-14,4.6148470188470265e-08,,,,,0,0,1,0
focused,,,,,keystroke,,,,,0.9999999565494602,1.8873012547064858e-14,2.976766803067563e-14,4.34504911436443e-08,,,,,0,0,1,0
focused,,,,,keystroke,,,,,0.9999999663540784,1.577754779687248e-14,2.8327857603392006e-14,3.3645877326634684e-08,,,,,0,0,1,0
focused,,,,,keystroke,,,,,0.9999999520164918,2.4363421085790604e-14,3.680604597389233e-14,4.7983446969454537e-08,,,,,0,0,1,0
focused,,,,,keystroke,,,,,0.9999999594588076,1.901307456241903e-14,2.988390949424237e-14,4.0541143544260486e-08,,,,,0,0,1,0
focused,,,,,keystroke,,,,,0.9999995489791591,4.23838426513013e-13,7.992426512614852e-13,4.5101961786607484e-07,,,,,0,0,1,0
focused,,,,,keystroke,,,,,0.9999997824217612,1.540511506683804e-13,2.441334873135847e-13,2.175778404578619e-07,,,,,0,0,1,0
focused,,,,,keystroke,,,,,0.9999999661685008,1.6654295078826327e-14,2.889574747970626e-14,3.383145354964283e-08,,,,,0,0,1,0
focused,,,,,keystroke,,,,,0.9999999662350392,1.991557436658188e-14,3.029112114176194e-14,3.3764910489134636e-08,,,,,0,0,1,0
focused,,,,,keystroke,,,,,0.9999999652864348,1.7509291914629376e-14,2.9309704316480475e-14,3.4713518401010134e-08,,,,,0,0,1,0
focused,,,,,keystroke,,,,,0.9999999656419425,1.6283172196940543e-14,2.8520630179654723e-14,3.435801262561033e-08,,,,,0,0,1,0
focused,,,,,keystroke,,,,,0.9999999651337088,3.10602092633198e-14,2.4622148299368648e-14,3.486623551357004e-08,,,,,0,0,1,0
distracted,,,,,keystroke,,,,,3.3882314838163115e-08,0.9999998100573608,9.964998696409246e-08,5.6410337400681556e-08,,,,,0,0,1,0
distracted,,,,,keystroke,,,,,3.3580264779009715e-08,0.9999998157598502,9.999772072590335e-08,5.066216418339524e-08,,,,,0,0,1,0
focused,,,,,keystroke,,,,,0.9999999508697034,3.5137869709026606e-12,5.853609617252128e-12,4.912092923794279e-08,,,,,0,0,1,0
focused,,,,,keystroke,,,,,0.9999999657933639,1.6005680910450007e-14,2.8377987758062423e-14,3.420659163448308e-08,,,,,0,0,1,0
focused,,,,,keystroke,,,,,0.9999999663162046,1.8758431641151332e-14,3.000206096458201e-14,3.368374647641014e-08,,,,,0,0,1,0
focused,,,,,keystroke,,,,,0.9999999664063637,1.5821421833268336e-14,2.8371693781703048e-14,3.3593592006357543e-08,,,,,0,0,1,0
focused,,,,,keystroke,,,,,0.9999999649464669,1.65200310923931e-14,2.853967386426733e-14,3.5053488008791963e-08,,,,,0,0,1,0
focused,,,,,keystroke,,,,,0.999999965941459,1.658971402760196e-14,2.880484847166344e-14,3.405849544838653e-08,,,,,0,0,1,0
focused,,,,,keystroke,,,,,0.9999999665550664,1.6771411293113158e-14,2.904693426748682e-14,3.344488764289681e-08,,,,,0,0,1,0
focused,,,,,keystroke,,,,,0.9999999664842618,1.6383937836649963e-14,2.8794689643516134e-14,3.351569297020678e-08,,,,,0,0,1,0
focused,,,,,keystroke,,,,,0.9999999652443712,1.6882287197074946e-14,2.8848288563640205e-14,3.4755583030359824e-08,,,,,0,0,1,0
focused,,,,,keystroke,,,,,0.9999999558490522,2.1172885073247598e-14,3.1441088933991044e-14,4.415089519340418e-08,,,,,0,0,1,0
focused,,,,,keystroke,,,,,0.9999997344177014,3.5748300480408e-09,5.93319434357325e-09,2.56074274169964e-07,,,,,0,0,1,0
focused,,,,,keystroke,,,,,0.9999999607803137,5.244873310673354e-14,8.457746869155685e-14,3.921954929742134e-08,,,,,0,0,1,0
focused,,,,,keystroke,,,,,0.9999999659647874,5.196054796672257e-14,9.274330491990214e-14,3.403506796275642e-08,,,,,0,0,1,0
focused,,,,,keystroke,,,,,0.9999999656967781,1.596791286997342e-14,2.8288602672668514e-14,3.4303177799908176e-08,,,,,0,0,1,0
focused,,,,,keystroke,,,,,0.9999999662147931,1.5698823662112878e-14,2.8222210175313054e-14,3.3785162991896684e-08,,,,,0,0,1,0
focused,,,,,keystroke,,,,,0.9999999664337164,1.3829211035266055e-11,2.505877408140258e-11,3.352739572934576e-08,,,,,0,0,1,0
focused,,,,,keystroke,,,,,0.9999999652094617,2.2872526005592715e-11,4.008169656626367e-11,3.4727584310078504e-08,,,,,0,0,1,0
distracted,,,,,keystroke,,,,,0.07889907119556057,0.9165154328643147,0.0003628259651012648,0.004222669975023831,,,,,0,0,1,0
focused,,,,,keystroke,,,,,0.9999976193297356,2.5248116225903107e-08,1.4100435639496091e-08,2.3413217125010474e-06,,,,,0,0,1,0
focused,,,,,keystroke,,,,,0.9999999190822503,4.3331447444795196e-14,5.870720950256777e-14,8.091764743358627e-08,,,,,0,0,1,0
overloaded,,,,,keystroke,,,,,2.302909935502611e-08,4.150070430808169e-08,6.530749327581201e-08,0.999999870162703,,,,,0,0,1,0
overloaded,,,,,keystroke,,,,,1.3961029245121827e-09,3.853868860191223e-09,2.9227645311988234e-09,0.9999999918272637,,,,,0,0,1,0
focused,,,,,keystroke,,,,,0.9999993762586921,8.860771696946796e-13,6.747545542390145e-13,6.237397471782741e-07,,,,,0,0,1,0
distracted,,,,,keystroke,,,,,3.7789289572396673e-08,0.9999997863767972,7.331910413104914e-08,1.0251480917618079e-07,,,,,0,0,1,0
distracted,,,,,keystroke,,,,,3.701266105694734e-08,0.9999997915013922,6.548813750119668e-08,1.0599780915855749e-07,,,,,0,0,1,0
focused,,,,,keystroke,,,,,0.9999999411218374,4.617330394918445e-14,2.5996307552202197e-14,5.887809041729383e-08,,,,,0,0,1,0
distracted,,,,,keystroke,,,,,1.0384876684126732e-07,0.9999987469896018,5.861955904096532e-08,1.090542072283289e-06,,,,,0,0,1,0
distracted,,,,,keystroke,,,,,0.13508814676561764,0.8639913404681272,0.00015227728308203463,0.0007682354831729613,,,,,0,0,1,0
distracted,,,,,keystroke,,,,,5.323937882658074e-05,0.9998896815599467,6.37906645998085e-07,5.644115458089836e-05,,,,,0,0,1,0
distracted,,,,,keystroke,,,,,0.03850688511858515,0.9609466742757405,0.0005259137262848127,2.0526879389389873e-05,,,,,0,0,1,0
distracted,,,,,keystroke,,,,,4.497717883450003e-05,0.9999115699117248,8.109771040875793e-06,3.534313839975515e-05,,,,,0,0,1,0
distracted,,,,,keystroke,,,,,1.1027647697843532e-06,0.9997278780984089,7.098514072495447e-05,0.00020003399609646967,,,,,0,0,1,0
distracted,,,,,keystroke,,,,,0.0009742135259943158,0.9979519870430472,0.0010707817836474796,3.0176473110851195e-06,,,,,0,0,1,0
distracted,,,,,keystroke,,,,,0.011641695866567728,0.9882449348496625,7.898661707930381e-05,3.438266669049826e-05,,,,,0,0,1,0
distracted,,,,,keystroke,,,,,9.780503512189031e-06,0.8873165135180687,0.00012216466840687154,0.11255154131001208,,,,,0,0,1,0
overloaded,,,,,keystroke,,,,,2.7461674157890455e-10,8.126424925678195e-10,4.3639817279849277e-10,0.9999999984763426,,,,,0,0,1,0
focused,,,,,keystroke,,,,,0.9900229847502868,8.998963891439488e-06,0.0015156572119641501,0.008452359073857397,,,,,0,0,1,0
focused,,,,,keystroke,,,,,0.9955540239416831,1.3879020841333371e-05,1.9034147815463545e-05,0.0044130628896599106,,,,,0,0,1,0
focused,,,,,keystroke,,,,,0.9968515218116064,6.655364186247332e-06,7.327261975876222e-06,0.0031344955622314014,,,,,0,0,1,0
focused,,,,,keystroke,,,,,0.9891729075911596,0.01012678348693296,0.00018610213066716754,0.0005142067912400403,,,,,0,0,1,0
distracted,,,,,keystroke,,,,,0.0002962661649591179,0.9996753957219784,1.595134100871913e-05,1.2386772053602796e-05,,,,,0,0,1,0
distracted,,,,,keystroke,,,,,3.573068168513583e-08,0.9999696679079435,5.086131391002518e-08,3.0245500060966457e-05,,,,,0,0,1,0
distracted,,,,,keystroke,,,,,4.5343437195013356e-08,0.999810499098921,8.969155123457292e-08,0.00018936586609049968,,,,,0,0,1,0
focused,,,,,keystroke,,,,,0.9770007308326678,0.0019381522178921198,0.00020323201174804974,0.020857884937692115,,,,,0,0,1,0
overloaded,,,,,keystroke,,,,,0.24822144958983716,0.12167087129438565,0.007648585284300863,0.6224590938314761,,,,,0,0,1,0
distracted,,,,,keystroke,,,,,0.00020109781643525335,0.8485183082364971,0.00019311562278238677,0.15108747832428532,,,,,0,0,1,0
focused,,,,,keystroke,,,,,0.6609766847655737,0.33858557095178554,0.00010184223510587078,0.0003359020475347956,,,,,0,0,1,0
focused,,,,,keystroke,,,,,0.9999999483082567,4.2803032292159825e-14,3.342869856526775e-14,5.1691666981020665e-08,,,,,0,0,1,0
distracted,,,,,keystroke,,,,,3.8341559901884057e-08,0.9999910339707542,7.911320509409156e-08,8.848574480632069e-06,,,,,0,0,1,0
distracted,,,,,keystroke,,,,,4.831200726174678e-08,0.9999987521658602,1.9854631064430016e-07,1.0009758218145898e-06,,,,,0,0,1,0
focused,,,,,keystroke,,,,,0.9999995135938283,1.615277958587476e-12,1.4531937229050138e-12,4.864031033419353e-07,,,,,0,0,1,0
focused,,,,,keystroke,,,,,0.9999345451420255,1.0799446928776078e-07,5.8593242800298703e-08,6.528827026237787e-05,,,,,0,0,1,0
overloaded,,,,,keystroke,,,,,0.15667750089216465,0.002324455257678932,0.023226851978560278,0.8177711918715961,,,,,0,0,1,0
overloaded,,,,,keystroke,,,,,0.15010130578557548,0.03793304749012902,0.010702022610667519,0.8012636241136282,,,,,0,0,1,0
distracted,,,,,keystroke,,,,,1.6523799277330565e-07,0.9999983138207363,3.704321875882488e-08,1.4838980520770309e-06,,,,,0,0,1,0
focused,,,,,keystroke,,,,,0.7669066625322293,0.22647931571127455,0.0004048219209921162,0.0062091998355040135,,,,,0,0,1,0
focused,,,,,keystroke,,,,,0.9988824769439912,9.058114829586757e-07,1.0211783952467832e-06,0.001115596066130639,,,,,0,0,1,0
focused,,,,,keystroke,,,,,0.9999097839293011,7.1084519189656715e-09,1.1450411757679867e-08,9.019751183519963e-05,,,,,0,0,1,0
focused,,,,,keystroke,,,,,0.9999997379225094,3.0614347737135903e-13,3.213707904575267e-13,2.620768632452848e-07,,,,,0,0,1,0
focused,,,,,keystroke,,,,,0.9999999570622103,1.9791357309177723e-14,3.0512191381809603e-14,4.293773942427167e-08,,,,,0,0,1,0
focused,,,,,keystroke,,,,,0.999999965051777,1.9136320649679457e-14,3.008302763480023e-14,3.494817367744864e-08,,,,,0,0,1,0
focused,,,,,keystroke,,,,,0.8514672794933223,0.14802167899320687,0.00012098377359851709,0.00039005773987219885,,,,,0,0,1,0
distracted,,,,,keystroke,,,,,0.0006315111861875107,0.9991999137634298,2.237306282839002e-06,0.0001663377440997771,,,,,0,0,1,0
focused,,,,,keystroke,,,,,0.7801879116872338,0.0004913692495611045,0.21929975531681992,2.096374638505184e-05,,,,,0,0,1,0
focused,,,,,keystroke,,,,,0.9702234419692183,0.0005580699117659089,0.029162597240980886,5.5890878034836964e-05,,,,,0,0,1,0
distracted,,,,,keystroke,,,,,0.0005308240448697793,0.9884061394506158,0.011001644944770692,6.139155974370071e-05,,,,,0,0,1,0
distracted,,,,,keystroke,,,,,0.0017322366083763429,0.7283850537399587,0.2698607651872052,2.1944464459966017e-05,,,,,0,0,1,0
focused,,,,,keystroke,,,,,0.9999999047878573,2.3247484260730106e-09,3.7072767293923434e-09,8.918011767510676e-08,,,,,0,0,1,0
focused,,,,,keystroke,,,,,0.999999966255362,1.569154953290025e-14,2.8229582915125016e-14,3.3744594031406365e-08,,,,,0,0,1,0
focused,,,,,keystroke,,,,,0.9837885083738169,0.006919129196529953,0.009203686961546368,8.867546810696094e-05,,,,,0,0,1,0
distracted,,,,,keystroke,,,,,0.04159976167563189,0.825145109442842,0.11101491909044149,0.02224020979108446,,,,,0,0,1,0
fatigued,,,,,keystroke,,,,,0.4222651340967358,0.005495403510306237,0.5529626990659544,0.019276763327003458,,,,,0,0,1,0
focused,,,,,keystroke,,,,,0.9999947989758472,8.371060527318001e-11,1.781116313704389e-10,5.2007623306160544e-06,,,,,0,0,1,0
distracted,,,,,keystroke,,,,,7.776751704535797e-06,0.9999469547986378,4.252869543394246e-05,2.739754223875902e-06,,,,,0,0,1,0
focused,,,,,keystroke,,,,,0.9999999531822316,1.2690670349650613e-12,2.1163585806457234e-12,4.681438305645998e-08,,,,,0,0,1,0
focused,,,,,keystroke,,,,,0.999999695533583,1.492151097292889e-08,2.3691137996025643e-08,2.658537680895881e-07,,,,,0,0,1,0
focused,,,,,keystroke,,,,,0.9999998286205022,4.000631911689914e-08,6.985992396745344e-08,6.151325478493344e-08,,,,,0,0,1,0
focused,,,,,keystroke,,,,,0.9999999648613858,1.4304484850912808e-10,2.5108688201948693e-10,3.474448258778909e-08,,,,,0,0,1,0
focused,,,,,keystroke,,,,,0.9999999649945017,2.4691695678298444e-10,4.39236113744044e-10,3.431934546076148e-08,,,,,0,0,1,0
focused,,,,,keystroke,,,,,0.9999999660478938,3.1125103181362005e-12,5.570284297607424e-12,3.394342336642681e-08,,,,,0,0,1,0
focused,,,,,keystroke,,,,,0.9999999658752752,3.443615891352728e-14,6.130813574601042e-14,3.4124628953496416e-08,,,,,0,0,1,0
focused,,,,,keystroke,,,,,0.9999999666399397,1.5750750255591593e-14,2.8381705456368662e-14,3.336001615608595e-08,,,,,0,0,1,0
focused,,,,,keystroke,,,,,0.99999996665105,1.5515829362859684e-14,2.8207598495735908e-14,3.334890627920714e-08,,,,,0,0,1,0
focused,,,,,keystroke,,,,,0.9999999655521797,1.604073782089892e-14,2.831348405167858e-14,3.4447776080621165e-08,,,,,0,0,1,0
focused,,,,,keystroke,,,,,0.6507431897929589,0.33638798829157734,0.012766687811041509,0.0001021341044224766,,,,,0,0,1,0
distracted,,,,,keystroke,,,,,1.674481258578374e-05,0.999794138391784,0.0001890489573600738,6.783827013245252e-08,,,,,0,0,1,0
distracted,,,,,keystroke,,,,,2.7592847912725252e-06,0.9999667902410959,3.0415012094434388e-05,3.546201852044375e-08,,,,,0,0,1,0
distracted,,,,,keystroke,,,,,0.0002221259787285845,0.9994850523889383,0.0002927167617370805,1.0487059613682887e-07,,,,,0,0,1,0
focused,,,,,keystroke,,,,,0.9999999666601116,5.2972136027818726e-14,9.523485298837437e-14,3.3339740114912125e-08,,,,,0,0,1,0
distracted,,,,,keystroke,,,,,0.028577184336907105,0.9702198481656393,0.0012007494069326094,2.2180905208179745e-06,,,,,0,0,1,0
distracted,,,,,keystroke,,,,,0.0002728869384206564,0.9995445408748042,0.00018051066367478052,2.0615231005129865e-06,,,,,0,0,1,0
focused,,,,,keystroke,,,,,0.9999986667432957,4.644399499758849e-08,8.125987447392815e-08,1.205552834745624e-06,,,,,0,0,1,0
focused,,,,,keystroke,,,,,0.996519872088572,0.002272116720606496,0.0012065004722428597,1.510718578683206e-06,,,,,0,0,1,0
focused,,,,,keystroke,,,,,0.9906799619138977,0.008074891898979105,0.0012436585417106931,1.4876454124855334e-06,,,,,0,0,1,0
focused,,,,,keystroke,,,,,0.9999999665016654,1.5727630583795024e-14,2.832963194021947e-14,3.349829037829607e-08,,,,,0,0,1,0
focused,,,,,keystroke,,,,,0.9999999617332,4.38038397282086e-14,7.660417107174254e-14,3.826667965745928e-08,,,,,0,0,1,0
focused,,,,,keystroke,,,,,0.9999999655891967,8.101031022530093e-13,1.4315088132586072e-12,3.44085617381017e-08,,,,,0,0,1,0
focused,,,,,keystroke,,,,,0.9999999641195074,1.7802425057814643e-14,3.034657474788632e-14,3.588044432530591e-08,,,,,0,0,1,0
focused,,,,,keystroke,,,,,0.9999999647985892,1.673133182846794e-14,2.8690485587174324e-14,3.520136524589383e-08,,,,,0,0,1,0
focused,,,,,keystroke,,,,,0.9999956825216068,7.643363372187616e-11,1.1370251080070831e-10,4.317288256955028e-06,,,,,0,0,1,0
focused,,,,,keystroke,,,,,0.9999984885539213,4.647880184118081e-12,8.399949732854047e-12,1.5114330309192101e-06,,,,,0,0,1,0
focused,,,,,keystroke,,,,,0.9999992266805827,3.0266028965542077e-10,4.82689852849881e-10,7.725340671721461e-07,,,,,0,0,1,0
fatigued,,,,,keystroke,,,,,0.37952328266210994,0.0015846906364432823,0.48272593094034005,0.13616609576110647,,,,,0,0,1,0
overloaded,,,,,keystroke,,,,,0.041299184465260264,3.119110667102537e-06,0.005602563922070937,0.9530951325020017,,,,,0,0,1,0
focused,,,,,keystroke,,,,,0.9931033751070995,3.6555664101557928e-06,0.002378033369436345,0.0045149359570540466,,,,,0,0,1,0
overloaded,,,,,keystroke,,,,,0.0156543514586618,0.0012184107712073897,0.31189729016570744,0.6712299476044231,,,,,0,0,1,0
focused,,,,,keystroke,,,,,0.9910056921098708,1.0004227389978786e-05,0.004117480944549753,0.004866822718189573,,,,,0,0,1,0
fatigued,,,,,keystroke,,,,,0.00030268871995898854,0.0012739033030527264,0.9958123891898909,0.0026110187870972486,,,,,0,0,1,0
fatigued,,,,,keystroke,,,,,0.001035580394715813,0.01600123412844904,0.9796940080289439,0.0032691774478909434,,,,,0,0,1,0
overloaded,,,,,keystroke,,,,,0.01654144892693374,0.00043281393268109045,0.03302649823249793,0.9499992389078872,,,,,0,0,1,0
overloaded,,,,,keystroke,,,,,1.1874714606265107e-07,1.0827789574169179e-07,2.3247231297241665e-07,0.9999995405026453,,,,,0,0,1,0
focused,,,,,keystroke,,,,,0.5578945431840967,0.0008491973292530283,0.3704378871460615,0.07081837234058916,,,,,0,0,1,0
focused,,,,,keystroke,,,,,0.9999987997995969,1.2332016396480314e-11,2.2665324146731736e-11,1.2001654055817657e-06,,,,,0,0,1,0
focused,,,,,keystroke,,,,,0.9688889807638804,0.000169078495696616,0.015344109926180068,0.015597830814242737,,,,,0,0,1,0
focused,,,,,keystroke,,,,,0.5703178956557851,0.006790521925126896,0.2918904254162091,0.13100115700287868,,,,,0,0,1,0
focused,,,,,keystroke,,,,,0.9999997560070991,1.819657157265555e-13,3.5540766494564577e-13,2.4399236340530447e-07,,,,,0,0,1,0
focused,,,,,keystroke,,,,,0.9999980240840833,8.424868797830906e-12,1.469963080456321e-11,1.9758927922895397e-06,,,,,0,0,1,0
overloaded,,,,,keystroke,,,,,0.030291979867191246,0.0003090054400034693,0.000648380045786571,0.9687506346470186,,,,,0,0,1,0
overloaded,,,,,keystroke,,,,,5.733599456520265e-07,4.0215951865083354e-07,8.768742069560257e-07,0.9999981476063288,,,,,0,0,1,0
focused,,,,,keystroke,,,,,0.8513413378758468,0.007732053533179811,0.0004943959469231015,0.14043221264405018,,,,,0,0,1,0
overloaded,,,,,keystroke,,,,,0.06896329199473118,0.00011123664413655977,0.00025687125363344914,0.9306686001074986,,,,,0,0,1,0
overloaded,,,,,keystroke,,,,,0.019395837241338764,0.008337293893412829,0.004023681928834207,0.9682431869364144,,,,,0,0,1,0
focused,,,,,keystroke,,,,,0.7640991578162858,0.0067737347602971135,0.000712764174866633,0.2284143432485506,,,,,0,0,1,0
overloaded,,,,,keystroke,,,,,0.11008359760290372,0.0016969669404467646,0.00013708765429672572,0.8880823478023528,,,,,0,0,1,0
overloaded,,,,,keystroke,,,,,0.21735052570359512,0.009326123973943865,0.0009748488276486671,0.7723485014948126,,,,,0,0,1,0
distracted,,,,,keystroke,,,,,3.3343826830987405e-08,0.999994278456209,5.365947872222849e-08,5.634540485332547e-06,,,,,0,0,1,0
distracted,,,,,keystroke,,,,,0.00015941678082567504,0.7188258140177775,0.0007006128964022509,0.2803141563049949,,,,,0,0,1,0
overloaded,,,,,keystroke,,,,,1.446571946219105e-14,3.8088671072963144e-14,4.112903907981839e-14,0.9999999999999063,,,,,0,0,1,0
focused,,,,,keystroke,,,,,0.9999331912903969,4.619469437183671e-09,4.537905640112651e-09,6.67995522279145e-05,,,,,0,0,1,0
overloaded,,,,,keystroke,,,,,0.14590736142964295,0.000272178909845772,0.000206865994952628,0.8536135936655587,,,,,0,0,1,0
overloaded,,,,,keystroke,,,,,0.21612680728690742,3.257775469947233e-05,0.00014566914267522346,0.7836949458157177,,,,,0,0,1,0
focused,,,,,keystroke,,,,,0.9996691714358781,9.855518997582708e-08,6.150484281352296e-08,0.00033066850408910016,,,,,0,0,1,0
focused,,,,,keystroke,,,,,0.9999019567637011,8.740171848781899e-09,6.053913660763154e-09,9.802844221345481e-05,,,,,0,0,1,0
focused,,,,,keystroke,,,,,0.9083958477272877,0.014778028149858291,0.0002800897672667715,0.0765460343555873,,,,,0,0,1,0
focused,,,,,keystroke,,,,,0.9911312808741672,0.008000545655239695,2.8925963286216085e-05,0.0008392475073069909,,,,,0,0,1,0
focused,,,,,keystroke,,,,,0.9895670896880523,0.0032107418479314183,0.004045149723014476,0.0031770187410019783,,,,,0,0,1,0
focused,,,,,keystroke,,,,,0.977520301512499,0.00923569931726873,0.01070578446269893,0.0025382147075332013,,,,,0,0,1,0
focused,,,,,keystroke,,,,,0.9999721824602406,7.196434291480339e-10,4.533529184346167e-10,2.7816366762904e-05,,,,,0,0,1,0
focused,,,,,keystroke,,,,,0.4982242174541253,0.00033196195806582104,9.619954787182223e-05,0.501347621039937,,,,,0,0,1,0
distracted,,,,,keystroke,,,,,3.96874104519664e-07,0.9982038379102255,0.0012127801363088452,0.0005829850793611764,,,,,0,0,1,0
distracted,,,,,keystroke,,,,,0.0002064318295674223,0.998803909922668,0.0009870644478816306,2.593799883175234e-06,,,,,0,0,1,0
distracted,,,,,keystroke,,,,,0.00034712270992590143,0.9996144591695687,3.8300636005022765e-05,1.1748450031312339e-07,,,,,0,0,1,0
distracted,,,,,keystroke,,,,,3.431702114932788e-08,0.9998321942992079,0.0001676989981630275,7.238560796350505e-08,,,,,0,0,1,0
distracted,,,,,keystroke,,,,,1.2225398958960176e-06,0.9956994226045067,0.004299069593820238,2.852617771363481e-07,,,,,0,0,1,0
focused,,,,,keystroke,,,,,0.9999999641935308,8.074028829528815e-11,1.1192466383172819e-10,3.5613804073281295e-08,,,,,0,0,1,0
focused,,,,,keystroke,,,,,0.9999995958912327,6.412118121146332e-09,5.462763335736093e-09,3.922338857155207e-07,,,,,0,0,1,0
focused,,,,,keystroke,,,,,0.9999984002030636,1.3644028455922205e-07,7.590185879126893e-08,1.3874547931957786e-06,,,,,0,0,1,0
distracted,,,,,keystroke,,,,,3.3532674059489746e-08,0.9999785123549597,4.126407359278104e-07,2.1041471630234667e-05,,,,,0,0,1,0
overloaded,,,,,keystroke,,,,,1.2967219825678488e-09,3.837524084085602e-09,2.0606344930586993e-09,0.9999999928051194,,,,,0,0,1,0
overloaded,,,,,keystroke,,,,,8.105367688735747e-10,6.232090972531759e-10,8.913611020576933e-10,0.9999999976748931,,,,,0,0,1,0
overloaded,,,,,keystroke,,,,,1.3712226522813875e-07,2.0501148051210286e-07,2.9935081519723213e-07,0.9999993585154391,,,,,0,0,1,0
overloaded,,,,,keystroke,,,,,5.115376450792256e-06,1.5587628881422127e-06,0.0013204485570112439,0.9986728773036498,,,,,0,0,1,0
overloaded,,,,,keystroke,,,,,6.74705853688852e-08,1.0859410378266231e-07,1.666068602554804e-07,0.9999996573284505,,,,,0,0,1,0
overloaded,,,,,keystroke,,,,,2.3300027983939783e-07,3.612165798486268e-07,5.052670251491272e-07,0.9999989005161152,,,,,0,0,1,0
overloaded,,,,,keystroke,,,,,8.622762931357979e-07,1.07604483703143e-06,1.6974673794161282e-06,0.9999963642114904,,,,,0,0,1,0
overloaded,,,,,keystroke,,,,,1.4585373503973234e-14,4.229375482793619e-14,2.5012682675677448e-14,0.9999999999999181,,,,,0,0,1,0
overloaded,,,,,keystroke,,,,,1.342507771618647e-14,3.97246934851455e-14,2.1333645002239777e-14,0.9999999999999255,,,,,0,0,1,0
overloaded,,,,,keystroke,,,,,1.342507680193446e-14,3.9724684740959065e-14,2.1333627211208062e-14,0.9999999999999255,,,,,0,0,1,0
overloaded,,,,,keystroke,,,,,3.172663512192662e-14,2.776107349653714e-14,1.686228161768696e-14,0.9999999999999236,,,,,0,0,1,0
overloaded,,,,,keystroke,,,,,1.475449664907723e-14,3.9870259655370515e-14,2.2329599394788035e-14,0.9999999999999231,,,,,0,0,1,0
overloaded,,,,,keystroke,,,,,1.342507680193446e-14,3.9724684740959065e-14,2.1333627211208062e-14,0.9999999999999255,,,,,0,0,1,0
overloaded,,,,,keystroke,,,,,3.89583707933254e-12,1.1527831967754634e-11,6.190829430635195e-12,0.9999999999783855,,,,,0,0,1,0
overloaded,,,,,keystroke,,,,,1.3425086768672002e-14,3.972478006459697e-14,2.1333821160020333e-14,0.9999999999999255,,,,,0,0,1,0
focused,,,,,keystroke,,,,,0.9999999526669261,3.9405324589142e-10,6.449533592079124e-10,4.6294067287964874e-08,,,,,0,0,1,0
focused,,,,,keystroke,,,,,0.8745421926433014,1.0516478637284047e-05,0.12543774907781202,9.541800249098304e-06,,,,,0,0,1,0
fatigued,,,,,keystroke,,,,,1.343964049194958e-05,5.706551409179564e-06,0.9983689013966557,0.0016119524114434315,,,,,0,0,1,0
fatigued,,,,,keystroke,,,,,2.3699283900276305e-05,7.429057343455126e-07,0.9999724048810713,3.1529292940448107e-06,,,,,0,0,1,0
fatigued,,,,,keystroke,,,,,0.00602673872219687,1.9632000965239422e-05,0.9939535738015262,5.547531191749957e-08,,,,,0,0,1,0
fatigued,,,,,keystroke,,,,,0.0007010479363765839,2.8441026383738693e-07,0.9992705223632374,2.814529012188839e-05,,,,,0,0,1,0
overloaded,,,,,keystroke,,,,,1.5212785868097852e-05,0.0019603399489309535,0.0382224027833242,0.9598020444818769,,,,,0,0,1,0
distracted,,,,,keystroke,,,,,4.756539233637351e-08,0.9999952083740401,4.699241076416782e-06,4.481949118548987e-08,,,,,0,0,1,0
fatigued,,,,,keystroke,,,,,0.0038578186472435715,8.170592275795909e-06,0.9961264304684397,7.58029204090038e-06,,,,,0,0,1,0
distracted,,,,,keystroke,,,,,6.3764777742498975e-06,0.9462695900509801,0.05348088922316276,0.00024314424808284283,,,,,0,0,1,0
distracted,,,,,keystroke,,,,,1.117133898174425e-06,0.9962123356444985,0.0037858145069296248,7.327146737691825e-07,,,,,0,0,1,0
fatigued,,,,,keystroke,,,,,0.0015022737943811459,1.332861007115021e-06,0.9984729418351191,2.3451509492655184e-05,,,,,0,0,1,0
fatigued,,,,,keystroke,,,,,3.5258146275008755e-05,5.309044316972936e-05,0.9903823252336653,0.009529326176889893,,,,,0,0,1,0
fatigued,,,,,keystroke,,,,,3.755886444735219e-07,0.21186083504051342,0.7879547292214691,0.00018406014937261708,,,,,0,0,1,0
distracted,,,,,keystroke,,,,,5.0205366728944235e-08,0.9998424348828939,0.000157480165645994,3.474609315327152e-08,,,,,0,0,1,0
fatigued,,,,,keystroke,,,,,6.932372919806368e-08,0.010208999947858271,0.9897908070378361,1.2369057672212295e-07,,,,,0,0,1,0
fatigued,,,,,keystroke,,,,,0.0042406079439617,9.728933108542306e-06,0.9957496282363574,3.4886572383881105e-08,,,,,0,0,1,0
focused,,,,,keystroke,,,,,0.9999999563823853,2.837949395873597e-09,5.096005006534561e-09,3.5683660193334716e-08,,,,,0,0,1,0
distracted,,,,,keystroke,,,,,9.454638872975571e-05,0.7978654386232402,0.20131044196490216,0.0007295730231278484,,,,,0,0,1,0
distracted,,,,,keystroke,,,,,1.0391700345100623e-07,0.99959775625937,7.335076720117381e-05,0.00032878905642549363,,,,,0,0,1,0
focused,,,,,keystroke,,,,,0.9999999633067198,1.7780518216762306e-14,2.9240484957174614e-14,3.669323303926601e-08,,,,,0,0,1,0
focused,,,,,keystroke,,,,,0.999995129041118,1.8935599908460987e-07,1.1797317809629685e-07,4.563629704873762e-06,,,,,0,0,1,0
focused,,,,,keystroke,,,,,0.9999981169782948,6.363996369375232e-07,3.4963169883566e-07,8.969903694666417e-07,,,,,0,0,1,0
focused,,,,,keystroke,,,,,0.9999983189746937,3.657687171170699e-07,2.7782185974797875e-07,1.0374347294018092e-06,,,,,0,0,1,0
focused,,,,,keystroke,,,,,0.9999764219889782,5.15521512238091e-07,6.840756941013568e-07,2.2378413815364992e-05,,,,,0,0,1,0
focused,,,,,keystroke,,,,,0.9999999110317859,5.449328638586002e-14,8.307738446630456e-14,8.896807640900954e-08,,,,,0,0,1,0
distracted,,,,,keystroke,,,,,3.3715896404745094e-08,0.9998788419329047,0.00010252135367226882,1.8602997526881744e-05,,,,,0,0,1,0
overloaded,,,,,keystroke,,,,,9.614160577035372e-06,0.06570259731666925,0.0057366736472031265,0.9285511148755504,,,,,0,0,1,0
focused,,,,,keystroke,,,,,0.926704563934934,0.0002768609077029654,0.004835591050260075,0.0681829841071028,,,,,0,0,1,0
focused,,,,,keystroke,,,,,0.9999999664842426,5.615244979180394e-11,3.264167635571448e-11,3.342696326447244e-08,,,,,0,0,1,0
distracted,,,,,keystroke,,,,,1.1429363783189254e-06,0.9999961830430073,2.5482892930906726e-06,1.257313211513019e-07,,,,,0,0,1,0
distracted,,,,,keystroke,,,,,1.812992706886043e-07,0.9993322773786883,2.7194990889135615e-07,0.0006672693721319899,,,,,0,0,1,0
overloaded,,,,,keystroke,,,,,1.7945901434268847e-10,5.310447816180597e-10,2.851767415482442e-10,0.9999999990043195,,,,,0,0,1,0
overloaded,,,,,keystroke,,,,,5.274664534101704e-07,4.817707701253114e-07,1.0347608805276535e-06,0.999997956001896,,,,,0,0,1,0
overloaded,,,,,keystroke,,,,,8.384798105670733e-08,2.4212202257836455e-07,2.1327245486565537e-07,0.9999994607575415,,,,,0,0,1,0
overloaded,,,,,keystroke,,,,,1.033824067016543e-10,3.0777903639955794e-10,1.711629598630953e-10,0.9999999994176756,,,,,0,0,1,0
overloaded,,,,,keystroke,,,,,1.2430455605036604e-07,7.377096492684789e-08,1.3601950830761948e-07,0.9999996659049707,,,,,0,0,1,0
overloaded,,,,,keystroke,,,,,2.8389798537912045e-06,6.489737165170281e-07,0.0012668591114553829,0.9987296529349742,,,,,0,0,1,0
overloaded,,,,,keystroke,,,,,1.6763126150255309e-07,1.7822273618658062e-07,3.154887222116572e-07,0.9999993386572801,,,,,0,0,1,0
overloaded,,,,,keystroke,,,,,1.3425156227240188e-14,3.972544429941259e-14,2.1335172766221748e-14,0.9999999999999255,,,,,0,0,1,0
overloaded,,,,,keystroke,,,,,1.3425094061043438e-14,3.9724849808318233e-14,2.1333963066022166e-14,0.9999999999999255,,,,,0,0,1,0
overloaded,,,,,keystroke,,,,,1.506236049598978e-09,1.3693405193710557e-09,2.9331569545195557e-09,0.9999999941912665,,,,,0,0,1,0
overloaded,,,,,keystroke,,,,,0.0016233959004543408,2.691593433850036e-05,0.008058605613718798,0.9902910825514885,,,,,0,0,1,0
overloaded,,,,,keystroke,,,,,0.0001224787552055483,0.15813379944556638,0.0032101721147963272,0.8385335496844316,,,,,0,0,1,0
distracted,,,,,keystroke,,,,,0.0001735101143406043,0.7101334235094348,0.000616449137398359,0.28907661723882644,,,,,0,0,1,0
overloaded,,,,,keystroke,,,,,7.57308771364464e-09,2.266245327536598e-08,1.2816946069451713e-08,0.9999999569475129,,,,,0,0,1,0
overloaded,,,,,keystroke,,,,,2.1920279336827349e-07,1.012477216169901e-05,0.0022257414330429785,0.9977639145920022,,,,,0,0,1,0
overloaded,,,,,keystroke,,,,,2.874004015501628e-05,3.313951575559399e-06,0.0031597190196095354,0.9968082269886599,,,,,0,0,1,0
overloaded,,,,,keystroke,,,,,0.00013706165608281176,0.16685702531531388,0.001918973308082243,0.8310869397205211,,,,,0,0,1,0
distracted,,,,,keystroke,,,,,9.893317281151212e-07,0.9982996115141521,1.5706557396398543e-06,0.0016978284983800854,,,,,0,0,1,0
distracted,,,,,keystroke,,,,,5.129595061343279e-05,0.9871307377320755,7.746500835391416e-05,0.012740501308956995,,,,,0,0,1,0
overloaded,,,,,keystroke,,,,,3.5232391352358603e-07,0.30466242891412726,0.00036495997092012884,0.6949722587910389,,,,,0,0,1,0
overloaded,,,,,keystroke,,,,,2.2818142124684523e-05,0.00024949688414494485,0.02619222571097185,0.9735354592627585,,,,,0,0,1,0
overloaded,,,,,keystroke,,,,,2.1294690067395366e-07,7.149492323334703e-05,0.01089050138881094,0.989037790741055,,,,,0,0,1,0
focused,,,,,keystroke,,,,,0.999999879783752,5.729341786128221e-14,7.930473358148643e-14,1.202161113142634e-07,,,,,0,0,1,0
focused,,,,,keystroke,,,,,0.9999998316619259,1.947897701105179e-13,1.6658589079637898e-13,1.683377127693795e-07,,,,,0,0,1,0
focused,,,,,keystroke,,,,,0.6937449199875602,0.2697959385660077,0.00672027802153049,0.029738863424901615,,,,,0,0,1,0
distracted,,,,,keystroke,,,,,0.021565137106600678,0.9764144959198914,0.0010199046452980837,0.0010004623282101857,,,,,0,0,1,0
distracted,,,,,keystroke,,,,,1.8373131838157572e-07,0.9993282591699478,2.7572435604639296e-07,0.0006712813743777894,,,,,0,0,1,0
distracted,,,,,keystroke,,,,,8.095943394769997e-08,0.9996215775535473,1.2205657821628412e-07,0.00037821943044062905,,,,,0,0,1,0
focused,,,,,keystroke,,,,,0.7968598461190818,0.19988483090547246,0.0005016882584436563,0.0027536347170021157,,,,,0,0,1,0
distracted,,,,,keystroke,,,,,2.327257530658567e-06,0.9999853505200015,1.0425843006164743e-05,1.8963794615959812e-06,,,,,0,0,1,0
distracted,,,,,keystroke,,,,,5.064886831818244e-08,0.9999998064016398,9.733148204403879e-08,4.5618009982474764e-08,,,,,0,0,1,0
distracted,,,,,keystroke,,,,,6.046841597449327e-05,0.9999341775131078,6.088330940595291e-08,5.293187608241957e-06,,,,,0,0,1,0
distracted,,,,,keystroke,,,,,4.192783730456384e-07,0.9999927927235569,3.186041519469685e-07,6.469393918055344e-06,,,,,0,0,1,0
distracted,,,,,keystroke,,,,,1.3022690784519655e-05,0.998506371703266,4.157514470501713e-05,0.0014390304612447058,,,,,0,0,1,0
focused,,,,,keystroke,,,,,0.9999999479879758,2.6102726496795548e-14,3.5832008440582516e-14,5.201196231929583e-08,,,,,0,0,1,0
focused,,,,,keystroke,,,,,0.9999999144375242,6.520236227281405e-14,3.839692706509964e-14,8.556237224680388e-08,,,,,0,0,1,0
focused,,,,,keystroke,,,,,0.9999797942762542,2.090437381732361e-09,3.186113347026402e-09,2.0200447195167893e-05,,,,,0,0,1,0
focused,,,,,keystroke,,,,,0.9643670498624284,0.029611906965661863,0.0058581273024214,0.00016291586948848736,,,,,0,0,1,0
focused,,,,,keystroke,,,,,0.9069500388957661,0.09258249142772407,0.00036370217077739573,0.00010376750573227456,,,,,0,0,1,0
focused,,,,,keystroke,,,,,0.9999995699319045,1.5718472826400757e-09,8.768367093461241e-10,4.276194113879059e-07,,,,,0,0,1,0
focused,,,,,keystroke,,,,,0.9923018106152828,0.0011595788707183883,0.006532266072409643,6.344441589465694e-06,,,,,0,0,1,0
fatigued,,,,,keystroke,,,,,0.02362367811057917,0.00612765308813051,0.965996497435278,0.00425217136601259,,,,,0,0,1,0
fatigued,,,,,keystroke,,,,,0.05718853739268844,0.006487768057816332,0.8872869195845537,0.04903677496494144,,,,,0,0,1,0
fatigued,,,,,keystroke,,,,,0.5049901988590534,0.003430410647251627,0.4912003848528548,0.0003790056408401674,,,,,0,0,1,0
focused,,,,,keystroke,,,,,0.9932049432817789,2.267133503199665e-05,0.00677230191241774,8.347077114493426e-08,,,,,0,0,1,0
overloaded,,,,,keystroke,,,,,0.0017034791006318823,0.0001363987987191958,0.021021100219627133,0.9771390218810216,,,,,0,0,1,0
overloaded,,,,,keystroke,,,,,0.009756959555254442,3.1244016737306454e-05,0.0007789468915226868,0.9894328495364857,,,,,0,0,1,0
focused,,,,,keystroke,,,,,0.9999999443663962,6.3895732999662545e-09,1.1576568575853908e-08,3.7667462001488353e-08,,,,,0,0,1,0
focused,,,,,keystroke,,,,,0.6941511482090953,0.0030461234485293035,0.30279704216137043,5.686181004657855e-06,,,,,0,0,1,0
focused,,,,,keystroke,,,,,0.9775463816003019,0.00023184496937553924,0.022221056234290413,7.171960320367126e-07,,,,,0,0,1,0
focused,,,,,keystroke,,,,,0.9999999660639736,4.8796777613263513e-14,8.734262222942719e-14,3.393589023236856e-08,,,,,0,0,1,0
focused,,,,,keystroke,,,,,0.9999999396333824,7.80236857793951e-09,1.4170811564907309e-08,3.8393437443620624e-08,,,,,0,0,1,0
focused,,,,,keystroke,,,,,0.9973546745296271,0.0013538633979318275,0.0012908326504813348,6.294219598156481e-07,,,,,0,0,1,0
focused,,,,,keystroke,,,,,0.9999999646747214,2.4403259497825848e-14,3.079124887713456e-14,3.5325223155954385e-08,,,,,0,0,1,0
focused,,,,,keystroke,,,,,0.9999982587836166,1.3117895153212243e-11,1.676548635887624e-11,1.741186499936028e-06,,,,,0,0,1,0
focused,,,,,keystroke,,,,,0.9998107396054718,4.6044868846753273e-07,5.889971610371273e-07,0.0001882109486785735,,,,,0,0,1,0
focused,,,,,keystroke,,,,,0.912535712588529,0.08140526853912115,0.006028075161949588,3.094371040074803e-05,,,,,0,0,1,0
distracted,,,,,keystroke,,,,,1.3695029045081282e-05,0.999981309808041,4.170018330836883e-06,8.251445831058398e-07,,,,,0,0,1,0
distracted,,,,,keystroke,,,,,8.918701409726993e-08,0.9999997423318853,8.579872396071634e-08,8.268237673720602e-08,,,,,0,0,1,0
distracted,,,,,keystroke,,,,,0.00045050235913427004,0.9584129634112114,0.0008730833753477683,0.040263450854306534,,,,,0,0,1,0
focused,,,,,keystroke,,,,,0.9294751630375411,0.007022894548593854,0.008459166607714785,0.05504277580615021,,,,,0,0,1,0
focused,,,,,keystroke,,,,,0.998064694153085,0.0017069226262570853,3.1431053378790582e-06,0.00022524011532007644,,,,,0,0,1,0
focused,,,,,keystroke,,,,,0.9999031782198048,3.293034187729574e-07,1.3423948742197028e-07,9.635823728902255e-05,,,,,0,0,1,0
focused,,,,,keystroke,,,,,0.9999991040825625,9.77381449046809e-13,9.462622270443415e-13,8.959155138126392e-07,,,,,0,0,1,0
focused,,,,,keystroke,,,,,0.9999958877395957,4.4660923676232365e-11,4.924095448552932e-11,4.112166502578748e-06,,,,,0,0,1,0
focused,,,,,keystroke,,,,,0.999999869328071,1.2542346461308338e-13,6.94610785025094e-14,1.3067173418280957e-07,,,,,0,0,1,0
focused,,,,,keystroke,,,,,0.9999998872300454,3.44096648344382e-14,1.9486107316641126e-14,1.1276990080537272e-07,,,,,0,0,1,0
focused,,,,,keystroke,,,,,0.999999900127915,3.5341216353597365e-14,1.7702552519880813e-14,9.98720319326419e-08,,,,,0,0,1,0
focused,,,,,keystroke,,,,,0.9999998982480911,5.050034264584583e-14,2.044232789260253e-14,1.0175183801688521e-07,,,,,0,0,1,0
focused,,,,,keystroke,,,,,0.9999998939143906,4.715094517043522e-14,2.0204225567420854e-14,1.0608554204256791e-07,,,,,0,0,1,0
focused,,,,,keystroke,,,,,0.9999075027538925,1.058902912384355e-08,5.0405022063035625e-09,9.248161657597562e-05,,,,,0,0,1,0
overloaded,,,,,keystroke,,,,,5.303473131081455e-06,0.31022920459398234,0.00041875191029321757,0.6893467400225931,,,,,0,0,1,0
overloaded,,,,,keystroke,,,,,6.621921651716194e-08,0.0003515528323023499,0.0018428667001173017,0.9978055142483637,,,,,0,0,1,0
overloaded,,,,,keystroke,,,,,0.004404011021761255,0.0006221484271650724,0.04056676474150058,0.9544070758095732,,,,,0,0,1,0
focused,,,,,keystroke,,,,,0.9998875977019136,2.1452726639199334e-08,4.6813599361434345e-08,0.00011233403176043731,,,,,0,0,1,0
focused,,,,,keystroke,,,,,0.999999713805616,1.6480441587664664e-13,3.394227261866333e-13,2.8619387972818886e-07,,,,,0,0,1,0
focused,,,,,keystroke,,,,,0.9999976369582214,1.7332497839785957e-11,2.576789903605049e-11,2.362998678221134e-06,,,,,0,0,1,0
focused,,,,,keystroke,,,,,0.998681811651831,1.4560298117523706e-06,2.381382960553978e-06,0.0013143509353968096,,,,,0,0,1,0
overloaded,,,,,keystroke,,,,,0.009377033365128696,0.020609571523776554,0.006445991513794971,0.9635674035972999,,,,,0,0,1,0
overloaded,,,,,keystroke,,,,,0.00026581220703774153,0.006988227950796237,0.0010832111006020301,0.9916627487415639,,,,,0,0,1,0
overloaded,,,,,keystroke,,,,,3.611162646767298e-08,2.9439727207918494e-08,6.450065190528652e-08,0.9999998699479945,,,,,0,0,1,0
overloaded,,,,,keystroke,,,,,3.2187732394032742e-12,2.978319407187326e-12,6.290796057357292e-12,0.9999999999875121,,,,,0,0,1,0
overloaded,,,,,keystroke,,,,,2.034274246016973e-09,1.6806839619203218e-09,3.6709730838367605e-09,0.9999999926140687,,,,,0,0,1,0
overloaded,,,,,keystroke,,,,,2.08791205900816e-09,2.334635275880927e-09,3.88101772509392e-09,0.9999999916964349,,,,,0,0,1,0
overloaded,,,,,keystroke,,,,,1.0058753357099328e-09,1.3543240836472733e-09,2.1699579746987367e-09,0.9999999954698426,,,,,0,0,1,0
overloaded,,,,,keystroke,,,,,0.002195010733378463,5.599316025068063e-06,0.002999323707105,0.9948000662434916,,,,,0,0,1,0
focused,,,,,keystroke,,,,,0.999997302796873,1.9108719384658853e-11,3.179143225237464e-11,2.697152226883232e-06,,,,,0,0,1,0
focused,,,,,keystroke,,,,,0.9999998516889212,7.650845843965497e-14,1.238118556882288e-13,1.483108785201388e-07,,,,,0,0,1,0
distracted,,,,,keystroke,,,,,3.333334053799923e-08,0.9999998166663865,1.0000002161341317e-07,5.0000251544309316e-08,,,,,0,0,1,0
overloaded,,,,,keystroke,,,,,1.3425076921726257e-14,3.972468588668589e-14,2.1333629542315993e-14,0.9999999999999255,,,,,0,0,1,0
overloaded,,,,,keystroke,,,,,0.2765360025686813,0.00024052805985397632,0.017911348903441867,0.7053121204680229,,,,,0,0,1,0
focused,,,,,keystroke,,,,,0.9999998990402232,5.038453351520481e-14,6.53388926620074e-14,1.0095966104463883e-07,,,,,0,0,1,0
overloaded,,,,,keystroke,,,,,7.650354857059703e-08,1.572010363384839e-07,8.557772806819525e-08,0.999999680717687,,,,,0,0,1,0
overloaded,,,,,keystroke,,,,,6.898129612517578e-08,1.4188404493612808e-07,5.710445177360059e-08,0.9999997320302072,,,,,0,0,1,0
focused,,,,,keystroke,,,,,0.9999683136375187,1.0772085672422504e-09,6.362789307250949e-10,3.1684648993653045e-05,,,,,0,0,1,0
focused,,,,,keystroke,,,,,0.9829020315949513,0.004560072530703344,0.002684026897026023,0.009853868977319153,,,,,0,0,1,0
focused,,,,,keystroke,,,,,0.9999578609339002,1.824452947826003e-06,1.381785610658946e-06,3.8932827541243626e-05,,,,,0,0,1,0
focused,,,,,keystroke,,,,,0.8751799324980439,0.11875487697378322,0.0018785215962929033,0.004186668931879786,,,,,0,0,1,0
distracted,,,,,keystroke,,,,,0.019639778967437748,0.9732015411502528,0.005508792811239608,0.001649887071070214,,,,,0,0,1,0
focused,,,,,keystroke,,,,,0.9966016803668492,5.302351171499961e-06,0.002270882459772369,0.0011221348222068708,,,,,0,0,1,0
focused,,,,,keystroke,,,,,0.9999999593087047,3.6670974260628514e-13,5.841118202824191e-13,4.0690344447351994e-08,,,,,0,0,1,0
focused,,,,,keystroke,,,,,0.9999999547754989,8.709319184823706e-14,1.4081107616482583e-13,4.5224273237089716e-08,,,,,0,0,1,0
distracted,,,,,keystroke,,,,,4.978658302954146e-08,0.9998993267570024,9.975407696025046e-05,8.693794543812255e-07,,,,,0,0,1,0
distracted,,,,,keystroke,,,,,3.4783891722935267e-06,0.992978202948318,0.007009618930922291,8.699731587295223e-06,,,,,0,0,1,0
focused,,,,,keystroke,,,,,0.9999996268556862,1.215567705247171e-12,2.4812136500771877e-12,3.731406170297592e-07,,,,,0,0,1,0
focused,,,,,keystroke,,,,,0.9999977783652128,7.876310140798913e-12,1.6799979043442935e-11,2.221610110907067e-06,,,,,0,0,1,0
focused,,,,,keystroke,,,,,0.6402735392882312,4.461524171104653e-05,0.008236038671116639,0.35144580679894105,,,,,0,0,1,0
focused,,,,,keystroke,,,,,0.9517598295128217,1.2410233549399954e-05,0.0036581669635506486,0.04456959329007823,,,,,0,0,1,0
focused,,,,,keystroke,,,,,0.9999886257010461,6.046268806165436e-10,1.1414950925116647e-09,1.1372552831981111e-05,,,,,0,0,1,0
focused,,,,,keystroke,,,,,0.9011085520437018,0.00017910100306821488,0.05067221491454904,0.04804013203868097,,,,,0,0,1,0
focused,,,,,keystroke,,,,,0.9997309812010463,1.9403516616947943e-07,3.712548451303627e-07,0.0002684535089423822,,,,,0,0,1,0
focused,,,,,keystroke,,,,,0.9999999640054198,1.688894244809632e-14,2.86037698005491e-14,3.599453463062148e-08,,,,,0,0,1,0
focused,,,,,keystroke,,,,,0.9999999652868542,1.6407138630307143e-14,2.8537112716424213e-14,3.471310095856637e-08,,,,,0,0,1,0
focused,,,,,keystroke,,,,,0.9999999661396852,1.5885494462677002e-14,2.8351893519436056e-14,3.38602704364186e-08,,,,,0,0,1,0
focused,,,,,keystroke,,,,,0.9999998771490727,1.0224202925268757e-13,1.7079063049737107e-13,1.2285065433483129e-07,,,,,0,0,1,0
focused,,,,,keystroke,,,,,0.9999999454268542,2.912948240502182e-14,4.589246775722031e-14,5.457307076881088e-08,,,,,0,0,1,0
focused,,,,,keystroke,,,,,0.99999986576305,1.200198119353766e-13,1.970332717161298e-13,1.3423663306936528e-07,,,,,0,0,1,0
overloaded,,,,,keystroke,,,,,0.4276268766631533,0.0008675362422126525,0.07071542460280841,0.5007901624918261,,,,,0,0,1,0
focused,,,,,keystroke,,,,,0.9993063841254135,5.042816245480179e-07,1.0048387694793372e-06,0.0006921067541923758,,,,,0,0,1,0
focused,,,,,keystroke,,,,,0.999999784366401,2.1843295345304325e-13,3.4237825857496807e-13,2.1563303811013762e-07,,,,,0,0,1,0
focused,,,,,keystroke,,,,,0.9999988245344951,5.16084492882448e-12,8.020094972484e-12,1.1754523239636378e-06,,,,,0,0,1,0
focused,,,,,keystroke,,,,,0.9999984246525406,3.4095478254351275e-10,5.020395968440352e-10,1.5745044650596946e-06,,,,,0,0,1,0
distracted,,,,,keystroke,,,,,0.08423351491415969,0.8256810244487289,0.05751866383560574,0.03256679680150566,,,,,0,0,1,0
distracted,,,,,keystroke,,,,,8.849944558375434e-06,0.9995390796814038,3.3788459940486355e-07,0.0004517324894386518,,,,,0,0,1,0
distracted,,,,,keystroke,,,,,0.03042300415259526,0.9690562351855049,0.0004294674123531185,9.129324954678467e-05,,,,,0,0,1,0
focused,,,,,keystroke,,,,,0.9999999619460165,1.9035525533868242e-14,2.978756927128556e-14,3.805393474363545e-08,,,,,0,0,1,0
focused,,,,,keystroke,,,,,0.9999999636780389,3.173745718097369e-14,2.6218028108363796e-14,3.6321903185475484e-08,,,,,0,0,1,0
focused,,,,,keystroke,,,,,0.9999999651191317,3.0382395472597673e-14,1.6943178646925193e-14,3.488082095016505e-08,,,,,0,0,1,0
focused,,,,,keystroke,,,,,0.999999963059304,3.321436530347836e-14,1.953254520118119e-14,3.694064316032666e-08,,,,,0,0,1,0
focused,,,,,keystroke,,,,,0.9999999583997953,3.56781358177958e-14,2.495431264587226e-14,4.160014403236241e-08,,,,,0,0,1,0
focused,,,,,keystroke,,,,,0.9999983002137444,8.137036730623007e-08,6.12328930408347e-08,1.5571829952023135e-06,,,,,0,0,1,0
overloaded,,,,,keystroke,,,,,0.0039983646073506966,0.0008556683273539301,0.29749889659512624,0.6976470704701693,,,,,0,0,1,0
focused,,,,,keystroke,,,,,0.9999999660849386,1.5773406666836632e-14,2.8245180792373368e-14,3.3915017312394445e-08,,,,,0,0,1,0
focused,,,,,keystroke,,,,,0.9999999655036322,1.6075582388971364e-14,2.8325590766075232e-14,3.449632344979703e-08,,,,,0,0,1,0
focused,,,,,keystroke,,,,,0.9876917632685418,8.264665058984893e-05,0.012224426668250651,1.1634126174934692e-06,,,,,0,0,1,0
fatigued,,,,,keystroke,,,,,0.14267319079767674,0.19666125827701175,0.6593302808626538,0.0013352700626580762,,,,,0,0,1,0
focused,,,,,keystroke,,,,,0.9766257815216418,0.0005315123459824791,0.022841780112151062,9.260202246866555e-07,,,,,0,0,1,0
focused,,,,,keystroke,,,,,0.9999999651370312,1.6248567987878675e-14,2.836274036519056e-14,3.48629240798959e-08,,,,,0,0,1,0
focused,,,,,keystroke,,,,,0.9999999651690014,1.6253600898647244e-14,2.8395013276065145e-14,3.48309538742886e-08,,,,,0,0,1,0
focused,,,,,keystroke,,,,,0.9999998810746119,4.91266314440663e-13,7.862738833420291e-13,1.189241105720333e-07,,,,,0,0,1,0
fatigued,,,,,keystroke,,,,,0.03222046071206661,0.06913896799435457,0.8984854105621124,0.00015516073146604285,,,,,0,0,1,0
distracted,,,,,keystroke,,,,,9.661629267368423e-06,0.9945355307087997,1.743580160849327e-05,0.005437371860324348,,,,,0,0,1,0
distracted,,,,,keystroke,,,,,6.146421216710894e-07,0.9985659245657681,0.00025899578857045973,0.0011744650035398754,,,,,0,0,1,0
focused,,,,,keystroke,,,,,0.9999999666270012,6.510588865046121e-12,1.1754556903703485e-11,3.3354733725326384e-08,,,,,0,0,1,0
fatigued,,,,,keystroke,,,,,0.13525377766570723,0.0004606553826714733,0.864280809503509,4.757448112335349e-06,,,,,0,0,1,0
fatigued,,,,,keystroke,,,,,0.2659044768172671,0.00075643355195303,0.7333277195137047,1.137011707508137e-05,,,,,0,0,1,0
focused,,,,,keystroke,,,,,0.999999966087181,1.656714155021034e-14,2.8854648939776983e-14,3.391277349613524e-08,,,,,0,0,1,0
focused,,,,,keystroke,,,,,0.6097528169534429,0.008725292186937595,0.2673070895872811,0.11421480127233857,,,,,0,0,1,0
fatigued,,,,,keystroke,,,,,0.3211759036820969,0.013237897225767216,0.527079465896927,0.13850673319520904,,,,,0,0,1,0
focused,,,,,keystroke,,,,,0.999999964755359,1.6513189508558886e-14,2.849106217511449e-14,3.524459595375859e-08,,,,,0,0,1,0
distracted,,,,,keystroke,,,,,4.83057984496738e-07,0.9999917916182834,7.590123188911209e-06,1.3520054311417525e-07,,,,,0,0,1,0
focused,,,,,keystroke,,,,,0.9999999663858212,1.5616761474828868e-14,2.8208277354368402e-14,3.3614134858426754e-08,,,,,0,0,1,0
focused,,,,,keystroke,,,,,0.9999999235297619,5.993778907316255e-11,6.412629858876335e-11,7.634617426333583e-08,,,,,0,0,1,0
focused,,,,,keystroke,,,,,0.7181561195834995,0.2817499031651969,8.426815428931479e-05,9.709097014733342e-06,,,,,0,0,1,0
focused,,,,,keystroke,,,,,0.9999994902066281,1.4296806972954995e-07,8.778520947924405e-08,2.790400927632095e-07,,,,,0,0,1,0
focused,,,,,keystroke,,,,,0.9999999651172233,6.232912499207502e-10,6.666065040571605e-10,3.359287878633472e-08,,,,,0,0,1,0
focused,,,,,keystroke,,,,,0.9999999656524597,4.935041007094481e-10,3.2206600286204996e-10,3.353197015487393e-08,,,,,0,0,1,0
focused,,,,,keystroke,,,,,0.9999999654557097,1.635541404952701e-14,2.8550641858985446e-14,3.454424550058631e-08,,,,,0,0,1,0
focused,,,,,keystroke,,,,,0.9999999649738678,1.64625007745024e-14,2.851117211324796e-14,3.502608724174155e-08,,,,,0,0,1,0
focused,,,,,keystroke,,,,,0.9999401351347608,3.919369281644761e-09,7.962614448006862e-09,5.9852983255625854e-05,,,,,0,0,1,0
overloaded,,,,,keystroke,,,,,1.726788600988526e-05,4.456617520503162e-06,0.0015660369262749788,0.9984122385701948,,,,,0,0,1,0
focused,,,,,keystroke,,,,,0.5230031234173962,0.025095314603800243,0.37280351651335686,0.07909804546544649,,,,,0,0,1,0
focused,,,,,keystroke,,,,,0.9999999579108833,1.8458394209062405e-14,2.927079214671959e-14,4.2089069099940186e-08,,,,,0,0,1,0
focused,,,,,keystroke,,,,,0.9999998564264817,4.682400523545816e-09,8.383957365142967e-09,1.3050716028222502e-07,,,,,0,0,1,0
focused,,,,,keystroke,,,,,0.9979576716769268,3.4513897049542305e-06,0.002038772989130736,1.0394423751865625e-07,,,,,0,0,1,0
focused,,,,,keystroke,,,,,0.9999998236539858,4.1266363582542714e-08,7.478542916426784e-08,6.029422142937284e-08,,,,,0,0,1,0
focused,,,,,keystroke,,,,,0.9999995593637879,1.1750308750012448e-07,2.1355941157142782e-07,1.0957371295463399e-07,,,,,0,0,1,0
focused,,,,,keystroke,,,,,0.9999999615031566,5.565338322500545e-12,9.055552525134381e-12,3.8482222410565715e-08,,,,,0,0,1,0
focused,,,,,keystroke,,,,,0.9979184252428429,2.191789834650111e-05,0.0020476118160211044,1.20450427894778e-05,,,,,0,0,1,0
distracted,,,,,keystroke,,,,,3.438953088639651e-08,0.9999581948770188,5.192080652114248e-07,4.125152538505311e-05,,,,,0,0,1,0
focused,,,,,keystroke,,,,,0.9922892191093703,0.006011316247025986,0.00038779777747160874,0.0013116668661323212,,,,,0,0,1,0
overloaded,,,,,keystroke,,,,,0.12762476906281886,0.012253205582657222,0.09674435440237004,0.7633776709521537,,,,,0,0,1,0
focused,,,,,keystroke,,,,,0.9417801498710565,1.4953483828192575e-05,0.002742896345866834,0.055462000299248665,,,,,0,0,1,0
focused,,,,,keystroke,,,,,0.9999994329038903,9.94344768895398e-13,1.5556530786729286e-12,5.67093559805827e-07,,,,,0,0,1,0
focused,,,,,keystroke,,,,,0.9999945056006171,9.971069825088666e-11,1.4585756197731938e-10,5.4941538147629355e-06,,,,,0,0,1,0
focused,,,,,keystroke,,,,,0.9997863056440695,4.333706520282407e-08,5.96177516427729e-08,0.0002135914011138565,,,,,0,0,1,0
focused,,,,,keystroke,,,,,0.8323366959117013,7.88768771806482e-05,0.0001753238748977916,0.16740910333622022,,,,,0,0,1,0
overloaded,,,,,keystroke,,,,,0.33230422653471847,0.010288098713506258,0.003085800837947267,0.6543218739138278,,,,,0,0,1,0
focused,,,,,keystroke,,,,,0.9998342365844869,3.0314520717076506e-07,1.8133521900292626e-07,0.00016527893508695623,,,,,0,0,1,0
focused,,,,,keystroke,,,,,0.9999996769444099,1.3561517425423993e-13,2.1317435511355754e-13,3.23055241301298e-07,,,,,0,0,1,0
focused,,,,,keystroke,,,,,0.9999673012415464,4.538653004356138e-09,9.590817865265609e-09,3.268462898269859e-05,,,,,0,0,1,0
focused,,,,,keystroke,,,,,0.9999990843457978,1.1770093512350822e-11,2.109974131889445e-11,9.156213323814827e-07,,,,,0,0,1,0
focused,,,,,keystroke,,,,,0.9999999630027576,1.7543057430313503e-12,2.923991685389958e-12,3.6992564069548776e-08,,,,,0,0,1,0
focused,,,,,keystroke,,,,,0.999999966248062,6.073900355081197e-13,1.0927225814289375e-12,3.3750237775604684e-08,,,,,0,0,1,0
focused,,,,,keystroke,,,,,0.9999999635277353,1.9577531529416093e-14,3.296616730194716e-14,3.64722120818187e-08,,,,,0,0,1,0
focused,,,,,keystroke,,,,,0.9999998707793077,2.331607460169634e-12,3.700208529545943e-12,1.292146604439556e-07,,,,,0,0,1,0
distracted,,,,,keystroke,,,,,3.333334528160201e-08,0.99987653524263,0.00012334015327440155,9.127075031673221e-08,,,,,0,0,1,0
focused,,,,,keystroke,,,,,0.9999996773066827,1.8715684045385315e-08,2.9795697055530183e-08,2.7418193611559985e-07,,,,,0,0,1,0
focused,,,,,keystroke,,,,,0.9999996390429182,1.1687554365362192e-09,2.157191167376136e-09,3.576311351916238e-07,,,,,0,0,1,0
focused,,,,,keystroke,,,,,0.9999999602237091,2.8215266990925717e-13,4.862577274824312e-13,3.977552245790936e-08,,,,,0,0,1,0
focused,,,,,keystroke,,,,,0.9999999655223034,3.6582241207498384e-13,6.440305661077529e-13,3.4476686714508354e-08,,,,,0,0,1,0
focused,,,,,keystroke,,,,,0.9999995118054007,7.668375046933689e-09,1.2917366062135609e-08,4.6760885821965494e-07,,,,,0,0,1,0
focused,,,,,keystroke,,,,,0.9870776541120371,0.0029580096804528995,0.009948484819908345,1.585138760167332e-05,,,,,0,0,1,0
focused,,,,,keystroke,,,,,0.9999997122675449,8.167080911157625e-08,7.654371429744721e-08,1.295179316322036e-07,,,,,0,0,1,0
focused,,,,,keystroke,,,,,0.8248446281636134,0.00743558523458448,0.16768145822586916,3.832837593306462e-05,,,,,0,0,1,0
focused,,,,,keystroke,,,,,0.923512768014731,0.0024421278636554415,0.07401384454112771,3.1259580485906095e-05,,,,,0,0,1,0
focused,,,,,keystroke,,,,,0.9999999658456667,1.593881196836729e-14,2.830720046832454e-14,3.415428909014165e-08,,,,,0,0,1,0
distracted,,,,,keystroke,,,,,3.387031167436002e-08,0.9999659667686498,7.694486394054229e-08,3.3922416174549566e-05,,,,,0,0,1,0
distracted,,,,,keystroke,,,,,9.383367865032461e-08,0.9995965998605517,5.239228888008235e-07,0.00040278238288078607,,,,,0,0,1,0
distracted,,,,,keystroke,,,,,5.048856732785216e-07,0.9978157894020404,0.0021818339224322406,1.871789853945543e-06,,,,,0,0,1,0
distracted,,,,,keystroke,,,,,5.051280092568306e-08,0.9999925770939784,7.338061033800256e-06,3.43321867869336e-08,,,,,0,0,1,0
distracted,,,,,keystroke,,,,,0.23528805144850728,0.7642055273142306,0.00048578061990342373,2.0640617358668783e-05,,,,,0,0,1,0
focused,,,,,keystroke,,,,,0.9938760337449314,0.0022015163853268817,0.0030207667873423123,0.0009016830823996308,,,,,0,0,1,0
focused,,,,,keystroke,,,,,0.9991244474015964,9.26198258785996e-07,1.778838731150539e-06,0.0008728475614137402,,,,,0,0,1,0
distracted,,,,,keystroke,,,,,5.221460863634782e-06,0.9998661643870648,4.599355653920283e-08,0.00012856815851513444,,,,,0,0,1,0
distracted,,,,,keystroke,,,,,3.1529345467719865e-07,0.9999978725041505,4.264644734626701e-08,1.769555947321451e-06,,,,,0,0,1,0
distracted,,,,,keystroke,,,,,3.4143181822091875e-08,0.999985968544941,1.3945289658959088e-05,5.2022218304789716e-08,,,,,0,0,1,0
distracted,,,,,keystroke,,,,,3.508899860330372e-08,0.9997541472620648,0.00024575137768781836,6.627124851647111e-08,,,,,0,0,1,0
focused,,,,,keystroke,,,,,0.9999999602523534,3.447148363679066e-14,2.574560298406867e-14,3.974758639215627e-08,,,,,0,0,1,0
distracted,,,,,keystroke,,,,,3.3455807623738876e-08,0.9999901855892834,1.0036203393111708e-07,9.680592874994716e-06,,,,,0,0,1,0
distracted,,,,,keystroke,,,,,3.3333343371788964e-08,0.9996979815060847,0.00030193516055948647,5.000001256309595e-08,,,,,0,0,1,0
focused,,,,,keystroke,,,,,0.38170734842507714,1.8034197763043294e-05,0.618274582194931,3.5182228884594236e-08,,,,,0,0,1,0
fatigued,,,,,keystroke,,,,,0.0067066434152531955,2.4601322921459223e-05,0.9932672048627189,1.5503991063254677e-06,,,,,0,0,1,0
focused,,,,,keystroke,,,,,0.9967617727555229,0.00261790116438689,0.0005697584960660477,5.0567584024246294e-05,,,,,0,0,1,0
focused,,,,,keystroke,,,,,0.9999999608387165,1.7969553960057987e-14,2.896296360696344e-14,3.916123645084313e-08,,,,,0,0,1,0
focused,,,,,keystroke,,,,,0.9999999544463748,1.278743539139131e-13,2.217983397517594e-13,4.555327551769642e-08,,,,,0,0,1,0
focused,,,,,keystroke,,,,,0.9929037843925906,0.004593292451871516,0.0007459831022813665,0.0017569400532565802,,,,,0,0,1,0
overloaded,,,,,keystroke,,,,,0.455407265267124,0.0611673617207704,0.22511381006281514,0.25831156294929036,,,,,0,0,1,0
focused,,,,,keystroke,,,,,0.979002004949733,0.007895051227534132,0.0015624960546121282,0.011540447768120922,,,,,0,0,1,0
distracted,,,,,keystroke,,,,,0.29168513669936624,0.7080690529009971,5.542542895964727e-05,0.00019038497067697804,,,,,0,0,1,0
distracted,,,,,keystroke,,,,,0.184997385924945,0.813581244932006,0.0007837749918144786,0.0006375941512342127,,,,,0,0,1,0
distracted,,,,,keystroke,,,,,0.0011530511059510621,0.6618026850718879,0.12383883220661236,0.21320543161554883,,,,,0,0,1,0
distracted,,,,,keystroke,,,,,9.223720098437905e-08,0.40132596438227713,0.5795326984446701,0.01914124493585184,,,,,0,0,1,0
focused,,,,,keystroke,,,,,0.9999745840985871,2.6652996718937525e-09,2.480458264425666e-09,2.5410755654855565e-05,,,,,0,0,1,0
overloaded,,,,,keystroke,,,,,4.1046901641918084e-08,1.1410238427945878e-07,6.311370502636112e-08,0.9999997817370091,,,,,0,0,1,0
distracted,,,,,keystroke,,,,,0.002389316066118748,0.8248226438294076,0.0008767736839144825,0.17191126642055893,,,,,0,0,1,0
focused,,,,,keystroke,,,,,0.9999999662789091,1.6307400360320372e-14,2.8685252024975316e-14,3.372104585344013e-08,,,,,0,0,1,0
focused,,,,,keystroke,,,,,0.9999999664943259,1.5660336018603258e-14,2.8273449696954334e-14,3.350563010457031e-08,,,,,0,0,1,0
focused,,,,,keystroke,,,,,0.9999999665669359,1.5718222315965774e-14,2.8337836891193832e-14,3.34330198851924e-08,,,,,0,0,1,0
focused,,,,,keystroke,,,,,0.9999999665018872,1.6583762906619257e-14,2.8915904377217145e-14,3.349806733279399e-08,,,,,0,0,1,0
focused,,,,,keystroke,,,,,0.9999995260142305,1.892390669133649e-08,1.0388022915202429e-08,4.4467383992717563e-07,,,,,0,0,1,0
focused,,,,,keystroke,,,,,0.9999958442837633,2.4905510634416296e-08,1.407005325097194e-08,4.116740672847175e-06,,,,,0,0,1,0
focused,,,,,keystroke,,,,,0.9999999647262261,1.9904042018402194e-14,3.0341247901960357e-14,3.5273723631691056e-08,,,,,0,0,1,0
focused,,,,,keystroke,,,,,0.9999999621113098,2.1949555224348465e-14,3.133680375688691e-14,3.788863692273239e-08,,,,,0,0,1,0
distracted,,,,,keystroke,,,,,3.3333340538007e-08,0.9999998166666272,5.000001080700914e-08,1.0000002161402114e-07,,,,,0,0,1,0
distracted,,,,,keystroke,,,,,3.3333340538007e-08,0.9999998166666272,5.000001080700914e-08,1.0000002161402114e-07,,,,,0,0,1,0
distracted,,,,,keystroke,,,,,3.3333340538007e-08,0.9999998166666272,5.000001080700914e-08,1.0000002161402114e-07,,,,,0,0,1,0
distracted,,,,,keystroke,,,,,3.3737416578165426e-08,0.9999650459183724,5.0606124826885636e-08,3.486973808640968e-05,,,,,0,0,1,0
distracted,,,,,keystroke,,,,,3.333363077559027e-08,0.9999989322052057,5.0000446163352065e-08,9.844607173477688e-07,,,,,0,0,1,0
distracted,,,,,keystroke,,,,,3.3333340538007e-08,0.9999998166666272,5.000001080700914e-08,1.0000002161402114e-07,,,,,0,0,1,0
distracted,,,,,keystroke,,,,,3.3333340538007e-08,0.9999998166666272,5.000001080700914e-08,1.0000002161402114e-07,,,,,0,0,1,0
focused,,,,,keystroke,,,,,0.9999999400569889,6.127205515306032e-14,1.0654549107206525e-13,5.994284328104827e-08,,,,,0,0,1,0
focused,,,,,keystroke,,,,,0.7417308311647575,0.16031416223678024,0.021558670988596765,0.07639633560986529,,,,,0,0,1,0
overloaded,,,,,keystroke,,,,,1.34251671824299e-14,3.972476317621743e-14,2.1333747983779312e-14,0.9999999999999255,,,,,0,0,1,0
overloaded,,,,,keystroke,,,,,3.172663512192662e-14,2.776107349653714e-14,1.686228161768696e-14,0.9999999999999236,,,,,0,0,1,0
overloaded,,,,,keystroke,,,,,1.903981826934696e-14,4.212493528604002e-14,1.7750205151215798e-14,0.9999999999999211,,,,,0,0,1,0
overloaded,,,,,keystroke,,,,,1.903683746421295e-14,4.212542454389763e-14,1.7742452600159964e-14,0.9999999999999211,,,,,0,0,1,0
overloaded,,,,,keystroke,,,,,3.5865086351625324e-14,3.327957751525025e-14,1.87411985295275e-14,0.9999999999999122,,,,,0,0,1,0
focused,,,,,keystroke,,,,,0.9997943883084074,3.9352868283456413e-07,2.1288199062154378e-07,0.00020500528091926408,,,,,0,0,1,0
distracted,,,,,keystroke,,,,,0.026682311781552812,0.9725777115720801,0.0007337850112251743,6.191635141988158e-06,,,,,0,0,1,0
distracted,,,,,keystroke,,,,,0.0024390057047583794,0.9975099728606954,4.043863507163031e-05,1.0582799474416403e-05,,,,,0,0,1,0
distracted,,,,,keystroke,,,,,0.04014573794361997,0.9575713385110152,9.746334462497696e-05,0.0021854602007396716,,,,,0,0,1,0
focused,,,,,keystroke,,,,,0.9950850054796841,0.002472287635695212,0.0002886043271330243,0.0021541025574879063,,,,,0,0,1,0
focused,,,,,keystroke,,,,,0.9999999655789846,1.7190781895426852e-14,2.917202214597204e-14,3.442096915307021e-08,,,,,0,0,1,0
focused,,,,,keystroke,,,,,0.9999999632601271,2.6488117490632533e-14,3.082683948231585e-14,3.6739815554843354e-08,,,,,0,0,1,0
focused,,,,,keystroke,,,,,0.9999999647250892,2.9792773167472126e-14,2.7511242771242645e-14,3.5274853438655274e-08,,,,,0,0,1,0
distracted,,,,,keystroke,,,,,2.8287227183145985e-05,0.9905763863125179,4.228115713528026e-05,0.009353045303163752,,,,,0,0,1,0
distracted,,,,,keystroke,,,,,3.3813442443084035e-08,0.9999619109429095,5.072016361671747e-08,3.8004523484441705e-05,,,,,0,0,1,0
distracted,,,,,keystroke,,,,,3.3333340538007e-08,0.9999998166666272,5.000001080700914e-08,1.0000002161402114e-07,,,,,0,0,1,0
distracted,,,,,keystroke,,,,,3.3333340538001844e-08,0.9999998166664726,5.0000088034505534e-08,1.0000009884115751e-07,,,,,0,0,1,0
distracted,,,,,keystroke,,,,,3.3333340538007e-08,0.9999998166666272,5.000001080700914e-08,1.0000002161402114e-07,,,,,0,0,1,0
distracted,,,,,keystroke,,,,,3.3333340538007e-08,0.9999998166666272,5.000001080700914e-08,1.0000002161402114e-07,,,,,0,0,1,0
distracted,,,,,keystroke,,,,,3.3333340538007e-08,0.9999998166666272,5.000001080700914e-08,1.0000002161402114e-07,,,,,0,0,1,0
distracted,,,,,keystroke,,,,,3.3333340538007e-08,0.9999998166666272,5.000001080700914e-08,1.0000002161402114e-07,,,,,0,0,1,0
distracted,,,,,keystroke,,,,,3.3333340538007e-08,0.9999998166666272,5.000001080700914e-08,1.0000002161402114e-07,,,,,0,0,1,0
distracted,,,,,keystroke,,,,,2.7856467001800805e-05,0.8430100600095386,9.587811944864934e-05,0.15686620540401083,,,,,0,0,1,0
distracted,,,,,keystroke,,,,,5.597458050384972e-08,0.9997390410201686,8.396186028161761e-08,0.00026081904339054693,,,,,0,0,1,0
focused,,,,,keystroke,,,,,0.999996887864252,6.203992629883521e-08,1.0558586067009614e-07,2.944509960914675e-06,,,,,0,0,1,0
focused,,,,,keystroke,,,,,0.9999961009734334,3.7856387903405074e-11,7.85991387351908e-11,3.898910111202589e-06,,,,,0,0,1,0
focused,,,,,keystroke,,,,,0.9999547776181733,2.7583059527871877e-09,5.9217120293485435e-09,4.521370180875052e-05,,,,,0,0,1,0
focused,,,,,keystroke,,,,,0.9529171746056816,0.02030810526666894,0.026145564760297377,0.0006291553673523084,,,,,0,0,1,0
distracted,,,,,keystroke,,,,,0.0004903617785011697,0.9725900517299563,0.023631286653141688,0.003288299838400727,,,,,0,0,1,0
focused,,,,,keystroke,,,,,0.9998899272515068,5.7256312352926574e-08,8.790690556384456e-08,0.00010992758527528426,,,,,0,0,1,0
focused,,,,,keystroke,,,,,0.9999999663523752,1.58211107358009e-14,2.8369387769073885e-14,3.364758045540742e-08,,,,,0,0,1,0
distracted,,,,,keystroke,,,,,0.1807861365637675,0.8164422829945737,0.0027492073156938743,2.2373125964996135e-05,,,,,0,0,1,0
distracted,,,,,keystroke,,,,,0.06794371298372198,0.9299683231384193,0.0020768089496698283,1.1154928189010425e-05,,,,,0,0,1,0
focused,,,,,keystroke,,,,,0.999999810881173,4.2917298716528095e-10,6.543545855096789e-10,1.880352994233434e-07,,,,,0,0,1,0
focused,,,,,keystroke,,,,,0.9999993977760777,5.5704978131501065e-09,5.345687174978877e-09,5.913077373331407e-07,,,,,0,0,1,0
distracted,,,,,keystroke,,,,,3.333820371224902e-08,0.9999979439038502,1.0001461132720204e-07,1.9227433348141885e-06,,,,,0,0,1,0
overloaded,,,,,keystroke,,,,,0.014476356257661329,7.369457246502066e-05,0.0027940437544629443,0.9826559054154109,,,,,0,0,1,0
overloaded,,,,,keystroke,,,,,8.882143334936638e-11,7.00728583098606e-11,1.540601978151221e-10,0.9999999996870456,,,,,0,0,1,0
focused,,,,,keystroke,,,,,0.9940252599762042,3.337068718939665e-05,3.375489675554067e-05,0.0059076144398510265,,,,,0,0,1,0
focused,,,,,keystroke,,,,,0.9999999494365893,4.195515207159518e-14,2.485872020856787e-14,5.056334384656128e-08,,,,,0,0,1,0
focused,,,,,keystroke,,,,,0.9972337416800362,0.0023476665063153898,4.2220408669207076e-05,0.00037637140497921284,,,,,0,0,1,0
overloaded,,,,,keystroke,,,,,0.1547888204460276,0.010781803318329463,0.00025688661580889894,0.8341724896198338,,,,,0,0,1,0
focused,,,,,keystroke,,,,,0.8523334903428391,0.08785704101765245,0.001033894542056544,0.0587755740974523,,,,,0,0,1,0
focused,,,,,keystroke,,,,,0.9941328518183765,0.003560129290432558,9.809027236509897e-05,0.0022089286188260145,,,,,0,0,1,0
focused,,,,,keystroke,,,,,0.9998995617216665,1.1506351219860504e-08,8.811471123079002e-09,0.00010041796051126601,,,,,0,0,1,0
focused,,,,,keystroke,,,,,0.9999843274314932,3.985766730360805e-10,5.291484221980696e-10,1.567164078160512e-05,,,,,0,0,1,0
distracted,,,,,keystroke,,,,,0.01254089379381882,0.8413008180243168,0.13044970842445,0.015708579757414482,,,,,0,0,1,0
distracted,,,,,keystroke,,,,,0.014885157171601457,0.9031644339057181,0.025942712694196946,0.05600769622848355,,,,,0,0,1,0
focused,,,,,keystroke,,,,,0.9999999659004939,1.6474308313164872e-14,2.872898993907045e-14,3.409946080282816e-08,,,,,0,0,1,0
focused,,,,,keystroke,,,,,0.9999999658793081,3.2276752638889865e-10,3.200102048108176e-10,3.347791424000128e-08,,,,,0,0,1,0
focused,,,,,keystroke,,,,,0.9072266181998059,0.09193356683769204,0.0008344487056267481,5.3662568753650874e-06,,,,,0,0,1,0
focused,,,,,keystroke,,,,,0.9999999666285156,3.953909163585878e-13,6.195495186351754e-13,3.337046952215312e-08,,,,,0,0,1,0
focused,,,,,keystroke,,,,,0.999999966284901,1.5663753434740553e-14,2.8215423345947414e-14,3.3715055190084386e-08,,,,,0,0,1,0
focused,,,,,keystroke,,,,,0.9999999665992203,1.379028248433421e-13,2.4594044845423805e-13,3.3400395958103125e-08,,,,,0,0,1,0
focused,,,,,keystroke,,,,,0.9921502849384887,0.007590424708763551,0.00025487863167574935,4.411721072212209e-06,,,,,0,0,1,0
focused,,,,,keystroke,,,,,0.9999999528661953,2.2663086467075478e-14,3.2675869643489086e-14,4.7133749358875035e-08,,,,,0,0,1,0
focused,,,,,keystroke,,,,,0.9999999645153421,2.8432603365830985e-14,2.90357757059521e-14,3.5484600494487645e-08,,,,,0,0,1,0
focused,,,,,keystroke,,,,,0.9999999642865065,3.189565830735195e-14,2.373502645265095e-14,3.571343776276298e-08,,,,,0,0,1,0
focused,,,,,keystroke,,,,,0.9999999635295626,3.276169612436219e-14,2.2562219740704903e-14,3.6470382065317514e-08,,,,,0,0,1,0
focused,,,,,keystroke,,,,,0.9999999654837826,2.793366181491327e-14,2.8456385062015575e-14,3.4516161000604634e-08,,,,,0,0,1,0
focused,,,,,keystroke,,,,,0.9999999647115941,2.781812738485557e-14,2.938850880354079e-14,3.528834862783684e-08,,,,,0,0,1,0
focused,,,,,keystroke,,,,,0.9999992688982029,9.320527655693676e-13,2.0157487466585872e-12,7.310988492771613e-07,,,,,0,0,1,0
focused,,,,,keystroke,,,,,0.9998175726882434,3.583211613263783e-08,7.123942866526063e-08,0.00018232024021183705,,,,,0,0,1,0
focused,,,,,keystroke,,,,,0.9999999015916661,2.6275407089089275e-11,1.5308295104418283e-11,9.836675027904508e-08,,,,,0,0,1,0
focused,,,,,keystroke,,,,,0.9999999664073139,1.154568621881117e-12,6.343502402806286e-13,3.359089710024771e-08,,,,,0,0,1,0
focused,,,,,keystroke,,,,,0.9999993100867188,8.012653048445942e-12,1.0416456873039994e-11,6.898948520170065e-07,,,,,0,0,1,0
distracted,,,,,keystroke,,,,,1.708478464309197e-05,0.9999642679441404,1.4799985139234391e-05,3.847286077363574e-06,,,,,0,0,1,0
distracted,,,,,keystroke,,,,,6.995229403224452e-06,0.9999928691073586,9.582446121476272e-08,3.9838776841234634e-08,,,,,0,0,1,0
focused,,,,,keystroke,,,,,0.9999965983157587,1.012868607614759e-06,5.55052349702637e-07,1.8337632838390611e-06,,,,,0,0,1,0
focused,,,,,keystroke,,,,,0.9999999662639705,2.7047991643097665e-14,2.830854373887503e-14,3.3735974157527895e-08,,,,,0,0,1,0
focused,,,,,keystroke,,,,,0.9999999650695276,2.181230047063653e-14,3.0681105901833276e-14,3.493042005173661e-08,,,,,0,0,1,0
focused,,,,,keystroke,,,,,0.9999999593786824,3.502655039897974e-14,1.9987139746551865e-14,4.062126267798978e-08,,,,,0,0,1,0
focused,,,,,keystroke,,,,,0.9999999663122864,1.5657758733506153e-14,2.8218463870518874e-14,3.3687669690657504e-08,,,,,0,0,1,0
focused,,,,,keystroke,,,,,0.9999999666184667,1.0113022970738316e-11,1.8416107220213688e-11,3.335300417620557e-08,,,,,0,0,1,0
focused,,,,,keystroke,,,,,0.9630382471309391,0.008449388892149544,0.02838144834476397,0.00013091563214705421,,,,,0,0,1,0
focused,,,,,keystroke,,,,,0.8911211919397422,0.0346320567025989,0.07325965403812464,0.0009870973195341651,,,,,0,0,1,0
focused,,,,,keystroke,,,,,0.9925558517298183,0.0037573050411158723,0.003682980841797784,3.862387267995932e-06,,,,,0,0,1,0
focused,,,,,keystroke,,,,,0.9999975192338385,2.0820618847899464e-07,3.5548369933974404e-07,1.9170762735998116e-06,,,,,0,0,1,0
focused,,,,,keystroke,,,,,0.9907427578819055,3.207784800171365e-05,0.008370506391162736,0.000854657878930242,,,,,0,0,1,0
distracted,,,,,keystroke,,,,,4.080895869888464e-08,0.9999550396560211,2.630630690843179e-05,1.861322811176419e-05,,,,,0,0,1,0
distracted,,,,,keystroke,,,,,5.243214521734655e-07,0.9947317463224555,0.0052604882877221055,7.241068370167562e-06,,,,,0,0,1,0
distracted,,,,,keystroke,,,,,0.5387326955518308,0.4533925133900405,0.007636080538572443,0.00023871051955620917,,,,,0,0,1,0
focused,,,,,keystroke,,,,,0.4690381637979119,0.4991408809039104,0.03172773703838555,9.321825979232447e-05,,,,,0,0,1,0
focused,,,,,keystroke,,,,,0.9981951992662458,0.00022014461678618237,0.0015833483918954291,1.3077250726482069e-06,,,,,0,0,1,0
focused,,,,,keystroke,,,,,0.999999966395729,1.571299912011859e-14,2.8291950112147544e-14,3.3604227156934596e-08,,,,,0,0,1,0
focused,,,,,keystroke,,,,,0.9999998904155518,5.7343500665519927e-11,8.527932239939327e-11,1.0944182521350775e-07,,,,,0,0,1,0
overloaded,,,,,keystroke,,,,,4.774944530038871e-07,0.0008830304821041829,0.009177771437862912,0.9899387205855799,,,,,0,0,1,0
overloaded,,,,,keystroke,,,,,3.335981626092089e-08,3.7006065280937565e-06,0.0014451482079540507,0.9985511178257015,,,,,0,0,1,0
focused,,,,,keystroke,,,,,0.9650205912975867,9.744821204590354e-06,0.003215578855581848,0.03175408502562723,,,,,0,0,1,0
focused,,,,,keystroke,,,,,0.6267049441667795,0.2841706345904727,0.08401900570205915,0.005105415540688747,,,,,0,0,1,0
distracted,,,,,keystroke,,,,,7.615280571264092e-07,0.9999805155385363,1.6303287613466832e-05,2.4196457931036015e-06,,,,,0,0,1,0
focused,,,,,keystroke,,,,,0.999998990109638,4.1515766811637906e-08,7.345741031376243e-08,8.949171847289577e-07,,,,,0,0,1,0
focused,,,,,keystroke,,,,,0.9999999655668493,1.9115415291282005e-14,3.37470840528311e-14,3.4433097873550196e-08,,,,,0,0,1,0
focused,,,,,keystroke,,,,,0.9355745741022072,0.010953192098474802,0.05343774362017021,3.449017914788247e-05,,,,,0,0,1,0
focused,,,,,keystroke,,,,,0.9744350148983609,0.0028198552573365813,0.02274048603989989,4.643804402591891e-06,,,,,0,0,1,0
focused,,,,,keystroke,,,,,0.9291304566181914,0.020743253101674936,0.05004507197162314,8.121830851026839e-05,,,,,0,0,1,0
distracted,,,,,keystroke,,,,,0.06667591528409432,0.9227704669282835,0.010520081871549956,3.353591607235244e-05,,,,,0,0,1,0
focused,,,,,keystroke,,,,,0.99999996659568,8.511833837322848e-13,1.5458042392114813e-12,3.340192300212185e-08,,,,,0,0,1,0
focused,,,,,keystroke,,,,,0.9999999658827552,1.0604640204585762e-13,1.8884512591170092e-13,3.411694994468307e-08,,,,,0,0,1,0
focused,,,,,keystroke,,,,,0.9999993287217808,1.7850468349732267e-07,3.0695054161372353e-07,1.8582299412909445e-07,,,,,0,0,1,0
focused,,,,,keystroke,,,,,0.4268502811828975,0.32506605495432417,0.23325062060181004,0.014833043260968157,,,,,0,0,1,0
distracted,,,,,keystroke,,,,,3.853244660452296e-05,0.9992590144243388,0.00038738012473464605,0.0003150730043221049,,,,,0,0,1,0
distracted,,,,,keystroke,,,,,0.009536431337452519,0.9757384612875003,0.0026216543452111845,0.012103453029836168,,,,,0,0,1,0
focused,,,,,keystroke,,,,,0.9996308605214046,1.23928036128466e-07,2.2446392622185216e-07,0.0003687910866330229,,,,,0,0,1,0
focused,,,,,keystroke,,,,,0.9999999619928817,1.7570191721742974e-14,2.8794746686397877e-14,3.800707204142203e-08,,,,,0,0,1,0
focused,,,,,keystroke,,,,,0.9999999665624942,1.5514000373521197e-14,2.8178786676305774e-14,3.34374620816262e-08,,,,,0,0,1,0
focused,,,,,keystroke,,,,,0.9999998941915619,1.3238196201352033e-09,2.133889150456394e-09,1.0235072944259111e-07,,,,,0,0,1,0
focused,,,,,keystroke,,,,,0.9999999645603493,4.3486514392456734e-11,7.512995556386979e-11,3.532103412590235e-08,,,,,0,0,1,0
focused,,,,,keystroke,,,,,0.8420035930557529,0.14330060912870277,0.014620987305811678,7.481050973265574e-05,,,,,0,0,1,0
distracted,,,,,keystroke,,,,,0.03541775952151784,0.9593148512430373,0.005256377100658935,1.101213478598457e-05,,,,,0,0,1,0
focused,,,,,keystroke,,,,,0.709822443016808,0.28831585085866085,0.001557936018072891,0.0003037701064585741,,,,,0,0,1,0
focused,,,,,keystroke,,,,,0.820764732230665,0.12966993100844784,0.019774127144827267,0.02979120961605998,,,,,0,0,1,0
distracted,,,,,keystroke,,,,,4.040059840122449e-06,0.9964978686983016,6.317168474937522e-06,0.003491774073383299,,,,,0,0,1,0
distracted,,,,,keystroke,,,,,3.3334823466940405e-08,0.9999977568438713,5.000298670098574e-08,2.1598183184929785e-06,,,,,0,0,1,0
distracted,,,,,keystroke,,,,,4.468782884829839e-08,0.999999790260248,9.367680193353512e-08,7.137512122635467e-08,,,,,0,0,1,0
focused,,,,,keystroke,,,,,0.9999993870537423,1.9203468352058814e-12,2.5921922826704565e-12,6.129417452791771e-07,,,,,0,0,1,0
distracted,,,,,keystroke,,,,,0.029738357944054158,0.9694004938642351,0.0008486713185314948,1.2476873179269773e-05,,,,,0,0,1,0
distracted,,,,,keystroke,,,,,1.3730481893080858e-07,0.9996602901498841,0.00025608798319910704,8.348456209783765e-05,,,,,0,0,1,0
distracted,,,,,keystroke,,,,,0.004796651777083564,0.9809240820532471,0.012011239644661498,0.0022680265250079735,,,,,0,0,1,0
distracted,,,,,keystroke,,,,,0.046792768788857055,0.9531947318166535,1.2102141512532587e-05,3.97252976704622e-07,,,,,0,0,1,0
focused,,,,,keystroke,,,,,0.9999985116236781,5.057104379141134e-09,3.0135449433600416e-09,1.4803056725680462e-06,,,,,0,0,1,0
focused,,,,,keystroke,,,,,0.9999999661922627,1.6105055191766644e-14,2.8540397563070393e-14,3.3807692490155754e-08,,,,,0,0,1,0
distracted,,,,,keystroke,,,,,0.0003005279815390982,0.9996198549985302,7.674929337373982e-05,2.8677265568244242e-06,,,,,0,0,1,0
distracted,,,,,keystroke,,,,,4.428568128210841e-06,0.999991671434266,2.3987878010120113e-06,1.501209805036115e-06,,,,,0,0,1,0
focused,,,,,keystroke,,,,,0.6062217189906299,0.39284571582895017,0.0008746450582528042,5.792012216720302e-05,,,,,0,0,1,0
distracted,,,,,keystroke,,,,,1.1158013383543792e-05,0.9999653414536941,2.1388813091505118e-05,2.1117198307861e-06,,,,,0,0,1,0
distracted,,,,,keystroke,,,,,0.3057166476469065,0.6931600448628495,0.001017305634858072,0.0001060018553855867,,,,,0,0,1,0
distracted,,,,,keystroke,,,,,5.093752190900151e-06,0.9981833650653948,1.3565658569976005e-05,0.001797975523844353,,,,,0,0,1,0
distracted,,,,,keystroke,,,,,0.014652458271634422,0.981548380987001,0.000325768334493524,0.0034733924068708513,,,,,0,0,1,0
distracted,,,,,keystroke,,,,,0.24324259179684646,0.7476939071788484,0.004825493194340184,0.004238007829965014,,,,,0,0,1,0
distracted,,,,,keystroke,,,,,0.006390460158884225,0.9907919716843122,0.001975665284978072,0.000841902871825605,,,,,0,0,1,0
focused,,,,,keystroke,,,,,0.9877063079066596,0.01218630255244995,0.00010645762722998673,9.319136603284844e-07,,,,,0,0,1,0
focused,,,,,keystroke,,,,,0.9999999666041325,8.013384540807e-12,5.633132686710362e-12,3.3382221003437175e-08,,,,,0,0,1,0
focused,,,,,keystroke,,,,,0.9999999665950817,6.749052570417305e-12,4.78935079788209e-12,3.3393379841094636e-08,,,,,0,0,1,0
focused,,,,,keystroke,,,,,0.9999997779552416,3.189261018001337e-10,2.1578449734825972e-10,2.2151004780547782e-07,,,,,0,0,1,0
focused,,,,,keystroke,,,,,0.9999983611720957,1.659725279514356e-08,9.568222553637534e-09,1.6126624289892588e-06,,,,,0,0,1,0
distracted,,,,,keystroke,,,,,3.3357059557267e-08,0.9999853789079448,1.4537162074720828e-05,5.057292072900154e-08,,,,,0,0,1,0
distracted,,,,,keystroke,,,,,7.551306875905316e-08,0.9999957639502133,3.3526137399615563e-06,8.079229778815124e-07,,,,,0,0,1,0
distracted,,,,,keystroke,,,,,0.00039265187183112627,0.999539009499741,5.2447943953407735e-06,6.309383403273995e-05,,,,,0,0,1,0
focused,,,,,keystroke,,,,,0.9999996078713945,3.0241449955574576e-09,1.6879386563175428e-09,3.8741652185999064e-07,,,,,0,0,1,0
focused,,,,,keystroke,,,,,0.9999916975840756,4.4333231289312535e-08,2.7581144893817638e-08,8.230501548432635e-06,,,,,0,0,1,0
focused,,,,,keystroke,,,,,0.9998256614606962,8.00053279907604e-07,5.952636963446388e-07,0.00017294322232764664,,,,,0,0,1,0
focused,,,,,keystroke,,,,,0.9997128430110624,1.0660100662653817e-06,9.021129116849424e-07,0.00028518886595964586,,,,,0,0,1,0
focused,,,,,keystroke,,,,,0.9999998268242599,3.6256627817711695e-10,3.5787680939517956e-10,1.7245529724518508e-07,,,,,0,0,1,0
distracted,,,,,keystroke,,,,,5.154213901881333e-08,0.9999998142653986,9.997565171726318e-08,3.4216810550174786e-08,,,,,0,0,1,0
focused,,,,,keystroke,,,,,0.794356518438316,0.19374588579241364,0.0011991103436796613,0.0106984854255905,,,,,0,0,1,0
focused,,,,,keystroke,,,,,0.930881295869202,0.06806670499361245,0.0002738135128263272,0.0007781856243594856,,,,,0,0,1,0
distracted,,,,,keystroke,,,,,0.46725221528729965,0.5235776756082161,0.004907601385054794,0.004262507719429355,,,,,0,0,1,0
distracted,,,,,keystroke,,,,,0.00983044469678999,0.974298345073856,0.005332789971418412,0.010538420257935483,,,,,0,0,1,0
distracted,,,,,keystroke,,,,,8.002221723703166e-08,0.9999997281089394,1.5070131040845666e-07,4.116753293275953e-08,,,,,0,0,1,0
distracted,,,,,keystroke,,,,,1.588823269187933e-07,0.999984225990776,2.3750215357671823e-06,1.324010536135879e-05,,,,,0,0,1,0
focused,,,,,keystroke,,,,,0.9993761028765439,4.070132050360362e-07,7.841551012336428e-07,0.0006227059551497075,,,,,0,0,1,0
focused,,,,,keystroke,,,,,0.9752496991469214,0.0009139896569591207,0.007682984562770203,0.016153326633349434,,,,,0,0,1,0
distracted,,,,,keystroke,,,,,4.815015213393009e-06,0.9962010631280105,1.3660549867693302e-05,0.0037804613069084307,,,,,0,0,1,0
distracted,,,,,keystroke,,,,,4.61149454614473e-06,0.9985563179521397,0.00018770950196062792,0.0012513610513535773,,,,,0,0,1,0
focused,,,,,keystroke,,,,,0.9999998741340993,1.6038715976211372e-13,2.6615571023166497e-13,1.2586547416388737e-07,,,,,0,0,1,0
distracted,,,,,keystroke,,,,,4.3395086791578984e-08,0.9999949975244656,4.908767171907137e-06,5.031327545424698e-08,,,,,0,0,1,0
distracted,,,,,keystroke,,,,,3.351173211805841e-08,0.9999998163565855,1.0000002158301219e-07,5.01316607985384e-08,,,,,0,0,1,0
focused,,,,,keystroke,,,,,0.9619302675307334,0.03581706094557138,0.002146579246894601,0.00010609227680056362,,,,,0,0,1,0
distracted,,,,,keystroke,,,,,2.4953022180643476e-07,0.9999995139781253,5.010644087402619e-08,1.8638521206248926e-07,,,,,0,0,1,0
distracted,,,,,keystroke,,,,,9.826154034285597e-08,0.9999997903193648,7.758754470855085e-08,3.383155006814556e-08,,,,,0,0,1,0
focused,,,,,keystroke,,,,,0.9999999666132895,5.336476930108287e-13,9.581949464209183e-13,3.33852186419381e-08,,,,,0,0,1,0
focused,,,,,keystroke,,,,,0.9999994034616523,3.661598295836661e-12,5.3719428870650766e-12,5.965293141199552e-07,,,,,0,0,1,0
distracted,,,,,keystroke,,,,,4.37357743294816e-07,0.998930063368307,7.760447669981775e-06,0.001061738826279655,,,,,0,0,1,0
focused,,,,,keystroke,,,,,0.9999993936797891,1.651620132829119e-07,3.0113401954090795e-07,1.400241781281253e-07,,,,,0,0,1,0
distracted,,,,,keystroke,,,,,5.2330231196735754e-08,0.9999992522347892,6.620287135027988e-07,3.340626597720164e-08,,,,,0,0,1,0
distracted,,,,,keystroke,,,,,5.008831168451643e-08,0.9999998162953873,9.999994072145545e-08,3.361636047868425e-08,,,,,0,0,1,0
distracted,,,,,keystroke,,,,,8.904220263771548e-08,0.9991187753913602,0.0008810907581404196,4.480829667220678e-08,,,,,0,0,1,0
distracted,,,,,keystroke,,,,,7.285241934636339e-08,0.9994730297006489,0.0005268593851315663,3.806180011251954e-08,,,,,0,0,1,0
focused,,,,,keystroke,,,,,0.9999999624573473,1.21895268106267e-09,2.205449313399398e-09,3.4118250670168e-08,,,,,0,0,1,0
focused,,,,,keystroke,,,,,0.9999999537196677,3.758734520473649e-09,6.789182463607268e-09,3.573241538185111e-08,,,,,0,0,1,0
distracted,,,,,keystroke,,,,,4.9956793664709045e-08,0.9999998150945062,1.000000214091713e-07,3.494867868618613e-08,,,,,0,0,1,0
distracted,,,,,keystroke,,,,,4.9943212131405886e-08,0.9999998148112228,1.0000001918726761e-07,3.524554565684411e-08,,,,,0,0,1,0
distracted,,,,,keystroke,,,,,1.5493090280307584e-07,0.9988600036970957,0.001033961449969938,0.00010587992203151873,,,,,0,0,1,0
distracted,,,,,keystroke,,,,,7.640160251358253e-06,0.9951542921043908,1.2641218522599582e-05,0.004825426516835407,,,,,0,0,1,0
focused,,,,,keystroke,,,,,0.9985171124618069,8.590648903232057e-07,0.0014809342491951235,1.0942241077094307e-06,,,,,0,0,1,0
focused,,,,,keystroke,,,,,0.9999980180865568,1.4645662190025078e-07,3.1346189069068314e-07,1.5219949305762164e-06,,,,,0,0,1,0
fatigued,,,,,keystroke,,,,,0.36467544733675294,6.98122485786086e-06,0.6353142826664946,3.2887718948500692e-06,,,,,0,0,1,0
fatigued,,,,,keystroke,,,,,0.30058864561449145,3.052881853111654e-06,0.6994063200758862,1.9814277694125093e-06,,,,,0,0,1,0
focused,,,,,keystroke,,,,,0.9999997447882902,5.495604933939741e-08,9.844951753595046e-08,1.0180614296291868e-07,,,,,0,0,1,0
focused,,,,,keystroke,,,,,0.9999999650292586,1.6299569168782785e-14,2.837442166726933e-14,3.497069667312325e-08,,,,,0,0,1,0
focused,,,,,keystroke,,,,,0.999999965298166,1.616802233033062e-14,2.833970315474194e-14,3.470178944075969e-08,,,,,0,0,1,0
focused,,,,,keystroke,,,,,0.9937401504240866,1.9472502326941442e-05,0.006239870753652025,5.0631993474114e-07,,,,,0,0,1,0
focused,,,,,keystroke,,,,,0.9999982867220584,4.432050392092395e-07,7.360602049595356e-07,5.340126975253433e-07,,,,,0,0,1,0
focused,,,,,keystroke,,,,,0.9999999607742374,7.923920454176995e-12,1.2780343031973293e-11,3.920505846014912e-08,,,,,0,0,1,0
distracted,,,,,keystroke,,,,,0.00014727520752853696,0.5673014266849573,0.4325222411703941,2.9056937120307465e-05,,,,,0,0,1,0
distracted,,,,,keystroke,,,,,1.747537849241713e-05,0.9982954451915439,0.001684916929550773,2.1625004131130134e-06,,,,,0,0,1,0
focused,,,,,keystroke,,,,,0.9999999634649426,1.7024532572207368e-14,2.859786706566546e-14,3.6535011733198796e-08,,,,,0,0,1,0
focused,,,,,keystroke,,,,,0.9218805127690235,2.486022200446611e-05,0.07801035195417501,8.427505479700933e-05,,,,,0,0,1,0
focused,,,,,keystroke,,,,,0.6377163201532452,0.00032075458482374827,0.3619006258500561,6.229941187470342e-05,,,,,0,0,1,0
focused,,,,,keystroke,,,,,0.9999999663702801,1.561599921780192e-14,2.8202145524115088e-14,3.362967608958616e-08,,,,,0,0,1,0
focused,,,,,keystroke,,,,,0.9999999665449321,1.5522129493905123e-14,2.8179916815295226e-14,3.345502423964457e-08,,,,,0,0,1,0
focused,,,,,keystroke,,,,,0.9999999659896773,1.5816842873212322e-14,2.825080476622191e-14,3.4010278499853466e-08,,,,,0,0,1,0
fatigued,,,,,keystroke,,,,,0.4115451085081212,1.5142248888805692e-05,0.5866007199396464,0.0018390293033434385,,,,,0,0,1,0
fatigued,,,,,keystroke,,,,,0.014651072249571902,0.0001673199842111843,0.9786867082084318,0.006494899557785054,,,,,0,0,1,0
distracted,,,,,keystroke,,,,,2.245120793083766e-06,0.990670380596092,0.009321319699362812,6.054583752240851e-06,,,,,0,0,1,0
distracted,,,,,keystroke,,,,,0.00025145045738634236,0.9904303174440731,0.009286230043009243,3.2002055531319095e-05,,,,,0,0,1,0
distracted,,,,,keystroke,,,,,0.0002768681738705167,0.8986262251909946,0.09851354593423342,0.0025833607009013654,,,,,0,0,1,0
distracted,,,,,keystroke,,,,,7.769173593476953e-05,0.774668598596327,0.006817369421328462,0.21843634024640962,,,,,0,0,1,0
overloaded,,,,,keystroke,,,,,1.422615983937782e-14,4.119701269640864e-14,3.59454708625516e-14,0.9999999999999086,,,,,0,0,1,0
overloaded,,,,,keystroke,,,,,1.4812847196463515e-14,2.2772124231201235e-14,4.011332517753863e-14,0.9999999999999223,,,,,0,0,1,0
fatigued,,,,,keystroke,,,,,0.14516710882583947,0.0018624633657239463,0.7593402526473372,0.09363017516109917,,,,,0,0,1,0
focused,,,,,keystroke,,,,,0.5353574228371136,9.091627690838589e-05,0.46455029705542195,1.3638305558491238e-06,,,,,0,0,1,0
fatigued,,,,,keystroke,,,,,2.6735492422450364e-07,0.011861250103031708,0.9881087904028687,2.9692139175113867e-05,,,,,0,0,1,0
fatigued,,,,,keystroke,,,,,0.00011701751575017317,0.010158929678632531,0.9864329329353914,0.0032911198702259862,,,,,0,0,1,0
focused,,,,,keystroke,,,,,0.9966489067420515,3.7462473098510985e-06,0.003300921257853878,4.642575278506518e-05,,,,,0,0,1,0
focused,,,,,keystroke,,,,,0.8202075886503334,0.13318937045288462,0.04637148737338928,0.00023155352339284177,,,,,0,0,1,0
focused,,,,,keystroke,,,,,0.9999996903191894,2.192535470935918e-08,2.991064759332466e-08,2.5784480826521693e-07,,,,,0,0,1,0
focused,,,,,keystroke,,,,,0.9999999651160749,2.888318370803958e-13,5.039235707198631e-13,3.4883132267944994e-08,,,,,0,0,1,0
focused,,,,,keystroke,,,,,0.9999999611840285,6.557272119352421e-13,1.062373370888483e-12,3.8814253546513265e-08,,,,,0,0,1,0
focused,,,,,keystroke,,,,,0.9999999605479646,3.253405440928411e-14,5.2335955249726336e-14,3.945195040807876e-08,,,,,0,0,1,0
focused,,,,,keystroke,,,,,0.999999963301708,5.304682281418232e-14,8.88454880151381e-14,3.669814996748855e-08,,,,,0,0,1,0
focused,,,,,keystroke,,,,,0.999999963070585,1.7401912180289045e-14,2.888745779754631e-14,3.692936865077155e-08,,,,,0,0,1,0
focused,,,,,keystroke,,,,,0.9999999512414797,1.7019933501998594e-14,3.0019171596604155e-14,4.8758473198140244e-08,,,,,0,0,1,0
focused,,,,,keystroke,,,,,0.999908959470708,1.067096900507799e-07,2.1987105024365926e-07,9.071394855153418e-05,,,,,0,0,1,0
focused,,,,,keystroke,,,,,0.9999844642103533,1.2019100482247303e-09,1.1521614199290901e-09,1.5533435575204196e-05,,,,,0,0,1,0
focused,,,,,keystroke,,,,,0.9999929168800057,1.7611537968169403e-10,2.540611221445135e-10,7.082689817837699e-06,,,,,0,0,1,0
focused,,,,,keystroke,,,,,0.9999999125587768,8.946469522686019e-14,1.4580904012948543e-13,8.744098788127823e-08,,,,,0,0,1,0
focused,,,,,keystroke,,,,,0.999999952844882,2.092908692331848e-14,3.3624599881984577e-14,4.715506339711111e-08,,,,,0,0,1,0
focused,,,,,keystroke,,,,,0.909245157120448,0.038608466197102016,0.049438628748736634,0.0027077479337132516,,,,,0,0,1,0
focused,,,,,keystroke,,,,,0.9999996176720337,7.318417181262334e-10,1.1940073628261748e-09,3.804021173353478e-07,,,,,0,0,1,0
focused,,,,,keystroke,,,,,0.6712764237069788,0.1991932571181683,0.12206181343688384,0.007468505737968946,,,,,0,0,1,0
distracted,,,,,keystroke,,,,,0.012713118935312264,0.9652772873444124,0.019527076895133676,0.0024825168251416114,,,,,0,0,1,0
fatigued,,,,,keystroke,,,,,0.13770693662966085,0.11963736454442778,0.7413586178231814,0.0012970810027298925,,,,,0,0,1,0
focused,,,,,keystroke,,,,,0.9891224253895166,0.0019501438179607819,0.008806730584791925,0.00012070020773095908,,,,,0,0,1,0
distracted,,,,,keystroke,,,,,0.0002611968559970416,0.733783181708537,0.0009496299510901734,0.265005991484376,,,,,0,0,1,0
distracted,,,,,keystroke,,,,,0.00035917128454272394,0.91171523828415,0.00041117476196119525,0.08751441566934608,,,,,0,0,1,0
focused,,,,,keystroke,,,,,0.9982445850562961,0.0015907474620711997,2.692529719268297e-05,0.000137742184440282,,,,,0,0,1,0
focused,,,,,keystroke,,,,,0.9999428492723148,3.7430925893200483e-08,1.94923327962051e-08,5.7093804426488e-05,,,,,0,0,1,0
focused,,,,,keystroke,,,,,0.9999946219727491,2.6582273690710595e-11,1.7685917411826548e-11,5.377982982801377e-06,,,,,0,0,1,0
distracted,,,,,keystroke,,,,,0.1225944818824043,0.837884467949628,0.007737295752002716,0.031783754415964836,,,,,0,0,1,0
fatigued,,,,,keystroke,,,,,0.000994920700722288,0.014316234890098124,0.9810861430246663,0.0036027013845131043,,,,,0,0,1,0
focused,,,,,keystroke,,,,,0.9729176624254134,0.00027442305280722505,0.026782826488567706,2.508803321149191e-05,,,,,0,0,1,0
fatigued,,,,,keystroke,,,,,1.2190301017516707e-06,2.0231964939755218e-06,0.9994193612200055,0.0005773965533986931,,,,,0,0,1,0
fatigued,,,,,keystroke,,,,,0.001127964548821566,0.00243737200618939,0.9488643211890387,0.04757034225595027,,,,,0,0,1,0
focused,,,,,keystroke,,,,,0.9090368459461944,4.112192604142457e-05,0.09091681096385544,5.221163908861879e-06,,,,,0,0,1,0
fatigued,,,,,keystroke,,,,,0.4628766217281269,5.00558267833854e-05,0.5370732250244291,9.74206605962419e-08,,,,,0,0,1,0
focused,,,,,keystroke,,,,,0.7972490615695834,0.00015531888787128907,0.20259538908692248,2.304556229273284e-07,,,,,0,0,1,0
focused,,,,,keystroke,,,,,0.999999966047156,1.2424986125803197e-11,2.2255690578203968e-11,3.3918163170250885e-08,,,,,0,0,1,0
fatigued,,,,,keystroke,,,,,0.24311444489250528,2.9934916849173914e-06,0.7555487165662723,0.0013338450495371248,,,,,0,0,1,0
focused,,,,,keystroke,,,,,0.4871364302647212,3.080478765185713e-05,0.510323905442382,0.0025088595052448585,,,,,0,0,1,0
focused,,,,,keystroke,,,,,0.9999998779628027,2.4587618496735342e-11,4.101025198290799e-11,1.2197159956214403e-07,,,,,0,0,1,0
focused,,,,,keystroke,,,,,0.9999975520838233,2.0544838141386393e-07,4.0458248768014375e-07,1.8378853076692964e-06,,,,,0,0,1,0
focused,,,,,keystroke,,,,,0.9973698405717712,2.6220803054791283e-06,0.0026100645162976314,1.747283162582982e-05,,,,,0,0,1,0
focused,,,,,keystroke,,,,,0.9999999389261042,2.0598513261355406e-14,3.59286958976177e-14,6.107383941287808e-08,,,,,0,0,1,0
focused,,,,,keystroke,,,,,0.9999999489891,1.600026076430551e-14,3.083802707381545e-14,5.101085308998277e-08,,,,,0,0,1,0
focused,,,,,keystroke,,,,,0.9999995154016545,5.74027077647923e-13,1.032769994541345e-12,4.845967384834353e-07,,,,,0,0,1,0
focused,,,,,keystroke,,,,,0.9999982793453389,7.21739456252462e-12,1.2237263297774083e-11,1.7206352065298376e-06,,,,,0,0,1,0
focused,,,,,keystroke,,,,,0.9999996349863228,5.4489007529050224e-11,8.732644464548445e-11,3.648718615169744e-07,,,,,0,0,1,0
focused,,,,,keystroke,,,,,0.9999997892588454,2.0753371105513203e-12,3.3853388077038238e-12,2.1073569396936207e-07,,,,,0,0,1,0
focused,,,,,keystroke,,,,,0.9999142052292261,1.1450969684730906e-06,6.423204284248227e-07,8.400735337691058e-05,,,,,0,0,1,0
focused,,,,,keystroke,,,,,0.9998631947257672,1.895972349541496e-08,3.5563094969673414e-08,0.00013675075141434924,,,,,0,0,1,0
focused,,,,,keystroke,,,,,0.9995152191077341,1.8988317159959998e-07,3.0648735679634817e-07,0.00048428452173749124,,,,,0,0,1,0
focused,,,,,keystroke,,,,,0.9999999523967353,1.92789323431622e-14,3.1239573889479794e-14,4.76032140229879e-08,,,,,0,0,1,0
focused,,,,,keystroke,,,,,0.9999999634478446,3.108527194274731e-14,1.7802524521619958e-14,3.655210642514856e-08,,,,,0,0,1,0
focused,,,,,keystroke,,,,,0.9925049177010903,4.8502582859191654e-05,3.074536532558154e-05,0.007415834350724987,,,,,0,0,1,0
focused,,,,,keystroke,,,,,0.8111655555215989,0.004073201653221947,0.00021389394847186297,0.18454734887670726,,,,,0,0,1,0
focused,,,,,keystroke,,,,,0.999730819922134,2.5821709836558667e-07,1.1049914441277143e-07,0.00026881136162306747,,,,,0,0,1,0
overloaded,,,,,keystroke,,,,,8.189721477780048e-09,8.736197598948691e-09,1.512380428252453e-08,0.9999999679502766,,,,,0,0,1,0
overloaded,,,,,keystroke,,,,,2.4033188786860307e-08,2.32584129987438e-08,4.5186341383091334e-08,0.9999999075220568,,,,,0,0,1,0
focused,,,,,keystroke,,,,,0.9999999570342705,3.570107322242842e-14,1.9873116845695464e-14,4.296567405966243e-08,,,,,0,0,1,0
focused,,,,,keystroke,,,,,0.9999999663357707,1.290402512820242e-13,2.309655081155831e-13,3.366386924696618e-08,,,,,0,0,1,0
focused,,,,,keystroke,,,,,0.9999998584757235,1.7417888009231422e-13,1.7885809717419363e-13,1.4152392336682086e-07,,,,,0,0,1,0
focused,,,,,keystroke,,,,,0.9999999620786165,2.228715831570273e-14,3.1152622409684416e-14,3.7921330035282746e-08,,,,,0,0,1,0
focused,,,,,keystroke,,,,,0.9999999537256754,3.9026241811014045e-14,2.963733228165057e-14,4.627425592430607e-08,,,,,0,0,1,0
focused,,,,,keystroke,,,,,0.9999914329959727,3.135041554683728e-07,1.770211957949662e-07,8.076478676034784e-06,,,,,0,0,1,0
focused,,,,,keystroke,,,,,0.9999666196039708,5.699063218718165e-07,4.658849347190187e-07,3.2344604772481234e-05,,,,,0,0,1,0
focused,,,,,keystroke,,,,,0.9999994351747795,7.539466797232231e-13,1.3343156405655633e-12,5.648231323780663e-07,,,,,0,0,1,0
focused,,,,,keystroke,,,,,0.9999998131700825,1.0863334602731197e-13,1.750853283333121e-13,1.868296338825689e-07,,,,,0,0,1,0
overloaded,,,,,keystroke,,,,,2.246136689931102e-07,4.7564217296216853e-07,5.858992611682783e-07,0.9999987138448969,,,,,0,0,1,0
overloaded,,,,,keystroke,,,,,2.224541600623123e-11,3.496646942694993e-11,6.282184979836528e-11,0.9999999998799662,,,,,0,0,1,0
focused,,,,,keystroke,,,,,0.9943036086185827,2.375353256618385e-05,3.551607721887386e-05,0.00563712177163219,,,,,0,0,1,0
focused,,,,,keystroke,,,,,0.999999966170189,1.7618504047791462e-14,2.948417501719304e-14,3.382976366868897e-08,,,,,0,0,1,0
focused,,,,,keystroke,,,,,0.99790689274781,4.709854107674324e-06,9.234791997232598e-06,0.0020791626060851923,,,,,0,0,1,0
focused,,,,,keystroke,,,,,0.783756969289759,0.00015249563307058198,0.0064149731315695825,0.2096755619456004,,,,,0,0,1,0
focused,,,,,keystroke,,,,,0.9999998758806462,6.265878385347605e-13,9.384235954018841e-13,1.2411778864929795e-07,,,,,0,0,1,0
focused,,,,,keystroke,,,,,0.9999976026055823,2.592647843018716e-11,3.98718875537541e-11,2.3973286192484064e-06,,,,,0,0,1,0
focused,,,,,keystroke,,,,,0.9999850770934642,3.4689741781129245e-10,7.024829842753512e-10,1.4921857155448944e-05,,,,,0,0,1,0
focused,,,,,keystroke,,,,,0.9998840150701233,1.8583501840371853e-08,4.0206032072306875e-08,0.00011592614034289306,,,,,0,0,1,0
focused,,,,,keystroke,,,,,0.9999991723852419,1.48000903252561e-12,2.8055474939211402e-12,8.276104723465488e-07,,,,,0,0,1,0
focused,,,,,keystroke,,,,,0.9999999636819219,1.9062560070287355e-14,3.000392891943853e-14,3.631802900447921e-08,,,,,0,0,1,0
focused,,,,,keystroke,,,,,0.9999999663418472,1.8039099838745013e-14,2.965325716811958e-14,3.365810518127482e-08,,,,,0,0,1,0
focused,,,,,keystroke,,,,,0.9966649274734912,7.516954208732368e-06,9.720188473633825e-06,0.003317835383826362,,,,,0,0,1,0
overloaded,,,,,keystroke,,,,,0.009251581447358069,2.8518954215825215e-05,0.0010081356571433797,0.989711763941283,,,,,0,0,1,0
focused,,,,,keystroke,,,,,0.9999994488446444,1.0169576939467612e-12,1.5613884643790153e-12,5.51152777177602e-07,,,,,0,0,1,0
focused,,,,,keystroke,,,,,0.9999999441103766,4.661579029984751e-14,3.824695578115351e-14,5.588953839941893e-08,,,,,0,0,1,0
focused,,,,,keystroke,,,,,0.9847260245695685,0.0001480207288346911,0.0001792102675771578,0.014946744434019554,,,,,0,0,1,0
focused,,,,,keystroke,,,,,0.9994058373314391,3.545308686824683e-07,6.890624800274338e-07,0.0005931190752124175,,,,,0,0,1,0
focused,,,,,keystroke,,,,,0.9999981038010101,9.174728630878119e-09,9.537175358976303e-09,1.8774870859749062e-06,,,,,0,0,1,0
focused,,,,,keystroke,,,,,0.9777492059455295,0.02191299271647218,0.00031876267214650533,1.9038665851764913e-05,,,,,0,0,1,0
distracted,,,,,keystroke,,,,,0.0004085801889873221,0.9995875583837324,2.05575528294693e-06,1.8056719972790657e-06,,,,,0,0,1,0
distracted,,,,,keystroke,,,,,0.011445104690501752,0.9884693401042149,6.948613423538911e-05,1.6069071048033452e-05,,,,,0,0,1,0
focused,,,,,keystroke,,,,,0.9999983958457607,1.0749619839640256e-11,1.5144317566848698e-11,1.604128345433173e-06,,,,,0,0,1,0
focused,,,,,keystroke,,,,,0.9999997913309474,3.417407869930745e-13,3.5698576116318627e-13,2.0866835374839674e-07,,,,,0,0,1,0
focused,,,,,keystroke,,,,,0.9999999657920048,2.8959081237854575e-14,2.6957104793580998e-14,3.42079393935263e-08,,,,,0,0,1,0
focused,,,,,keystroke,,,,,0.9999999662046751,3.064874150613701e-14,1.9917075117079004e-14,3.3795274215067734e-08,,,,,0,0,1,0
focused,,,,,keystroke,,,,,0.9999999656162564,3.0694181112959364e-14,1.7880843990597603e-14,3.438369492404495e-08,,,,,0,0,1,0
focused,,,,,keystroke,,,,,0.9999999597272505,3.4638535728497575e-14,1.8469095822201816e-14,4.027269651490785e-08,,,,,0,0,1,0
focused,,,,,keystroke,,,,,0.9999999353674596,4.154731429542358e-14,2.167430606737933e-14,6.463247724866852e-08,,,,,0,0,1,0
focused,,,,,keystroke,,,,,0.9999961690432938,1.7960574624242474e-11,2.5482317284765177e-11,3.830913263300701e-06,,,,,0,0,1,0
focused,,,,,keystroke,,,,,0.9999824473765162,4.2984929850794387e-10,8.967726362437536e-10,1.7551296861932987e-05,,,,,0,0,1,0
focused,,,,,keystroke,,,,,0.9999974178475947,1.997618472794365e-11,3.136168771798883e-11,2.5821010673437746e-06,,,,,0,0,1,0
focused,,,,,keystroke,,,,,0.9999991712640599,2.011675447107626e-12,3.1832577422226764e-12,8.287307451184065e-07,,,,,0,0,1,0
focused,,,,,keystroke,,,,,0.9999999447610496,3.6618704051728476e-11,5.46676421064204e-11,5.5147663986777244e-08,,,,,0,0,1,0
focused,,,,,keystroke,,,,,0.9999998537848446,2.4866662726516606e-10,4.0644555564162433e-10,1.4556004327007546e-07,,,,,0,0,1,0
focused,,,,,keystroke,,,,,0.9999999665044071,1.5626337409827508e-14,2.825149984802904e-14,3.349554892417914e-08,,,,,0,0,1,0
focused,,,,,keystroke,,,,,0.9999999658901477,1.609042365425481e-14,2.844572207061962e-14,3.410980770929601e-08,,,,,0,0,1,0
focused,,,,,keystroke,,,,,0.9999980480016692,9.939116665892782e-12,1.703270725099492e-11,1.9519713588712104e-06,,,,,0,0,1,0
focused,,,,,keystroke,,,,,0.9999999608015623,5.895700532740821e-14,9.51124893169439e-14,3.919828369426895e-08,,,,,0,0,1,0
focused,,,,,keystroke,,,,,0.9999999541696575,1.8190502303338062e-14,2.9675423084694514e-14,4.583029452536712e-08,,,,,0,0,1,0
focused,,,,,keystroke,,,,,0.999993449590858,6.449298774463193e-11,1.334582386373352e-10,6.550211190641e-06,,,,,0,0,1,0
focused,,,,,keystroke,,,,,0.9999975037268588,8.164994999404942e-12,6.720409297591606e-12,2.49625825568121e-06,,,,,0,0,1,0
focused,,,,,keystroke,,,,,0.9999951374297773,3.419679043522435e-11,6.184590715843606e-11,4.862474179890106e-06,,,,,0,0,1,0
focused,,,,,keystroke,,,,,0.9999998467477443,7.345832804562113e-14,1.1596053343416046e-13,1.5325206633318737e-07,,,,,0,0,1,0
focused,,,,,keystroke,,,,,0.9999999549357249,2.254332825648926e-14,3.245528994613471e-14,4.506421994918102e-08,,,,,0,0,1,0
focused,,,,,keystroke,,,,,0.9999999392003699,2.438616461781287e-14,3.3772323511701116e-14,6.07995719258901e-08,,,,,0,0,1,0
focused,,,,,keystroke,,,,,0.7394377359815064,0.23009960829937448,0.005210666055002951,0.025251989664116577,,,,,0,0,1,0
focused,,,,,keystroke,,,,,0.9434899494976067,0.0525837206002759,0.0016607226765521085,0.0022656072255651167,,,,,0,0,1,0
focused,,,,,keystroke,,,,,0.9999583687066553,1.3576137040216105e-09,2.078794110525454e-09,4.162785693685975e-05,,,,,0,0,1,0
overloaded,,,,,keystroke,,,,,7.480332566068298e-08,4.498823644151504e-08,8.631553877606247e-08,0.9999997938928991,,,,,0,0,1,0
overloaded,,,,,keystroke,,,,,1.5369426908958426e-12,1.4126906471357085e-12,3.009904977905213e-12,0.9999999999940404,,,,,0,0,1,0
overloaded,,,,,keystroke,,,,,1.999350572652694e-11,1.8320111990724007e-11,3.9252252857128436e-11,0.999999999922434,,,,,0,0,1,0
focused,,,,,keystroke,,,,,0.9999998287446046,1.350982433863924e-13,8.657732512538731e-14,1.7125517365194157e-07,,,,,0,0,1,0
focused,,,,,keystroke,,,,,0.9999999471878834,2.930881389267711e-14,2.994743414999372e-14,5.281205723595321e-08,,,,,0,0,1,0
overloaded,,,,,keystroke,,,,,0.2942544486362727,0.0001610547049332025,0.00308522984152683,0.7024992668172672,,,,,0,0,1,0
focused,,,,,keystroke,,,,,0.48493658302702514,0.0001272054167983738,0.0025557013855983107,0.5123805101705783,,,,,0,0,1,0
focused,,,,,keystroke,,,,,0.9999999483984007,1.6774462020164896e-14,3.1514051899247e-14,5.1601551154482657e-08,,,,,0,0,1,0
focused,,,,,keystroke,,,,,0.9999999557053468,1.8838040649546468e-14,2.993761430447114e-14,4.42946043990321e-08,,,,,0,0,1,0
focused,,,,,keystroke,,,,,0.9999929497225023,8.719909367463695e-11,1.7693942912223265e-10,7.050013359107983e-06,,,,,0,0,1,0
focused,,,,,keystroke,,,,,0.9999917361800047,7.399275343492907e-11,8.830978066746385e-11,8.2636576926277e-06,,,,,0,0,1,0
focused,,,,,keystroke,,,,,0.602060231171405,0.0003599288130989518,0.0004458808073112066,0.39713395920818506,,,,,0,0,1,0
focused,,,,,keystroke,,,,,0.9995365255989248,2.018704101364663e-07,3.4679692524384085e-07,0.00046292573373984134,,,,,0,0,1,0
focused,,,,,keystroke,,,,,0.9999984653188166,2.2501547014487365e-12,3.900564081731166e-12,1.5346750325198861e-06,,,,,0,0,1,0
focused,,,,,keystroke,,,,,0.9999620005330179,1.3633924657344265e-09,1.049616741552745e-09,3.7997053972992595e-05,,,,,0,0,1,0
focused,,,,,keystroke,,,,,0.9999998478011698,1.603951102582758e-13,9.028077342805149e-14,1.5219857960653576e-07,,,,,0,0,1,0
focused,,,,,keystroke,,,,,0.9753327506186246,0.0003824200889838788,0.00039210639550769124,0.023892722896883878,,,,,0,0,1,0
focused,,,,,keystroke,,,,,0.9548806582879888,0.00015131753017004094,6.76915063985811e-05,0.0449003326754427,,,,,0,0,1,0
focused,,,,,keystroke,,,,,0.9999850175836982,8.757502358564358e-10,3.62623621288047e-10,1.498117792802084e-05,,,,,0,0,1,0
focused,,,,,keystroke,,,,,0.9871387968561058,0.00014040818142896334,8.317869366252267e-05,0.012637616268802639,,,,,0,0,1,0
focused,,,,,keystroke,,,,,0.9999992084412394,5.689100748090216e-13,3.5252659295374684e-13,7.915578392021163e-07,,,,,0,0,1,0
focused,,,,,keystroke,,,,,0.9999999166382656,3.3241646574217406e-14,2.25994340665683e-14,8.336167872408969e-08,,,,,0,0,1,0
focused,,,,,keystroke,,,,,0.9999999665269417,1.5560583113205324e-14,2.8205100332648863e-14,3.347301438605438e-08,,,,,0,0,1,0
focused,,,,,keystroke,,,,,0.9999999665632052,1.5516049673688246e-14,2.8180722131239768e-14,3.343675091442276e-08,,,,,0,0,1,0
focused,,,,,keystroke,,,,,0.9999999662943982,1.5659972919721048e-14,2.8215112436621837e-14,3.3705557951847145e-08,,,,,0,0,1,0
focused,,,,,keystroke,,,,,0.999999964595092,8.487074576942281e-14,1.4618995415309246e-13,3.54046769960534e-08,,,,,0,0,1,0
focused,,,,,keystroke,,,,,0.9999999629236352,1.7232427916656685e-14,2.866040012022917e-14,3.707631875044153e-08,,,,,0,0,1,0
focused,,,,,keystroke,,,,,0.999999961087276,1.9905576684828436e-14,3.0440804214094005e-14,3.891267365973752e-08,,,,,0,0,1,0
focused,,,,,keystroke,,,,,0.8014290219339946,1.667063707984979e-05,0.005198748024712204,0.1933555594042132,,,,,0,0,1,0
focused,,,,,keystroke,,,,,0.928363387781822,7.968007892437909e-05,0.009490658197089023,0.062066273942164664,,,,,0,0,1,0
focused,,,,,keystroke,,,,,0.9999111673112853,2.4478153022076532e-08,5.330217128730829e-08,8.875490839044876e-05,,,,,0,0,1,0
focused,,,,,keystroke,,,,,0.9999999651203856,1.626245259263093e-14,2.836992491699066e-14,3.487956969804733e-08,,,,,0,0,1,0
focused,,,,,keystroke,,,,,0.9999994510749856,8.581179967629454e-13,1.3976967999671862e-12,5.48922758773204e-07,,,,,0,0,1,0
focused,,,,,keystroke,,,,,0.9999999646581631,1.7032721913744213e-14,2.890536250171312e-14,3.534179087352268e-08,,,,,0,0,1,0
focused,,,,,keystroke,,,,,0.9999999662316301,1.5708662045739703e-14,2.823695895298921e-14,3.376832585070219e-08,,,,,0,0,1,0
focused,,,,,keystroke,,,,,0.9999954611457681,1.8300324379410686e-10,3.6640197052827314e-10,4.538304826677539e-06,,,,,0,0,1,0
overloaded,,,,,keystroke,,,,,0.16590593961327543,0.00013647009535453937,0.01657656204068153,0.8173810282506885,,,,,0,0,1,0
overloaded,,,,,keystroke,,,,,0.14133608956582963,0.0002815784541597605,0.13288894796644646,0.7254933840135642,,,,,0,0,1,0
focused,,,,,keystroke,,,,,0.9999935669282779,1.435919430350087e-10,3.0252169278580305e-10,6.432625608613888e-06,,,,,0,0,1,0
focused,,,,,keystroke,,,,,0.9999999663964191,1.56907323234105e-14,2.8269853078048065e-14,3.3603537091020283e-08,,,,,0,0,1,0
focused,,,,,keystroke,,,,,0.999999966528575,1.5552312215817807e-14,2.8198977273149712e-14,3.3471381362191574e-08,,,,,0,0,1,0
focused,,,,,keystroke,,,,,0.9999981761188395,5.072376604611757e-10,6.867921789690308e-10,1.8226871306935394e-06,,,,,0,0,1,0
focused,,,,,keystroke,,,,,0.9861201985011124,0.00341881800421696,0.007807954344845267,0.0026530291498253664,,,,,0,0,1,0
focused,,,,,keystroke,,,,,0.999999962412648,1.7423513983429164e-14,2.872936844646401e-14,3.7587306031905186e-08,,,,,0,0,1,0
focused,,,,,keystroke,,,,,0.9999999662264699,7.130533747381158e-11,1.28947343853934e-10,3.357327737474795e-08,,,,,0,0,1,0
focused,,,,,keystroke,,,,,0.9874263799079059,0.0026404555813709764,0.009919871036920212,1.3293473802548578e-05,,,,,0,0,1,0
focused,,,,,keystroke,,,,,0.5713109489130712,0.0007415962989962967,0.39027230503846744,0.037675149749464794,,,,,0,0,1,0
overloaded,,,,,keystroke,,,,,2.71705716509411e-07,1.7600346141411333e-06,0.002265817072052015,0.9977321511876174,,,,,0,0,1,0
overloaded,,,,,keystroke,,,,,0.0004107805744023101,0.0004037610032706165,0.2888259569490762,0.7103595014732508,,,,,0,0,1,0
fatigued,,,,,keystroke,,,,,0.04410203228652849,0.07985628356410836,0.8729806253300463,0.0030610588193170844,,,,,0,0,1,0
distracted,,,,,keystroke,,,,,0.01984381025320896,0.7851363117754361,0.19379068930894658,0.0012291886624083545,,,,,0,0,1,0
focused,,,,,keystroke,,,,,0.9999998967767065,3.846547693539771e-14,6.607348103982435e-14,1.0322318898394447e-07,,,,,0,0,1,0
focused,,,,,keystroke,,,,,0.999997127170938,1.506300192990744e-11,3.0556242602439645e-11,2.8727834426843515e-06,,,,,0,0,1,0
focused,,,,,keystroke,,,,,0.9999924276862127,1.15318867605461e-06,6.509523209524944e-07,5.7681727903131395e-06,,,,,0,0,1,0
focused,,,,,keystroke,,,,,0.9999991966996393,3.2887667276193326e-07,1.785475071985762e-07,2.9587618069873726e-07,,,,,0,0,1,0
focused,,,,,keystroke,,,,,0.9999999654652851,2.5022618305861283e-14,3.015265824346281e-14,3.453465975304195e-08,,,,,0,0,1,0
focused,,,,,keystroke,,,,,0.9999990214998105,1.4314858740720074e-08,8.203840269632402e-09,9.559814907016616e-07,,,,,0,0,1,0
focused,,,,,keystroke,,,,,0.9999999470060771,1.0052706030824179e-08,6.2654903422020585e-09,3.6675726629976224e-08,,,,,0,0,1,0
focused,,,,,keystroke,,,,,0.999999966476923,2.8305872336614076e-14,2.6646468638446257e-14,3.352302208156242e-08,,,,,0,0,1,0
focused,,,,,keystroke,,,,,0.9999985559570029,3.6616815225707013e-07,6.617943681041968e-07,4.160804767990367e-07,,,,,0,0,1,0
focused,,,,,keystroke,,,,,0.99999996523807,5.178910515311932e-10,6.746385159445414e-10,3.356940042373088e-08,,,,,0,0,1,0
focused,,,,,keystroke,,,,,0.9999999666046241,1.251154525930046e-11,1.737096872098227e-11,3.336549344904299e-08,,,,,0,0,1,0
focused,,,,,keystroke,,,,,0.9839335227273835,0.0014206606613470115,0.014641719571885274,4.0970393840629376e-06,,,,,0,0,1,0
distracted,,,,,keystroke,,,,,0.2617995743375624,0.6426150865874413,0.09492741670128753,0.0006579223737090168,,,,,0,0,1,0
distracted,,,,,keystroke,,,,,0.30050278177904416,0.6955132268351963,0.003959020999596837,2.497038616261681e-05,,,,,0,0,1,0
focused,,,,,keystroke,,,,,0.9973076668656974,0.0023827004948304047,0.0003030605470221711,6.572092450210364e-06,,,,,0,0,1,0
focused,,,,,keystroke,,,,,0.9999999665921222,1.597424308660082e-14,2.853009271554856e-14,3.340783327884595e-08,,,,,0,0,1,0
focused,,,,,keystroke,,,,,0.9999999665060103,1.5926254706078735e-14,2.847020929502176e-14,3.349394532446553e-08,,,,,0,0,1,0
focused,,,,,keystroke,,,,,0.9999999661472707,2.8935217790594055e-14,2.6375621769344818e-14,3.3852673799441154e-08,,,,,0,0,1,0
focused,,,,,keystroke,,,,,0.999999962369055,3.2401952263472324e-14,1.775045228445383e-14,3.763089509144999e-08,,,,,0,0,1,0
focused,,,,,keystroke,,,,,0.999999962535912,1.7524898240286924e-14,2.892200526002585e-14,3.746404161455577e-08,,,,,0,0,1,0
focused,,,,,keystroke,,,,,0.9999999650930734,1.636817112431931e-14,2.8484260145342565e-14,3.4906881827839685e-08,,,,,0,0,1,0
focused,,,,,keystroke,,,,,0.9999997949025924,4.009034535673668e-11,6.949843756108323e-11,2.049878189780107e-07,,,,,0,0,1,0
focused,,,,,keystroke,,,,,0.9806951148906264,0.014743945428761424,0.00454809682514967,1.2842855462380164e-05,,,,,0,0,1,0
focused,,,,,keystroke,,,,,0.9999997906275496,9.87687909480309e-09,1.5878077010610245e-08,1.8361749426339814e-07,,,,,0,0,1,0
focused,,,,,keystroke,,,,,0.9999999662038943,1.5716919212324917e-14,2.823542399205071e-14,3.379606173411317e-08,,,,,0,0,1,0
focused,,,,,keystroke,,,,,0.9999999664515951,2.3136111404741378e-14,4.188471598204127e-14,3.3548339960726655e-08,,,,,0,0,1,0
focused,,,,,keystroke,,,,,0.9999999664546301,1.558856533680701e-14,2.8205435216604732e-14,3.354532624403625e-08,,,,,0,0,1,0
distracted,,,,,keystroke,,,,,0.001950283045953386,0.9980403886960847,5.1579425721581115e-06,4.170315389657974e-06,,,,,0,0,1,0
distracted,,,,,keystroke,,,,,8.507419029924503e-07,0.9999346533319013,7.999446332097095e-08,6.441593173238291e-05,,,,,0,0,1,0
focused,,,,,keystroke,,,,,0.9952520237730642,0.003847655438715572,0.0002879942464436848,0.0006123265417765205,,,,,0,0,1,0
focused,,,,,keystroke,,,,,0.999999964770463,2.0957598164945754e-14,3.0730142141629997e-14,3.5229485235986314e-08,,,,,0,0,1,0
focused,,,,,keystroke,,,,,0.9999999663677538,1.7871939080928447e-14,2.960651994509781e-14,3.363219873036094e-08,,,,,0,0,1,0
focused,,,,,keystroke,,,,,0.9999988720436445,1.223006747316635e-07,6.706351764208714e-08,9.385921631279939e-07,,,,,0,0,1,0
focused,,,,,keystroke,,,,,0.9999998031543953,2.7311921614627643e-09,1.4980566319191467e-09,1.9261635595938004e-07,,,,,0,0,1,0
focused,,,,,keystroke,,,,,0.99999996662894,1.665857587416179e-14,2.898084998425472e-14,3.337101439510914e-08,,,,,0,0,1,0
focused,,,,,keystroke,,,,,0.99999996648947,1.7787176330233163e-14,2.955541302822152e-14,3.351048251229926e-08,,,,,0,0,1,0
focused,,,,,keystroke,,,,,0.9999999657409223,2.497334226570478e-14,3.001769286712634e-14,3.4259022796460954e-08,,,,,0,0,1,0
distracted,,,,,keystroke,,,,,3.3411626672275957e-08,0.9999998165158065,1.0000001957490905e-07,5.007254711536186e-08,,,,,0,0,1,0
distracted,,,,,keystroke,,,,,1.9655283467145742e-07,0.9977272482680757,0.0022705343144600963,2.0208646296033063e-06,,,,,0,0,1,0
focused,,,,,keystroke,,,,,0.9999999586088617,2.4742441416199557e-11,4.421535598729449e-11,4.1322180505143837e-08,,,,,0,0,1,0
focused,,,,,keystroke,,,,,0.1690124914332601,0.5824059309591575,0.2419469584211257,0.006634619186456933,,,,,0,0,1,0
distracted,,,,,keystroke,,,,,8.205745018414444e-08,0.9999923121332145,6.9677536840477165e-06,6.380556514413009e-07,,,,,0,0,1,0
distracted,,,,,keystroke,,,,,3.3479109928318607e-06,0.9971872662175386,0.002806210029095145,3.1758423734752677e-06,,,,,0,0,1,0
distracted,,,,,keystroke,,,,,3.3440551160040424e-08,0.9999819315974395,5.020314547350856e-08,1.798475886415116e-05,,,,,0,0,1,0
overloaded,,,,,keystroke,,,,,1.407552928756283e-08,4.166611501069907e-08,2.2370138127418397e-08,0.9999999218882176,,,,,0,0,1,0
overloaded,,,,,keystroke,,,,,3.3320778963195965e-08,0.0018341855728738943,7.968262387200025e-06,0.9981578128439599,,,,,0,0,1,0
distracted,,,,,keystroke,,,,,0.00010504260397402965,0.9994833911598104,0.0003016674858816256,0.00010989875033393562,,,,,0,0,1,0
distracted,,,,,keystroke,,,,,1.2488493235797003e-06,0.9999839183140017,1.3903205128837211e-05,9.296315458700157e-07,,,,,0,0,1,0
distracted,,,,,keystroke,,,,,5.180754696630733e-08,0.9999985447434611,1.3700498830670636e-06,3.3399108945902565e-08,,,,,0,0,1,0
distracted,,,,,keystroke,,,,,1.198117558409109e-07,0.9999985540097847,1.2922932434216456e-06,3.3885216072931236e-08,,,,,0,0,1,0
distracted,,,,,keystroke,,,,,0.0007360912749620963,0.9990591330937946,0.00019171091597191135,1.3064715271685694e-05,,,,,0,0,1,0
distracted,,,,,keystroke,,,,,3.3336513108897755e-08,0.9999970868021536,7.005989261011831e-08,2.8098014407243596e-06,,,,,0,0,1,0
distracted,,,,,keystroke,,,,,3.3333418614720244e-08,0.999999474605427,8.567580056507455e-08,4.06385353622402e-07,,,,,0,0,1,0
distracted,,,,,keystroke,,,,,3.333335187802537e-08,0.9999998135901086,9.990068299571505e-08,5.317585634339622e-08,,,,,0,0,1,0
distracted,,,,,keystroke,,,,,3.333335408915921e-08,0.9999998164923303,9.999971708845678e-08,5.017459859536624e-08,,,,,0,0,1,0
overloaded,,,,,keystroke,,,,,0.03373138251813089,0.003682149910822404,0.052093356189108056,0.9104931113819387,,,,,0,0,1,0
overloaded,,,,,keystroke,,,,,2.30808509798461e-07,3.7039941964096936e-07,1.5436301899820244e-07,0.9999992444290516,,,,,0,0,1,0
focused,,,,,keystroke,,,,,0.9995614690153535,1.7050263709019245e-07,1.0840845702604439e-07,0.0004382520735526142,,,,,0,0,1,0
focused,,,,,keystroke,,,,,0.9999459504673421,3.4686999378025103e-09,4.5683711749017016e-09,5.404149558661314e-05,,,,,0,0,1,0
focused,,,,,keystroke,,,,,0.9999999499913846,2.2235881170829188e-14,3.675725788189242e-14,5.000855637500646e-08,,,,,0,0,1,0
focused,,,,,keystroke,,,,,0.9999997986932154,7.244661120662793e-14,1.5627436274082383e-13,2.013065559296179e-07,,,,,0,0,1,0
overloaded,,,,,keystroke,,,,,0.000294489622644176,0.0023952327864052835,0.00019229169175082435,0.9971179858991999,,,,,0,0,1,0
focused,,,,,keystroke,,,,,0.9995303034020355,1.4252958275330274e-06,5.186705371585467e-07,0.0004677526315996007,,,,,0,0,1,0
focused,,,,,keystroke,,,,,0.9999959623857388,1.4573300700173285e-11,8.92996790323511e-12,4.037590757871974e-06,,,,,0,0,1,0
focused,,,,,keystroke,,,,,0.9999814151776354,3.0753807773729694e-10,1.847082179825415e-10,1.8584330118149122e-05,,,,,0,0,1,0
focused,,,,,keystroke,,,,,0.8355335777034435,0.11356207066048522,0.05080369941000887,0.00010065222606240783,,,,,0,0,1,0
distracted,,,,,keystroke,,,,,0.011220201885143168,0.9877660710348217,0.0009697110323554448,4.401604767962802e-05,,,,,0,0,1,0
focused,,,,,keystroke,,,,,0.9846821757402552,0.014999758552505108,0.0002909033109599846,2.716239627978082e-05,,,,,0,0,1,0
focused,,,,,keystroke,,,,,0.9999999661228747,1.8535145683929795e-14,2.987254526413834e-14,3.387707684689716e-08,,,,,0,0,1,0
focused,,,,,keystroke,,,,,0.9999999662629666,1.9757747314675827e-14,3.0247340371422734e-14,3.3736983179913164e-08,,,,,0,0,1,0
focused,,,,,keystroke,,,,,0.9999999663878653,2.0640406360768177e-14,3.0343156605314455e-14,3.361208359840472e-08,,,,,0,0,1,0
focused,,,,,keystroke,,,,,0.9999999663401001,3.0407148718745934e-14,2.168035343212258e-14,3.365984772590792e-08,,,,,0,0,1,0
focused,,,,,keystroke,,,,,0.9999999660559152,3.032948666864826e-14,1.7821744603530148e-14,3.394403664735675e-08,,,,,0,0,1,0
focused,,,,,keystroke,,,,,0.9999999653572985,3.150452811346298e-14,2.0604583944438384e-14,3.4642649408016166e-08,,,,,0,0,1,0
focused,,,,,keystroke,,,,,0.9780835870620503,0.021860056886796025,2.117303835623872e-05,3.518301279733386e-05,,,,,0,0,1,0
focused,,,,,keystroke,,,,,0.9999998792477397,7.151194834970555e-14,8.36086979855586e-14,1.2075210519966663e-07,,,,,0,0,1,0
focused,,,,,keystroke,,,,,0.999990770318641,7.63139458469425e-09,5.47305098019721e-09,9.216576913334951e-06,,,,,0,0,1,0
focused,,,,,keystroke,,,,,0.9999861470251233,1.893487524815289e-09,2.363441276778855e-09,1.3848717947810798e-05,,,,,0,0,1,0
distracted,,,,,keystroke,,,,,7.603956501758928e-07,0.9924976319855932,0.0074970375791442835,4.5700396124775805e-06,,,,,0,0,1,0
distracted,,,,,keystroke,,,,,3.4032374351518346e-08,0.9989609856975065,0.0010318271131510718,7.153156968209638e-06,,,,,0,0,1,0
focused,,,,,keystroke,,,,,0.9999650901428155,2.760280763096809e-09,2.3038384266971613e-09,3.4904793065183996e-05,,,,,0,0,1,0
focused,,,,,keystroke,,,,,0.999999961028669,2.027594960914092e-14,3.161714255356138e-14,3.897127901452449e-08,,,,,0,0,1,0
distracted,,,,,keystroke,,,,,0.09166823338169504,0.9083030908865415,2.3465548010139976e-05,5.2101837531718735e-06,,,,,0,0,1,0
distracted,,,,,keystroke,,,,,0.2936681504642458,0.7055920945554962,0.0007279182721395617,1.1836708118447664e-05,,,,,0,0,1,0
distracted,,,,,keystroke,,,,,0.0013794462434348067,0.8903498267563751,0.0031665369114445637,0.10510419008874575,,,,,0,0,1,0
overloaded,,,,,keystroke,,,,,0.023986595215400745,0.0005021473024352977,0.0025480057578128874,0.9729632517243513,,,,,0,0,1,0
focused,,,,,keystroke,,,,,0.9999873087304747,2.89590997948405e-10,4.718359141578894e-10,1.2690508098544562e-05,,,,,0,0,1,0
focused,,,,,keystroke,,,,,0.9999972527430677,1.690128724605274e-11,2.6251479372463226e-11,2.7472137794396925e-06,,,,,0,0,1,0
focused,,,,,keystroke,,,,,0.9999999574890428,2.1725699755559812e-14,3.236763746971672e-14,4.25109030075121e-08,,,,,0,0,1,0
focused,,,,,keystroke,,,,,0.999999399400481,6.959651698320995e-13,1.2198835382820993e-12,6.005976033605966e-07,,,,,0,0,1,0
focused,,,,,keystroke,,,,,0.9999993783387159,5.993962744434593e-13,1.0420650546946357e-12,6.216596426772506e-07,,,,,0,0,1,0
focused,,,,,keystroke,,,,,0.9999999660026448,1.693730824178507e-14,2.911543119810475e-14,3.3997309067488825e-08,,,,,0,0,1,0
focused,,,,,keystroke,,,,,0.9999999639329876,2.327803622362621e-14,3.160580610230759e-14,3.6066957482464346e-08,,,,,0,0,1,0
focused,,,,,keystroke,,,,,0.9999998842260368,1.1710502295713414e-13,9.503455106327463e-14,1.15773751141923e-07,,,,,0,0,1,0
focused,,,,,keystroke,,,,,0.9999999661399651,1.573821930922441e-14,2.8231629212086394e-14,3.385999100308192e-08,,,,,0,0,1,0
focused,,,,,keystroke,,,,,0.9999998984852909,1.971907017078523e-08,3.576675642050515e-08,4.6028882537777853e-08,,,,,0,0,1,0
fatigued,,,,,keystroke,,,,,0.09668213911489201,0.0015912195221589923,0.9017260455699112,5.957930377428865e-07,,,,,0,0,1,0
fatigued,,,,,keystroke,,,,,0.0012029644213859658,0.001935802359601123,0.996860657222634,5.759963790011439e-07,,,,,0,0,1,0
distracted,,,,,keystroke,,,,,3.3494761590042135e-08,0.9999862152155,4.204453991550647e-07,1.333084433943809e-05,,,,,0,0,1,0
distracted,,,,,keystroke,,,,,3.3353312268712495e-08,0.9999947567937891,9.294334589470402e-08,5.116909552620844e-06,,,,,0,0,1,0
distracted,,,,,keystroke,,,,,0.0004084202359554057,0.8956222064779084,0.07203447372181403,0.03193489956432213,,,,,0,0,1,0
overloaded,,,,,keystroke,,,,,2.5417062859306955e-11,7.521360713414137e-11,4.039955312521683e-11,0.9999999998589697,,,,,0,0,1,0
overloaded,,,,,keystroke,,,,,3.168783455455914e-11,9.37660237577517e-11,5.035479832956122e-11,0.9999999998241913,,,,,0,0,1,0
overloaded,,,,,keystroke,,,,,1.4174631293936061e-14,2.1908458261177988e-14,3.992207935208964e-14,0.999999999999924,,,,,0,0,1,0
overloaded,,,,,keystroke,,,,,1.4174676520346859e-14,2.190853414372642e-14,3.992210473294797e-14,0.999999999999924,,,,,0,0,1,0
focused,,,,,keystroke,,,,,0.9999997856907348,5.250871716128946e-08,9.49386349083746e-08,6.686191314513325e-08,,,,,0,0,1,0
focused,,,,,keystroke,,,,,0.9947891680140011,2.804848543594999e-05,0.005182729024415796,5.4476146843166875e-08,,,,,0,0,1,0
focused,,,,,keystroke,,,,,0.9944334605028692,4.11443591010068e-05,0.005525225746028451,1.6939200148002963e-07,,,,,0,0,1,0
focused,,,,,keystroke,,,,,0.9999980536949336,5.532463284566833e-07,1.00521308122558e-06,3.878456567275185e-07,,,,,0,0,1,0
focused,,,,,keystroke,,,,,0.9999999665558653,1.5516538864555342e-14,2.8178797869514532e-14,3.344409100602301e-08,,,,,0,0,1,0
focused,,,,,keystroke,,,,,0.9999994551897532,1.431662637222221e-07,2.536301177589654e-07,1.480138654036216e-07,,,,,0,0,1,0
focused,,,,,keystroke,,,,,0.999999919366266,1.3795951034822647e-08,2.4770768790650738e-08,4.206701406793727e-08,,,,,0,0,1,0
distracted,,,,,keystroke,,,,,5.011107076905525e-08,0.9999597888116832,4.011199098311905e-05,4.908626272208493e-08,,,,,0,0,1,0
distracted,,,,,keystroke,,,,,5.0352669441350644e-08,0.999997711875875,2.2020282737791456e-06,3.574318170932546e-08,,,,,0,0,1,0
fatigued,,,,,keystroke,,,,,7.583221298667988e-08,1.1884074536991848e-07,0.9999996915813246,1.137457168942787e-07,,,,,0,0,1,0
focused,,,,,keystroke,,,,,0.9999999655215817,1.7756754236435982e-14,2.9476682784070155e-14,3.447837111995996e-08,,,,,0,0,1,0
focused,,,,,keystroke,,,,,0.999999966057511,1.9524470202967942e-14,3.024755016040383e-14,3.3942439147281346e-08,,,,,0,0,1,0
focused,,,,,keystroke,,,,,0.9999999664244438,1.8091740597101562e-14,2.970220553443079e-14,3.357550848132211e-08,,,,,0,0,1,0
focused,,,,,keystroke,,,,,0.9999999660898498,2.3026769954296597e-14,3.038587800187379e-14,3.391009673584241e-08,,,,,0,0,1,0
focused,,,,,keystroke,,,,,0.9999950812318866,2.8511633131018135e-11,5.883690300176842e-11,4.918680765040611e-06,,,,,0,0,1,0
focused,,,,,keystroke,,,,,0.999994552650381,5.972207930374367e-11,1.1532267206490546e-10,5.4471745742153365e-06,,,,,0,0,1,0
focused,,,,,keystroke,,,,,0.9999999658336445,1.867121628584358e-14,2.9986705123451626e-14,3.4166306841975077e-08,,,,,0,0,1,0
focused,,,,,keystroke,,,,,0.9999999657130123,2.0813137505727877e-14,3.052131439717732e-14,3.428693641643526e-08,,,,,0,0,1,0
focused,,,,,keystroke,,,,,0.9968819080992743,8.800302876609166e-06,5.67659167526774e-06,0.0031036150061737005,,,,,0,0,1,0
distracted,,,,,keystroke,,,,,2.020437645188499e-06,0.9999952602931542,4.036506160802715e-08,2.678904139074749e-06,,,,,0,0,1,0
distracted,,,,,keystroke,,,,,2.1011106719819765e-05,0.9919705600696723,3.696310552731356e-05,0.007971465718080563,,,,,0,0,1,0
focused,,,,,keystroke,,,,,0.980521937748071,0.0077623020074084875,0.004409019697974983,0.007306740546545577,,,,,0,0,1,0
distracted,,,,,keystroke,,,,,0.24083357388028775,0.7568441822694307,0.002297164683824263,2.5079166457185738e-05,,,,,0,0,1,0
distracted,,,,,keystroke,,,,,0.08925524618830451,0.8949275956892138,0.0021051091108531044,0.0137120490116286,,,,,0,0,1,0
focused,,,,,keystroke,,,,,0.99397460629072,0.002523458435253579,9.08707202270707e-05,0.0034110645537990354,,,,,0,0,1,0
focused,,,,,keystroke,,,,,0.9999925955781458,1.1359948765071502e-06,6.442021160371564e-07,5.624224861734001e-06,,,,,0,0,1,0
focused,,,,,keystroke,,,,,0.9978061595348515,0.0020915896261546954,1.1260073323377464e-05,9.099076567039426e-05,,,,,0,0,1,0
distracted,,,,,keystroke,,,,,0.026590058847076346,0.7230016942565709,0.002236971914726367,0.24817127498162617,,,,,0,0,1,0
distracted,,,,,keystroke,,,,,8.288315477203483e-05,0.8317747495940163,0.0003691647952133027,0.16777320245599855,,,,,0,0,1,0
distracted,,,,,keystroke,,,,,3.780570906403423e-08,0.9998900609166446,5.709965897775825e-08,0.00010984417798729137,,,,,0,0,1,0
distracted,,,,,keystroke,,,,,4.83909860772221e-06,0.9963438332551025,6.963034673576452e-06,0.0036443646116163233,,,,,0,0,1,0
focused,,,,,keystroke,,,,,0.978355997834709,0.01787927596042015,0.0003510967398226092,0.003413629465048227,,,,,0,0,1,0
distracted,,,,,keystroke,,,,,5.188775462350871e-05,0.9873199448048059,7.696370739041509e-05,0.01255120373318021,,,,,0,0,1,0
distracted,,,,,keystroke,,,,,0.0004945146170941167,0.9382132343677881,0.0003789845965106731,0.06091326641860722,,,,,0,0,1,0
focused,,,,,keystroke,,,,,0.9999941725743278,3.6083030865145414e-07,2.138057487350316e-07,5.2527896146239945e-06,,,,,0,0,1,0
distracted,,,,,keystroke,,,,,0.00013094235636170338,0.9995155161714891,0.00034239124355469464,1.1150228594535775e-05,,,,,0,0,1,0
distracted,,,,,keystroke,,,,,0.2047673721201537,0.672489760261566,0.0057059683442831615,0.1170368992739972,,,,,0,0,1,0
focused,,,,,keystroke,,,,,0.999834384344441,2.99948725766829e-08,1.6702283985981486e-08,0.00016556895840222265,,,,,0,0,1,0
focused,,,,,keystroke,,,,,0.997945085590709,0.0019792425838165485,8.54131889391136e-06,6.713050658083665e-05,,,,,0,0,1,0
focused,,,,,keystroke,,,,,0.9965844700399209,0.003358198684586927,1.0445325274852239e-05,4.688595021714244e-05,,,,,0,0,1,0
distracted,,,,,keystroke,,,,,0.025323392334499987,0.8659723124743576,0.006530653626715001,0.1021736415644277,,,,,0,0,1,0
distracted,,,,,keystroke,,,,,4.1069124987212694e-05,0.9587325181446693,0.00037758155644403363,0.040848831173899446,,,,,0,0,1,0
distracted,,,,,keystroke,,,,,3.33333398642488e-08,0.9999997964538964,9.340769595818195e-08,7.680506778473443e-08,,,,,0,0,1,0
distracted,,,,,keystroke,,,,,3.3333340517353405e-08,0.9999998160470124,9.999614614998955e-08,5.062350086492271e-08,,,,,0,0,1,0
focused,,,,,keystroke,,,,,0.9999999563317775,2.934540794240685e-14,4.6737487615202526e-14,4.366814629403971e-08,,,,,0,0,1,0
focused,,,,,keystroke,,,,,0.9998710491517407,2.4662440609557798e-08,5.377000737379319e-08,0.0001288724158114705,,,,,0,0,1,0
focused,,,,,keystroke,,,,,0.9999882988041631,2.454376062799656e-10,5.17281931481424e-10,1.170043311741773e-05,,,,,0,0,1,0
focused,,,,,keystroke,,,,,0.9999999664154262,3.822171904743675e-11,6.845628492296775e-11,3.3477895568428756e-08,,,,,0,0,1,0
focused,,,,,keystroke,,,,,0.9999999666531048,3.548202683998746e-13,6.333675584405172e-13,3.334590700639536e-08,,,,,0,0,1,0
focused,,,,,keystroke,,,,,0.9999999664671603,1.563743713994012e-14,2.824760965856857e-14,3.353279579198787e-08,,,,,0,0,1,0
focused,,,,,keystroke,,,,,0.9999999648657546,2.095579038907539e-14,3.079519421111939e-14,3.513419359931963e-08,,,,,0,0,1,0
focused,,,,,keystroke,,,,,0.9999999655476431,1.8889314406239892e-14,3.001870633403904e-14,3.4452307889921215e-08,,,,,0,0,1,0
focused,,,,,keystroke,,,,,0.9999999629615314,1.723480666297001e-14,2.867673999804788e-14,3.703842272943409e-08,,,,,0,0,1,0
focused,,,,,keystroke,,,,,0.9999999605930847,1.8287364975586186e-14,2.929175551360706e-14,3.940686758317763e-08,,,,,0,0,1,0
focused,,,,,keystroke,,,,,0.9999999633438892,2.98285936969173e-14,2.912023022632608e-14,3.665605190671967e-08,,,,,0,0,1,0
focused,,,,,keystroke,,,,,0.9999999666330802,6.803150410740322e-13,1.227601011457255e-12,3.3365011887613384e-08,,,,,0,0,1,0
focused,,,,,keystroke,,,,,0.9978245952542885,0.0021702900393000034,4.6480900219360465e-06,4.6661638955566093e-07,,,,,0,0,1,0
focused,,,,,keystroke,,,,,0.9999999664285493,3.687742934600991e-13,2.715135955949596e-13,3.357081034845273e-08,,,,,0,0,1,0
focused,,,,,keystroke,,,,,0.9999999665738897,1.7142777364974574e-11,1.7814603954598437e-11,3.3391152796633157e-08,,,,,0,0,1,0
focused,,,,,keystroke,,,,,0.9779536165232627,0.020668771312547973,0.001376007063299617,1.6051008895837868e-06,,,,,0,0,1,0
focused,,,,,keystroke,,,,,0.9976321124587758,0.0023268812406672217,4.0890837023553194e-05,1.1546353340996106e-07,,,,,0,0,1,0
focused,,,,,keystroke,,,,,0.9999999665533527,5.022027591642995e-12,3.799112237587304e-12,3.343782633934748e-08,,,,,0,0,1,0
focused,,,,,keystroke,,,,,0.999999965873292,1.6023449138431052e-14,2.8387387377887787e-14,3.412666352669002e-08,,,,,0,0,1,0
focused,,,,,keystroke,,,,,0.9992113510482226,5.729488285462442e-07,1.0531518220988001e-06,0.0007870228511267774,,,,,0,0,1,0
focused,,,,,keystroke,,,,,0.9998646660576689,2.219748473999948e-08,4.709117287445182e-08,0.00013526465367340123,,,,,0,0,1,0
focused,,,,,keystroke,,,,,0.999999941252245,1.9528299650362676e-14,3.443709986079988e-14,5.874770095681279e-08,,,,,0,0,1,0
focused,,,,,keystroke,,,,,0.9999999094601835,4.617706687682149e-13,7.425580395950904e-13,9.053861225641086e-08,,,,,0,0,1,0
overloaded,,,,,keystroke,,,,,1.13907541272114e-09,3.370652229155896e-09,1.8102097599177276e-09,0.9999999936800625,,,,,0,0,1,0
overloaded,,,,,keystroke,,,,,1.4046985114414544e-14,4.156490594339375e-14,2.232189439518634e-14,0.999999999999922,,,,,0,0,1,0
focused,,,,,keystroke,,,,,0.9999998992540587,4.727156500763586e-14,6.98989434210583e-14,1.0074582399563643e-07,,,,,0,0,1,0
focused,,,,,keystroke,,,,,0.9999999641232518,2.8800015678185467e-14,2.9172462873965027e-14,3.587669031595122e-08,,,,,0,0,1,0
focused,,,,,keystroke,,,,,0.9997822386509483,5.428430888860803e-07,3.0707957548050693e-07,0.00021691142638732632,,,,,0,0,1,0
focused,,,,,keystroke,,,,,0.9998636078626479,1.8814358571466644e-07,1.086341067330997e-07,0.00013609535965974218,,,,,0,0,1,0
focused,,,,,keystroke,,,,,0.9999999663838651,1.847634462543235e-14,2.986424704281711e-14,3.361608664928618e-08,,,,,0,0,1,0
focused,,,,,keystroke,,,,,0.9999999665806151,1.611942415514231e-14,2.8626593363002065e-14,3.3419340115369427e-08,,,,,0,0,1,0
focused,,,,,keystroke,,,,,0.9999999663185213,1.5887692287020513e-14,2.8395210727258917e-14,3.368143435285651e-08,,,,,0,0,1,0
focused,,,,,keystroke,,,,,0.9999999660258988,1.7919437541362118e-14,2.957638206918535e-14,3.397405361107934e-08,,,,,0,0,1,0
focused,,,,,keystroke,,,,,0.9999999663263504,3.049917424545424e-14,2.1879358498550054e-14,3.367359736581068e-08,,,,,0,0,1,0
fatigued,,,,,keystroke,,,,,0.001118521977242937,0.0036746397160135153,0.9931129533991014,0.002093884907642106,,,,,0,0,1,0
focused,,,,,keystroke,,,,,0.9691024928034927,1.0642651107508444e-05,0.0030125674155321125,0.027874297129867533,,,,,0,0,1,0
overloaded,,,,,keystroke,,,,,0.262428853664703,0.006271365335425805,0.01680526671432069,0.7144945142855506,,,,,0,0,1,0
focused,,,,,keystroke,,,,,0.9868899466846628,0.01218353237660076,0.00036013520842106386,0.0005663857303155079,,,,,0,0,1,0
focused,,,,,keystroke,,,,,0.999993465713179,2.411526226277675e-09,4.664501396165031e-09,6.52721079335926e-06,,,,,0,0,1,0
focused,,,,,keystroke,,,,,0.9999903980729593,1.884412628354367e-08,3.68397852174731e-08,9.546243129277566e-06,,,,,0,0,1,0
focused,,,,,keystroke,,,,,0.9737029367264829,2.3235873858691555e-05,0.0040602802243169716,0.022213547175341488,,,,,0,0,1,0
focused,,,,,keystroke,,,,,0.9992148655003079,6.654954500303564e-07,1.345104810571014e-06,0.0007831238994314986,,,,,0,0,1,0
focused,,,,,keystroke,,,,,0.9999999509132269,1.902897664386846e-14,3.158988355291074e-14,4.9086722367891667e-08,,,,,0,0,1,0
focused,,,,,keystroke,,,,,0.9999993084400886,1.0507426168292579e-12,1.8417341513380224e-12,6.915570190982924e-07,,,,,0,0,1,0
focused,,,,,keystroke,,,,,0.9999937373446259,5.2353607644690327e-11,6.49139478800885e-11,6.262538106626082e-06,,,,,0,0,1,0
focused,,,,,keystroke,,,,,0.9995012983440227,2.715338725354733e-07,5.153824702422773e-07,0.0004979147396345599,,,,,0,0,1,0
focused,,,,,keystroke,,,,,0.9940661527762585,2.9947766523093692e-05,1.8306067200832054e-05,0.0058855933900174824,,,,,0,0,1,0
focused,,,,,keystroke,,,,,0.9947248975551869,2.44507854545823e-05,1.5987670015683978e-05,0.005234663989342917,,,,,0,0,1,0
focused,,,,,keystroke,,,,,0.9991882001449918,7.080270380067974e-07,9.187327199323391e-07,0.0008101730952504038,,,,,0,0,1,0
fatigued,,,,,keystroke,,,,,0.04313788696380575,2.7362428840915476e-05,0.9568305795581096,4.171049243849198e-06,,,,,0,0,1,0
fatigued,,,,,keystroke,,,,,0.007598126632212446,3.440592208300121e-05,0.9921137645439286,0.00025370290177571315,,,,,0,0,1,0
focused,,,,,keystroke,,,,,0.9999999326145544,8.859283581555343e-09,1.4590442098324449e-08,4.3935719700374497e-08,,,,,0,0,1,0
focused,,,,,keystroke,,,,,0.9999999657412217,1.59451972096439e-14,2.8282770416476698e-14,3.4258734165954696e-08,,,,,0,0,1,0
focused,,,,,keystroke,,,,,0.9999999662306044,1.1321335188989494e-12,2.0364475343930168e-12,3.376622706059692e-08,,,,,0,0,1,0
focused,,,,,keystroke,,,,,0.9999999658384545,3.225196892456138e-14,5.736151536969068e-14,3.416145608737094e-08,,,,,0,0,1,0
focused,,,,,keystroke,,,,,0.9822946812018366,0.00014796929441951984,0.017557020060338654,3.2944340537311995e-07,,,,,0,0,1,0
focused,,,,,keystroke,,,,,0.9586571673542434,1.5007901858435109e-05,0.041327415687940974,4.090559572829124e-07,,,,,0,0,1,0
fatigued,,,,,keystroke,,,,,3.046135017821769e-05,0.2561546249301716,0.7306648251970671,0.013150088522583056,,,,,0,0,1,0
distracted,,,,,keystroke,,,,,6.298814975028806e-05,0.9082608983377848,0.05362319706273594,0.03805291644972904,,,,,0,0,1,0
overloaded,,,,,keystroke,,,,,3.6375564558988985e-08,1.1021254944647218e-07,7.053472419959518e-08,0.9999997828771617,,,,,0,0,1,0
overloaded,,,,,keystroke,,,,,1.342507680193446e-14,3.9724684740959065e-14,2.1333627211208062e-14,0.9999999999999255,,,,,0,0,1,0
overloaded,,,,,keystroke,,,,,1.3467405062717713e-14,4.0104132982695485e-14,2.21458445385149e-14,0.9999999999999244,,,,,0,0,1,0
overloaded,,,,,keystroke,,,,,1.4176114436656609e-14,2.190988370830606e-14,3.992197271883229e-14,0.999999999999924,,,,,0,0,1,0
overloaded,,,,,keystroke,,,,,1.8694589828579412e-14,2.488121405616331e-14,3.971256731427094e-14,0.9999999999999167,,,,,0,0,1,0
focused,,,,,keystroke,,,,,0.99999995347785,1.805993840229801e-14,2.979594217913072e-14,4.652210207164831e-08,,,,,0,0,1,0
focused,,,,,keystroke,,,,,0.9999999602111586,3.3977206538816524e-14,2.6995675773932212e-14,3.978878027632365e-08,,,,,0,0,1,0
focused,,,,,keystroke,,,,,0.976300204749493,0.02340584520328421,6.064618826287716e-05,0.00023330385895998972,,,,,0,0,1,0
focused,,,,,keystroke,,,,,0.9050986959608407,0.09425749259773511,0.0003532373477524449,0.00029057409367185157,,,,,0,0,1,0
focused,,,,,keystroke,,,,,0.9999999509620253,2.935980061941324e-14,3.1618430969023275e-14,4.90379137990376e-08,,,,,0,0,1,0
focused,,,,,keystroke,,,,,0.999702182002127,7.97011792569204e-08,1.432156978324436e-07,0.0002975950809957808,,,,,0,0,1,0
focused,,,,,keystroke,,,,,0.9998000626101529,4.004169777919681e-08,7.730431405677191e-08,0.0001998200438352968,,,,,0,0,1,0
focused,,,,,keystroke,,,,,0.9999999390888408,4.195528491341683e-14,2.848216602607117e-14,6.091108874829505e-08,,,,,0,0,1,0
focused,,,,,keystroke,,,,,0.999984954852709,2.9133540712206224e-07,6.161713036754083e-07,1.4137640580075556e-05,,,,,0,0,1,0
focused,,,,,keystroke,,,,,0.9999973336088277,1.3436138122684877e-11,2.743395420521755e-11,2.6663503022466665e-06,,,,,0,0,1,0
focused,,,,,keystroke,,,,,0.9999957112910205,3.5008858399821074e-11,7.076809157112404e-11,4.288603202648344e-06,,,,,0,0,1,0
focused,,,,,keystroke,,,,,0.9999999658087265,1.6147046833544967e-14,2.8466525751926594e-14,3.41912288300306e-08,,,,,0,0,1,0
focused,,,,,keystroke,,,,,0.8371573872094803,0.1477879124845192,0.011951464617076144,0.003103235688924473,,,,,0,0,1,0
distracted,,,,,keystroke,,,,,0.0038396909410336856,0.977418254997751,0.010103521310704312,0.008638532750511012,,,,,0,0,1,0
focused,,,,,keystroke,,,,,0.9999999535882061,1.825782543471934e-14,2.996667423345641e-14,4.641174565569911e-08,,,,,0,0,1,0
distracted,,,,,keystroke,,,,,6.876986204454144e-06,0.9999603935577209,1.8017816469783754e-05,1.4711639604891842e-05,,,,,0,0,1,0
distracted,,,,,keystroke,,,,,3.675868970388894e-08,0.9999735575425545,6.02553540153747e-08,2.6345443401900282e-05,,,,,0,0,1,0
distracted,,,,,keystroke,,,,,0.019523863791584693,0.9800623749004448,0.0003589345923120792,5.482671565835431e-05,,,,,0,0,1,0
focused,,,,,keystroke,,,,,0.5571852582093597,0.4372875906278183,0.0055099350201434595,1.7216142678578464e-05,,,,,0,0,1,0
focused,,,,,keystroke,,,,,0.9973271472229102,0.0008425322673032428,0.001610702841211426,0.00021961766857528467,,,,,0,0,1,0
focused,,,,,keystroke,,,,,0.9962315002423593,0.0035094547837928322,0.0002580672752717749,9.77698576103325e-07,,,,,0,0,1,0
focused,,,,,keystroke,,,,,0.999999965925249,1.5936169219964727e-14,2.832582496310548e-14,3.407470672979167e-08,,,,,0,0,1,0
focused,,,,,keystroke,,,,,0.9999999665761148,1.5613792196359812e-14,2.825906152984175e-14,3.342384121925809e-08,,,,,0,0,1,0
focused,,,,,keystroke,,,,,0.9999999662256597,1.574847297781003e-14,2.8264040400028524e-14,3.377429624483467e-08,,,,,0,0,1,0
focused,,,,,keystroke,,,,,0.9999999662245909,1.5955860331815596e-14,2.8420246494914697e-14,3.377536468384113e-08,,,,,0,0,1,0
overloaded,,,,,keystroke,,,,,1.8138324046044626e-14,4.2448657101721216e-14,1.50868217055165e-14,0.9999999999999243,,,,,0,0,1,0
overloaded,,,,,keystroke,,,,,3.161965089260535e-11,2.8196650002912043e-11,1.8155439426344396e-11,0.9999999999220284,,,,,0,0,1,0
overloaded,,,,,keystroke,,,,,1.8300265245016614e-07,5.423922254476088e-07,2.908266648219977e-07,0.9999989837784572,,,,,0,0,1,0
distracted,,,,,keystroke,,,,,3.341532227845273e-08,0.9999994868075226,5.523285499425352e-08,4.2454430020969804e-07,,,,,0,0,1,0
distracted,,,,,keystroke,,,,,3.445374581455467e-08,0.999941880774966,5.171996440006635e-08,5.803305132380318e-05,,,,,0,0,1,0
overloaded,,,,,keystroke,,,,,3.4489591965967125e-08,0.007226430077086215,5.3061070869800694e-08,0.9927734823722512,,,,,0,0,1,0
focused,,,,,keystroke,,,,,0.9698468618338341,0.018361904443452478,0.011743550568325933,4.768315438771884e-05,,,,,0,0,1,0
focused,,,,,keystroke,,,,,0.9754603034714382,0.02334547618114797,0.0011785961771628526,1.5624170250869095e-05,,,,,0,0,1,0
focused,,,,,keystroke,,,,,0.9999999661755211,1.5852980965298412e-14,2.8330361264998e-14,3.382443476567248e-08,,,,,0,0,1,0
focused,,,,,keystroke,,,,,0.9999999660366268,1.725678889321429e-14,2.9233191068212006e-14,3.396332678392943e-08,,,,,0,0,1,0
focused,,,,,keystroke,,,,,0.9999999648959098,1.790470965508351e-14,2.944760219046642e-14,3.51040428707186e-08,,,,,0,0,1,0
focused,,,,,keystroke,,,,,0.9999999659942495,1.634748186895567e-14,2.86583282699653e-14,3.4005705512937314e-08,,,,,0,0,1,0
focused,,,,,keystroke,,,,,0.9999998717709183,1.6064506077697034e-10,1.7951458197523985e-10,1.2788892206544854e-07,,,,,0,0,1,0
overloaded,,,,,keystroke,,,,,2.158853439777313e-14,2.339278641778613e-14,3.98932447093288e-14,0.9999999999999152,,,,,0,0,1,0
overloaded,,,,,keystroke,,,,,1.5252225305361837e-06,1.4664275144216207e-05,0.004786242553533055,0.9951975679487919,,,,,0,0,1,0
overloaded,,,,,keystroke,,,,,0.00026904993583681174,0.003294714374586971,0.001147211737124221,0.995289023952452,,,,,0,0,1,0
focused,,,,,keystroke,,,,,0.9720819708610348,5.5966040818502216e-05,0.00017740017854933873,0.027684662919597407,,,,,0,0,1,0
focused,,,,,keystroke,,,,,0.9999999650569477,2.734433459039875e-14,2.9358507639176844e-14,3.494299546111939e-08,,,,,0,0,1,0
focused,,,,,keystroke,,,,,0.9999995051910866,5.2209305730593574e-08,2.9073262199537757e-08,4.1352634542807753e-07,,,,,0,0,1,0
overloaded,,,,,keystroke,,,,,3.826999067096039e-07,3.5420498629487156e-07,3.279816397961274e-07,0.9999989351134672,,,,,0,0,1,0
focused,,,,,keystroke,,,,,0.999999787452982,1.4182959591580934e-13,2.316344692162812e-13,2.1254664434450782e-07,,,,,0,0,1,0
focused,,,,,keystroke,,,,,0.9999993505739201,1.3825465444847214e-12,2.1957390594174553e-12,6.494225016160632e-07,,,,,0,0,1,0
focused,,,,,keystroke,,,,,0.9999991987057923,2.368325658356967e-12,3.653394452035806e-12,8.012881857526979e-07,,,,,0,0,1,0
focused,,,,,keystroke,,,,,0.9845009318553949,0.0001696176435655568,0.00017701485398760367,0.015152435647051947,,,,,0,0,1,0
focused,,,,,keystroke,,,,,0.9999820616290441,3.8959911530091287e-10,5.928334273945921e-10,1.7937388523361694e-05,,,,,0,0,1,0
overloaded,,,,,keystroke,,,,,2.2155736926367824e-13,1.9047928316809994e-13,1.2290279795633548e-13,0.999999999999465,,,,,0,0,1,0
overloaded,,,,,keystroke,,,,,1.114553734669243e-12,3.2979671900021078e-12,1.7711241342077462e-12,0.9999999999938164,,,,,0,0,1,0
overloaded,,,,,keystroke,,,,,9.866756664156905e-08,0.21644462610558554,4.784217940768106e-06,0.783550491008907,,,,,0,0,1,0
focused,,,,,keystroke,,,,,0.9999999653493974,1.6931265652307224e-14,2.891610770559292e-14,3.4650556794477836e-08,,,,,0,0,1,0
focused,,,,,keystroke,,,,,0.999999965062488,1.748212745181863e-14,2.9238637591205687e-14,3.49374652217165e-08,,,,,0,0,1,0
focused,,,,,keystroke,,,,,0.9999999613578558,1.9602633318591005e-14,3.0173054183032294e-14,3.864209425833964e-08,,,,,0,0,1,0
fatigued,,,,,keystroke,,,,,0.001534140898289754,0.11031382677479674,0.655427681901576,0.23272435042533768,,,,,0,0,1,0
overloaded,,,,,keystroke,,,,,0.11635793977076327,0.00027702090278821853,0.13114580802733267,0.7522192312991159,,,,,0,0,1,0
focused,,,,,keystroke,,,,,0.9956461091355057,3.120751090603086e-05,0.0035788370476067454,0.000743846305981706,,,,,0,0,1,0
focused,,,,,keystroke,,,,,0.9999174423590369,1.0238683891018375e-08,6.503215097570705e-09,8.254089906395151e-05,,,,,0,0,1,0
focused,,,,,keystroke,,,,,0.5164018179772514,0.00011193866533497854,0.0008923067888703545,0.48259393656854344,,,,,0,0,1,0
overloaded,,,,,keystroke,,,,,0.006501439677943848,1.818213619509923e-05,5.412064126839738e-05,0.9934262575445927,,,,,0,0,1,0
overloaded,,,,,keystroke,,,,,0.24369849609115768,0.00025685743728076567,6.87302297884285e-05,0.7559759162417732,,,,,0,0,1,0
overloaded,,,,,keystroke,,,,,1.720715086318399e-09,1.3044162580416708e-09,1.2558874389003493e-09,0.9999999957189812,,,,,0,0,1,0
overloaded,,,,,keystroke,,,,,0.6186711382142696,0.030045943894895597,0.020985458162542374,0.3302974597282923,,,,,0,0,1,0
focused,,,,,keystroke,,,,,0.5304931356864621,7.234519440894173e-05,0.00031191267580127255,0.469122606443328,,,,,0,0,1,0
overloaded,,,,,keystroke,,,,,0.01924342871991668,0.0001887820406855496,0.0001710756946012053,0.9803967135447966,,,,,0,0,1,0
focused,,,,,keystroke,,,,,0.30167356726766414,0.00036620365283095624,0.00010308502947118329,0.6978571440500337,,,,,0,0,1,0
focused,,,,,keystroke,,,,,0.9797571667091,0.0003248116115405652,0.0001976205793218571,0.01972040110003741,,,,,0,0,1,0
focused,,,,,keystroke,,,,,0.999995465822844,3.951766545212472e-11,1.7138899839885476e-11,4.534120499489353e-06,,,,,0,0,1,0
focused,,,,,keystroke,,,,,0.9999999533642724,3.799097728763703e-14,2.1457535323364782e-14,4.663566828763592e-08,,,,,0,0,1,0
focused,,,,,keystroke,,,,,0.9994906874353621,2.5499610882598297e-07,1.7699866139479877e-07,0.000508880569867683,,,,,0,0,1,0
focused,,,,,keystroke,,,,,0.36633006264333073,5.037377312285644e-05,0.001184648225368749,0.6324349153581776,,,,,0,0,1,0
focused,,,,,keystroke,,,,,0.9511548427458125,0.00010685849912289048,0.0001507888327207858,0.04858750992234392,,,,,0,0,1,0
focused,,,,,keystroke,,,,,0.999602097874156,1.4041485361231652e-07,8.511681077117203e-08,0.0003976765941795337,,,,,0,0,1,0
focused,,,,,keystroke,,,,,0.9999997656345821,1.1259684399843638e-13,8.562590128589937e-14,2.3436521975174965e-07,,,,,0,0,1,0
focused,,,,,keystroke,,,,,0.9999999542696831,3.6451884323884635e-14,2.348503437900918e-14,4.573025688974585e-08,,,,,0,0,1,0
focused,,,,,keystroke,,,,,0.9949763639045616,2.1948762985365223e-05,1.6370257644117396e-05,0.004985317074809015,,,,,0,0,1,0
focused,,,,,keystroke,,,,,0.4128519461575401,9.766480227466304e-05,0.002068338243218714,0.5849820507969666,,,,,0,0,1,0
focused,,,,,keystroke,,,,,0.9999892218060151,3.8285999076671484e-07,2.4592531476744756e-07,1.0149408679366933e-05,,,,,0,0,1,0
distracted,,,,,keystroke,,,,,0.21023033957408174,0.7810710902884781,0.0026407649458041727,0.0060578051916360415,,,,,0,0,1,0
focused,,,,,keystroke,,,,,0.9789085988900986,0.004028544830013287,0.0006924213007559809,0.016370434979132,,,,,0,0,1,0
distracted,,,,,keystroke,,,,,5.630416435377266e-05,0.9892670082750377,3.843972755117229e-05,0.010638247833057326,,,,,0,0,1,0
distracted,,,,,keystroke,,,,,3.3761179357155057e-08,0.9999871259515833,5.3532686224437016e-08,1.278675455108608e-05,,,,,0,0,1,0
distracted,,,,,keystroke,,,,,4.08942798767787e-05,0.8697414457010778,0.00026558842848826443,0.1299520715905571,,,,,0,0,1,0
distracted,,,,,keystroke,,,,,0.02763206363442516,0.9718654142012402,0.00046023861887225576,4.228354546237339e-05,,,,,0,0,1,0
focused,,,,,keystroke,,,,,0.9999976388532655,8.061222049231447e-08,4.533485389708536e-08,2.2351996601997717e-06,,,,,0,0,1,0
focused,,,,,keystroke,,,,,0.9999999652632089,1.7502811925585315e-14,2.93364430169461e-14,3.473674424571458e-08,,,,,0,0,1,0
focused,,,,,keystroke,,,,,0.9999991525039775,1.9206642074559007e-12,3.184724912991166e-12,8.474909169553851e-07,,,,,0,0,1,0
focused,,,,,keystroke,,,,,0.9999999659815801,1.5861182922134626e-14,2.828417671593064e-14,3.40183755777124e-08,,,,,0,0,1,0
focused,,,,,keystroke,,,,,0.9999999666187471,2.0070562997226013e-12,3.0444680102630725e-12,3.3376201374162996e-08,,,,,0,0,1,0
focused,,,,,keystroke,,,,,0.9999999101583504,4.962767840204078e-10,6.221102337866918e-10,8.872326258343585e-08,,,,,0,0,1,0
focused,,,,,keystroke,,,,,0.9999999662102405,1.5766164536783112e-14,2.8277821189263677e-14,3.3789715489446704e-08,,,,,0,0,1,0
focused,,,,,keystroke,,,,,0.9999998777549277,5.110921331637735e-13,8.484830209566408e-13,1.2224371279112542e-07,,,,,0,0,1,0
focused,,,,,keystroke,,,,,0.9999999588451534,2.0521429925616182e-13,3.262181252579673e-13,4.115431525586079e-08,,,,,0,0,1,0
focused,,,,,keystroke,,,,,0.999999966659017,2.808059699252408e-13,5.023806289415277e-13,3.334019988188863e-08,,,,,0,0,1,0
focused,,,,,keystroke,,,,,0.9999999293917375,1.0809710774620985e-08,1.9553180970334922e-08,4.0245370805679204e-08,,,,,0,0,1,0
overloaded,,,,,keystroke,,,,,0.0006904170322267432,1.0503141702224718e-05,0.0022985541906314546,0.9970005256354397,,,,,0,0,1,0
overloaded,,,,,keystroke,,,,,1.4174634152203438e-14,2.1908473708953598e-14,3.9922090366319626e-14,0.999999999999924,,,,,0,0,1,0
overloaded,,,,,keystroke,,,,,1.3432167711805223e-14,3.979178859335681e-14,2.1471340782985328e-14,0.9999999999999253,,,,,0,0,1,0
overloaded,,,,,keystroke,,,,,1.34322800189336e-14,3.979283997562646e-14,2.147351757841813e-14,0.9999999999999253,,,,,0,0,1,0
overloaded,,,,,keystroke,,,,,3.3684133890285864e-14,2.209833675263705e-14,2.3613618262332518e-14,0.9999999999999206,,,,,0,0,1,0
overloaded,,,,,keystroke,,,,,1.3425077008821212e-14,3.972468671968945e-14,2.1333631237154293e-14,0.9999999999999255,,,,,0,0,1,0
overloaded,,,,,keystroke,,,,,3.36867607258937e-14,2.2315450706414028e-14,2.3704790630773377e-14,0.9999999999999203,,,,,0,0,1,0
overloaded,,,,,keystroke,,,,,3.3686897836928986e-14,2.23263244201308e-14,2.370929064870011e-14,0.9999999999999202,,,,,0,0,1,0
overloaded,,,,,keystroke,,,,,3.368684119036085e-14,2.2321858419710608e-14,2.3707442832228815e-14,0.9999999999999203,,,,,0,0,1,0
overloaded,,,,,keystroke,,,,,3.3686755567759346e-14,2.2315038349007353e-14,2.370461989553519e-14,0.9999999999999203,,,,,0,0,1,0
overloaded,,,,,keystroke,,,,,1.3433022329661758e-14,3.979978037009947e-14,2.148790208042425e-14,0.9999999999999253,,,,,0,0,1,0
distracted,,,,,keystroke,,,,,2.6037865796286317e-05,0.9999542382147709,9.645010338483572e-06,1.0078909094290417e-05,,,,,0,0,1,0
focused,,,,,keystroke,,,,,0.7799769990314362,0.015035470569147542,0.030657082224815915,0.17433044817460017,,,,,0,0,1,0
focused,,,,,keystroke,,,,,0.9164252958868315,0.006262655492096888,0.016795643495221526,0.06051640512584992,,,,,0,0,1,0
focused,,,,,keystroke,,,,,0.9999999644434592,1.6764429268309454e-14,2.86153960868665e-14,3.555649551387732e-08,,,,,0,0,1,0
focused,,,,,keystroke,,,,,0.999999962110747,2.397227820859949e-14,3.164526906479895e-14,3.788919741586207e-08,,,,,0,0,1,0
distracted,,,,,keystroke,,,,,8.687195571346368e-07,0.9984158802500922,1.5755933743171703e-06,0.001581675436976182,,,,,0,0,1,0
overloaded,,,,,keystroke,,,,,3.9178791958122084e-07,0.02959748827321352,0.00016817066836712622,0.9702339492704997,,,,,0,0,1,0
overloaded,,,,,keystroke,,,,,1.449763241391207e-14,3.6956106603410746e-14,4.2079712324419814e-14,0.9999999999999065,,,,,0,0,1,0
distracted,,,,,keystroke,,,,,1.114928597555921e-05,0.9415678460094652,0.0037952821926597207,0.05462572251189962,,,,,0,0,1,0
overloaded,,,,,keystroke,,,,,3.632525731336524e-08,0.00825635077839724,3.668215629696706e-05,0.9917069307400483,,,,,0,0,1,0
overloaded,,,,,keystroke,,,,,1.4567702314070062e-14,4.062640551989475e-14,3.80617656741231e-14,0.9999999999999067,,,,,0,0,1,0
overloaded,,,,,keystroke,,,,,3.2934977529916695e-12,9.770300021461746e-12,5.3028626526194316e-12,0.9999999999816334,,,,,0,0,1,0
overloaded,,,,,keystroke,,,,,2.321192746526883e-06,0.39154002698941587,0.0012600874100083485,0.6071975644078289,,,,,0,0,1,0
overloaded,,,,,keystroke,,,,,5.5399157762058716e-05,0.12305771771179434,0.0002462397008150029,0.8766406434296286,,,,,0,0,1,0
distracted,,,,,keystroke,,,,,3.3391910788679607e-08,0.9999998003567476,9.632670370499228e-08,6.992463774466906e-08,,,,,0,0,1,0
distracted,,,,,keystroke,,,,,4.887244878157562e-08,0.9999994304480373,7.239426910060306e-08,4.48285244788303e-07,,,,,0,0,1,0
distracted,,,,,keystroke,,,,,1.5610163703819937e-06,0.9998434951794446,1.1728910848361546e-06,0.00015377091310011273,,,,,0,0,1,0
overloaded,,,,,keystroke,,,,,0.1196579950726539,0.0021681736144583265,0.028869971250679284,0.8493038600622085,,,,,0,0,1,0
overloaded,,,,,keystroke,,,,,6.057630127709671e-10,7.708771883827171e-10,1.222404247213038e-09,0.9999999974009557,,,,,0,0,1,0
overloaded,,,,,keystroke,,,,,7.434296111567487e-10,6.710357670062655e-10,1.443634976022429e-09,0.9999999971418997,,,,,0,0,1,0
focused,,,,,keystroke,,,,,0.99999939926073,4.921755071873858e-13,8.326689030629103e-13,6.007379451426476e-07,,,,,0,0,1,0
overloaded,,,,,keystroke,,,,,0.021774590199995853,0.0006815408903915471,0.0009557152992259858,0.9765881536103869,,,,,0,0,1,0
overloaded,,,,,keystroke,,,,,0.07325025952935191,0.00251487427421789,0.0033379957499649177,0.9208968704464655,,,,,0,0,1,0
focused,,,,,keystroke,,,,,0.999999961297019,2.264441668826894e-14,3.1269936153215715e-14,3.870292712907438e-08,,,,,0,0,1,0
focused,,,,,keystroke,,,,,0.9999982854895981,8.344647175014749e-12,9.464660917263999e-12,1.7144925927659296e-06,,,,,0,0,1,0
focused,,,,,keystroke,,,,,0.9999936840742351,5.946979977878303e-11,4.650208284160175e-11,6.3158197930822756e-06,,,,,0,0,1,0
focused,,,,,keystroke,,,,,0.9999999647980146,3.2144708158585825e-14,2.1319974799275004e-14,3.5201931904544044e-08,,,,,0,0,1,0
distracted,,,,,keystroke,,,,,3.3333340463122795e-08,0.9999998144200954,9.994776211412255e-08,5.22988020916863e-08,,,,,0,0,1,0
overloaded,,,,,keystroke,,,,,9.973421378663078e-08,0.01743671940221066,0.0006917405843539582,0.9818714402792218,,,,,0,0,1,0
overloaded,,,,,keystroke,,,,,1.53411569602774e-05,3.231046961963631e-05,0.0077992035127219875,0.992153144860698,,,,,0,0,1,0
overloaded,,,,,keystroke,,,,,4.986068497948554e-07,1.0056190720447374e-06,1.511382623901337e-06,0.9999969843914542,,,,,0,0,1,0
distracted,,,,,keystroke,,,,,3.333685224493589e-08,0.9999998166604823,1.000000216134023e-07,5.000264375278476e-08,,,,,0,0,1,0
distracted,,,,,keystroke,,,,,3.4687738322638736e-08,0.9999997973739801,9.993495621082715e-08,6.800332514356584e-08,,,,,0,0,1,0
focused,,,,,keystroke,,,,,0.9999995118099116,9.207315143126006e-13,1.379473911191997e-12,4.881877882500289e-07,,,,,0,0,1,0
overloaded,,,,,keystroke,,,,,0.00013614550697750737,0.16697150879816458,0.0008547723492838042,0.8320375733455742,,,,,0,0,1,0
distracted,,,,,keystroke,,,,,7.06124409794674e-06,0.8987336631844177,0.00033234679558889584,0.10092692877589521,,,,,0,0,1,0
focused,,,,,keystroke,,,,,0.962262839046895,1.7284923272467806e-05,0.0004487081496733206,0.037271167880159196,,,,,0,0,1,0
focused,,,,,keystroke,,,,,0.9999806680931296,3.6211069968749604e-10,2.579919349868648e-10,1.933128676800937e-05,,,,,0,0,1,0
overloaded,,,,,keystroke,,,,,1.5496176629964143e-07,0.01046973000885912,2.1499604105798164e-06,0.9895279650689642,,,,,0,0,1,0
overloaded,,,,,keystroke,,,,,1.0497758608936386e-07,2.3725878559289406e-07,9.483130647179343e-08,0.9999995629323218,,,,,0,0,1,0
overloaded,,,,,keystroke,,,,,1.272187179669973e-08,3.007494597317756e-08,1.7469136614833416e-08,0.9999999397340456,,,,,0,0,1,0
overloaded,,,,,keystroke,,,,,5.844001066215781e-08,0.003216145604837896,4.1771561768827154e-07,0.996783378239534,,,,,0,0,1,0
distracted,,,,,keystroke,,,,,1.341057397959507e-05,0.9935437545483188,2.0116088197099677e-05,0.006422718789504415,,,,,0,0,1,0
overloaded,,,,,keystroke,,,,,3.425610487107308e-08,0.006841403238394031,5.8525567845489986e-08,0.9931585039799332,,,,,0,0,1,0
overloaded,,,,,keystroke,,,,,0.11873652088056673,0.3372505507739859,0.0007982156258901852,0.543214712719557,,,,,0,0,1,0
focused,,,,,keystroke,,,,,0.9999970896118737,2.376646871571097e-10,1.6013987478072844e-10,2.9099903216507454e-06,,,,,0,0,1,0
focused,,,,,keystroke,,,,,0.9999999651116143,1.9123399565873327e-14,3.017107474413622e-14,3.4888336327345473e-08,,,,,0,0,1,0
focused,,,,,keystroke,,,,,0.9999994089784638,6.856484817281314e-13,1.348317481888603e-12,5.910195021754742e-07,,,,,0,0,1,0
overloaded,,,,,keystroke,,,,,9.416038941814974e-08,0.0032094912826603227,6.495767268869699e-07,0.9967897649802234,,,,,0,0,1,0
overloaded,,,,,keystroke,,,,,1.1493150810075943e-07,0.007114878434388663,1.7581581781731904e-06,0.9928832484759252,,,,,0,0,1,0
overloaded,,,,,keystroke,,,,,3.173249938451346e-14,2.777537022192368e-14,1.6878993939853437e-14,0.9999999999999236,,,,,0,0,1,0
overloaded,,,,,keystroke,,,,,1.979697704743563e-14,4.345740643777173e-14,1.5979521683961378e-14,0.9999999999999206,,,,,0,0,1,0
overloaded,,,,,keystroke,,,,,0.06391451106442304,0.005597463511182358,0.004284712416810566,0.9262033130075842,,,,,0,0,1,0
focused,,,,,keystroke,,,,,0.9999951810768793,4.063835731213376e-11,8.68410734389644e-11,4.818795641343457e-06,,,,,0,0,1,0
focused,,,,,keystroke,,,,,0.9999994787020302,5.239719155850914e-13,1.0632393599162634e-12,5.212963824742796e-07,,,,,0,0,1,0
focused,,,,,keystroke,,,,,0.9999999654574226,1.622506222284382e-14,2.8432942507236375e-14,3.454253264158979e-08,,,,,0,0,1,0
focused,,,,,keystroke,,,,,0.9999999652494138,1.6757574497853684e-14,2.8822183559255235e-14,3.475054063551934e-08,,,,,0,0,1,0
overloaded,,,,,keystroke,,,,,2.570277848753101e-07,2.2836059381429104e-07,1.654147564485032e-07,0.9999993491968648,,,,,0,0,1,0
overloaded,,,,,keystroke,,,,,1.35045773501452e-07,4.0015729347589115e-07,2.1461111193220303e-07,0.999999250185821,,,,,0,0,1,0
distracted,,,,,keystroke,,,,,3.336542698587457e-08,0.9999926722012868,8.521319862393716e-08,7.2092200875689335e-06,,,,,0,0,1,0
overloaded,,,,,keystroke,,,,,5.442331762841617e-12,1.6104310489242434e-11,8.649323198732891e-12,0.999999999969804,,,,,0,0,1,0
overloaded,,,,,keystroke,,,,,1.3444087984126323e-14,3.9838252757891005e-14,2.1545353239844728e-14,0.9999999999999252,,,,,0,0,1,0
distracted,,,,,keystroke,,,,,7.998546994464026e-06,0.9950970247746902,2.5335156552752303e-05,0.0048696415217625655,,,,,0,0,1,0
overloaded,,,,,keystroke,,,,,0.4507731067753403,0.31667162112692177,0.04353057487599461,0.18902469722174342,,,,,0,0,1,0
focused,,,,,keystroke,,,,,0.9999999656111012,1.9219363557569334e-14,3.0122553484662127e-14,3.438884950002063e-08,,,,,0,0,1,0
distracted,,,,,keystroke,,,,,3.334900252998934e-08,0.9999950404862038,8.940039106895544e-08,4.836764402584418e-06,,,,,0,0,1,0
distracted,,,,,keystroke,,,,,0.00017506139597979668,0.7804804080680161,0.014898416314987742,0.2044461142210163,,,,,0,0,1,0
focused,,,,,keystroke,,,,,0.9859211783148372,0.004784910242379024,0.003595674470900384,0.005698236971883636,,,,,0,0,1,0
overloaded,,,,,keystroke,,,,,0.004587231618930657,0.00010241189471501618,0.007755184015030499,0.9875551724713237,,,,,0,0,1,0
overloaded,,,,,keystroke,,,,,1.4174841975416013e-14,2.1908808103327262e-14,3.992219436432578e-14,0.999999999999924,,,,,0,0,1,0
overloaded,,,,,keystroke,,,,,1.962205987276411e-14,3.0331192939266314e-14,5.526157902369357e-14,0.9999999999998948,,,,,0,0,1,0
fatigued,,,,,keystroke,,,,,0.3057260519567737,0.14686357914605028,0.5473387726934711,7.159620370487306e-05,,,,,0,0,1,0
distracted,,,,,keystroke,,,,,0.002550874371996653,0.9974237985583773,1.2892861992141324e-05,1.2434207633936638e-05,,,,,0,0,1,0
distracted,,,,,keystroke,,,,,2.4105461854812865e-05,0.9999577899174463,1.766339175745283e-05,4.412289416491462e-07,,,,,0,0,1,0
distracted,,,,,keystroke,,,,,3.3417974226862674e-08,0.9999890283327291,6.008906742379045e-07,1.0337358622252125e-05,,,,,0,0,1,0
distracted,,,,,keystroke,,,,,3.333334021227252e-08,0.9999998068946011,5.5643764557696104e-08,1.0412829396760701e-07,,,,,0,0,1,0
focused,,,,,keystroke,,,,,0.8991278998920396,5.550236020869423e-06,0.09828363524370369,0.002582914628235747,,,,,0,0,1,0
distracted,,,,,keystroke,,,,,7.973879010503031e-05,0.9442870204810694,0.048065110121008336,0.007568130607817145,,,,,0,0,1,0
distracted,,,,,keystroke,,,,,5.788106130588911e-07,0.9991120912392492,2.0703649573056586e-05,0.0008666263005649128,,,,,0,0,1,0
focused,,,,,keystroke,,,,,0.999999957338596,2.777556602979738e-14,3.199597106099024e-14,4.266134419658964e-08,,,,,0,0,1,0
distracted,,,,,keystroke,,,,,7.405369667942809e-06,0.9956236512428353,0.00016272930680737415,0.004206214080689371,,,,,0,0,1,0
fatigued,,,,,keystroke,,,,,3.333339517877228e-08,1.853916835037268e-13,0.9999997796203404,1.8704607910990895e-07,,,,,0,0,1,0
fatigued,,,,,keystroke,,,,,3.3333503063368927e-08,4.728650541295547e-13,0.9999999166213617,5.0044662259401975e-08,,,,,0,0,1,0
distracted,,,,,keystroke,,,,,3.333402645231218e-08,0.9991220841632135,0.0008778294359182319,5.3066841952692506e-08,,,,,0,0,1,0
distracted,,,,,keystroke,,,,,3.455094992110048e-08,0.9941373420508881,0.00586244089430281,1.8250385925156357e-07,,,,,0,0,1,0
overloaded,,,,,keystroke,,,,,0.01577678156118806,0.0004457844406194177,0.0173585291989391,0.9664189047992534,,,,,0,0,1,0
distracted,,,,,keystroke,,,,,7.84709164248499e-06,0.9962415128837905,0.00040852179058845144,0.0033421182339788856,,,,,0,0,1,0
overloaded,,,,,keystroke,,,,,1.3432137477621202e-14,3.9791505490562034e-14,2.1470754745425907e-14,0.9999999999999253,,,,,0,0,1,0
overloaded,,,,,keystroke,,,,,1.3425174983233958e-14,3.972562363991437e-14,2.1335537733222056e-14,0.9999999999999255,,,,,0,0,1,0
focused,,,,,keystroke,,,,,0.9990271595682865,1.2178878658533719e-06,2.583062611462907e-06,0.0009690394812361822,,,,,0,0,1,0
fatigued,,,,,keystroke,,,,,1.1924751404374123e-07,0.00039249098586702544,0.6532989834217587,0.3463084063448603,,,,,0,0,1,0
focused,,,,,keystroke,,,,,0.9999999605468027,3.478702178425735e-14,2.067010793236368e-14,3.9453141610289625e-08,,,,,0,0,1,0
focused,,,,,keystroke,,,,,0.9995514601681398,1.6590991662045303e-07,2.0144725799433692e-07,0.00044817247468554385,,,,,0,0,1,0
focused,,,,,keystroke,,,,,0.9998345384649482,2.5270093681275916e-08,1.9391893676638117e-08,0.0001654168730643089,,,,,0,0,1,0
focused,,,,,keystroke,,,,,0.9999999616893361,3.279878489868268e-14,1.7944550700040997e-14,3.8310612964459553e-08,,,,,0,0,1,0
focused,,,,,keystroke,,,,,0.9999999619504587,3.2959871609218253e-14,1.8484008987425817e-14,3.80494899464212e-08,,,,,0,0,1,0
focused,,,,,keystroke,,,,,0.9999999288010595,5.427720497754826e-14,2.9861609798403256e-14,7.11988563971437e-08,,,,,0,0,1,0
fatigued,,,,,keystroke,,,,,0.13661412912862483,0.0006644213096715729,0.8296679270080476,0.03305352255365629,,,,,0,0,1,0
focused,,,,,keystroke,,,,,0.9993612089694064,5.33969777794003e-07,1.157082356349708e-06,0.0006370999784594107,,,,,0,0,1,0
focused,,,,,keystroke,,,,,0.9999998502912634,5.867804636814924e-14,1.1000078350656883e-13,1.4970856790473233e-07,,,,,0,0,1,0
overloaded,,,,,keystroke,,,,,0.006584187132468653,0.0001561736087817613,0.0843927317529429,0.9088669075058068,,,,,0,0,1,0
focused,,,,,keystroke,,,,,0.9999997659157985,1.2033036563376442e-13,2.3682769889350916e-13,2.3408384421652215e-07,,,,,0,0,1,0
focused,,,,,keystroke,,,,,0.9999999653724402,1.651768471116214e-14,2.8624598594011966e-14,3.462751455439208e-08,,,,,0,0,1,0
distracted,,,,,keystroke,,,,,0.27469504949922674,0.7212859209963999,0.003730012885026861,0.0002890166193465627,,,,,0,0,1,0
distracted,,,,,keystroke,,,,,0.20651618052930726,0.766787027662468,0.02623048931731729,0.0004663024909075695,,,,,0,0,1,0
focused,,,,,keystroke,,,,,0.9999996105626526,3.3522226250395724e-08,4.303615146476534e-08,3.128789696633348e-07,,,,,0,0,1,0
focused,,,,,keystroke,,,,,0.9999998886749356,8.864343648060164e-14,4.778118849805592e-14,1.1132492802762707e-07,,,,,0,0,1,0
focused,,,,,keystroke,,,,,0.9999999626281253,3.1264826988524654e-14,1.779078683811501e-14,3.73718255953027e-08,,,,,0,0,1,0
focused,,,,,keystroke,,,,,0.9999998789702349,3.518948869537323e-14,3.280304465584668e-14,1.2102969709971794e-07,,,,,0,0,1,0
focused,,,,,keystroke,,,,,0.9999999520192134,2.1115981284201145e-14,3.255781807524544e-14,4.798073312538406e-08,,,,,0,0,1,0
focused,,,,,keystroke,,,,,0.9999996113188038,2.6531900999934177e-08,1.4774668066752633e-08,3.473746271082948e-07,,,,,0,0,1,0
focused,,,,,keystroke,,,,,0.9999960915920721,2.8200936204562968e-08,1.5931866761559296e-08,3.864275124907477e-06,,,,,0,0,1,0
focused,,,,,keystroke,,,,,0.9986220080287447,5.035982908037904e-06,2.6241959233406567e-06,0.0013703317924239516,,,,,0,0,1,0
focused,,,,,keystroke,,,,,0.9952033931841102,0.0004841459163970836,0.0027613057318142207,0.0015511551676784332,,,,,0,0,1,0
focused,,,,,keystroke,,,,,0.9999960855727261,3.087588474550471e-11,6.547599438608856e-11,3.914330922126555e-06,,,,,0,0,1,0
focused,,,,,keystroke,,,,,0.9999893377880081,8.591842253825924e-09,1.8340242141496088e-08,1.0635279907439521e-05,,,,,0,0,1,0
focused,,,,,keystroke,,,,,0.9999998754817444,2.655396874610577e-08,4.7204305712943335e-08,5.075998114434398e-08,,,,,0,0,1,0
focused,,,,,keystroke,,,,,0.9999985248599464,1.5938661342953167e-07,2.2193818324654155e-07,1.0938152568621367e-06,,,,,0,0,1,0
focused,,,,,keystroke,,,,,0.9999999661763267,1.5728377842651966e-14,2.8234816451643234e-14,3.382362938585678e-08,,,,,0,0,1,0
focused,,,,,keystroke,,,,,0.9999991070961834,2.4974333948031665e-07,4.3464807430930826e-07,2.0851240286752454e-07,,,,,0,0,1,0
focused,,,,,keystroke,,,,,0.9999999645734899,1.7357306682584777e-10,2.7572957281475333e-10,3.497720741564963e-08,,,,,0,0,1,0
focused,,,,,keystroke,,,,,0.9999999655311804,1.6064919347510383e-14,2.8322933185009903e-14,3.44687752987101e-08,,,,,0,0,1,0
focused,,,,,keystroke,,,,,0.999999963883567,1.8582975865331866e-14,3.1501902454834356e-14,3.611638294578027e-08,,,,,0,0,1,0
distracted,,,,,keystroke,,,,,4.236778168316609e-05,0.9050893116292765,0.06102023706127264,0.03384808352776778,,,,,0,0,1,0
overloaded,,,,,keystroke,,,,,5.371882391022321e-07,0.0004477840845949682,0.03033469949208118,0.9692169792350845,,,,,0,0,1,0
fatigued,,,,,keystroke,,,,,1.2077763572244467e-07,1.9462932937307957e-07,0.9995180409520986,0.00048164364093640255,,,,,0,0,1,0
distracted,,,,,keystroke,,,,,1.4383773302616845e-07,0.9616396096165466,0.038355952805190226,4.2937405299536575e-06,,,,,0,0,1,0
distracted,,,,,keystroke,,,,,0.1267637317562343,0.8731982933149356,3.61035051418264e-05,1.871423688330672e-06,,,,,0,0,1,0
focused,,,,,keystroke,,,,,0.9999998529990236,3.567759657064922e-08,3.1753236086605045e-08,7.957014381106013e-08,,,,,0,0,1,0
distracted,,,,,keystroke,,,,,0.1927248602547756,0.792910327037653,0.014281652303679693,8.316040389166654e-05,,,,,0,0,1,0
distracted,,,,,keystroke,,,,,0.00021983701436595747,0.9155457149036921,0.0006420479577322384,0.0835924001242098,,,,,0,0,1,0
fatigued,,,,,keystroke,,,,,0.021695701075793324,0.22661807737494505,0.5326232694813132,0.21906295206794804,,,,,0,0,1,0
focused,,,,,keystroke,,,,,0.9999999210669641,1.194893231262346e-09,1.5051346590804242e-09,7.623300798682028e-08,,,,,0,0,1,0
distracted,,,,,keystroke,,,,,0.00030541344432059235,0.999694434406615,1.1452074970661636e-07,3.762831476186335e-08,,,,,0,0,1,0
distracted,,,,,keystroke,,,,,0.03379922751243978,0.9656879618353383,0.0005056315784138658,7.1790738080352885e-06,,,,,0,0,1,0
focused,,,,,keystroke,,,,,0.999999964798636,2.1873798487062577e-14,3.08628270077845e-14,3.520131125179577e-08,,,,,0,0,1,0
focused,,,,,keystroke,,,,,0.9999999555064318,2.3691302169284123e-14,3.335965832959848e-14,4.4493511148638514e-08,,,,,0,0,1,0
focused,,,,,keystroke,,,,,0.5780142285523752,0.4213030236198635,0.0006395683959279323,4.3179431833161624e-05,,,,,0,0,1,0
overloaded,,,,,keystroke,,,,,2.4114071244984514e-09,4.241869431401488e-09,7.1095301088713404e-09,0.9999999862371934,,,,,0,0,1,0
overloaded,,,,,keystroke,,,,,1.5544377884876852e-14,2.3108137045194876e-14,3.983061969298723e-14,0.9999999999999216,,,,,0,0,1,0
overloaded,,,,,keystroke,,,,,3.4201005134053346e-14,3.1550956497506016e-14,6.678814899376524e-14,0.9999999999998674,,,,,0,0,1,0
focused,,,,,keystroke,,,,,0.9999820777687286,3.282880361797409e-07,5.303126584574941e-07,1.706363057684689e-05,,,,,0,0,1,0
overloaded,,,,,keystroke,,,,,1.3454646829765871e-14,3.9757634270812316e-14,2.134641624514177e-14,0.9999999999999254,,,,,0,0,1,0
overloaded,,,,,keystroke,,,,,1.5697306904455355e-14,4.1457692701464634e-14,2.180466968123023e-14,0.9999999999999212,,,,,0,0,1,0
overloaded,,,,,keystroke,,,,,0.003051494137154157,0.01620532024034983,0.012777040496901529,0.9679661451255945,,,,,0,0,1,0
distracted,,,,,keystroke,,,,,3.9476379125436205e-07,0.9999651893861332,2.6137551233675063e-05,8.278298841763922e-06,,,,,0,0,1,0
distracted,,,,,keystroke,,,,,2.110586835182049e-06,0.9999169578973555,5.372336800789022e-06,7.555917900856393e-05,,,,,0,0,1,0
distracted,,,,,keystroke,,,,,0.0018512526201340115,0.9005153492666681,0.002781015991126667,0.09485238212207135,,,,,0,0,1,0
overloaded,,,,,keystroke,,,,,2.7381278883690615e-09,6.967185524994515e-09,7.956892081261535e-09,0.9999999823377944,,,,,0,0,1,0
overloaded,,,,,keystroke,,,,,1.6887048111226776e-07,4.966015820182683e-07,4.125884721317898e-07,0.9999989219394647,,,,,0,0,1,0
focused,,,,,keystroke,,,,,0.9999999662340777,2.4126930128076832e-14,3.0040580492816636e-14,3.37658681122733e-08,,,,,0,0,1,0
overloaded,,,,,keystroke,,,,,0.3151592206032983,0.006989448577317965,0.03904775273713275,0.6388035780822511,,,,,0,0,1,0
overloaded,,,,,keystroke,,,,,8.225887225532522e-12,7.577742564215144e-12,1.608143661474469e-11,0.999999999968115,,,,,0,0,1,0
overloaded,,,,,keystroke,,,,,9.819157800819097e-07,8.9982155370452e-07,1.9335865601416624e-06,0.9999961846761062,,,,,0,0,1,0
overloaded,,,,,keystroke,,,,,1.4377051855085266e-08,2.129842208640075e-08,3.65773384252199e-08,0.9999999277471877,,,,,0,0,1,0
overloaded,,,,,keystroke,,,,,0.078391910586556,0.007018790772079513,0.3339387267012775,0.5806505719400871,,,,,0,0,1,0
distracted,,,,,keystroke,,,,,0.4219471540509985,0.5671757233211953,0.0025792124777478326,0.008297910150058253,,,,,0,0,1,0
focused,,,,,keystroke,,,,,0.9553623099938668,0.04460903731667046,2.4476695908500582e-05,4.1759935540838745e-06,,,,,0,0,1,0
focused,,,,,keystroke,,,,,0.9921439350206822,4.0202689820760035e-05,5.0354512733635144e-05,0.007765507776763328,,,,,0,0,1,0
focused,,,,,keystroke,,,,,0.9886739832570519,8.105567132883981e-05,9.767498517155992e-05,0.011147286086447595,,,,,0,0,1,0
focused,,,,,keystroke,,,,,0.9999999659186893,1.634293974485485e-14,2.862395326510295e-14,3.4081265601384936e-08,,,,,0,0,1,0
focused,,,,,keystroke,,,,,0.9999999653290059,1.7225524140904578e-14,2.912850048071239e-14,3.4670947759084517e-08,,,,,0,0,1,0
focused,,,,,keystroke,,,,,0.9999999655503761,1.7093852906038614e-14,2.911877065924855e-14,3.444957772746599e-08,,,,,0,0,1,0
focused,,,,,keystroke,,,,,0.9997523986441251,5.843268780213113e-08,1.0862548028712282e-07,0.0002474342977066747,,,,,0,0,1,0
focused,,,,,keystroke,,,,,0.972904542731517,0.0006703042619310133,0.002239848732479024,0.02418530427407292,,,,,0,0,1,0
distracted,,,,,keystroke,,,,,0.00011374349405911515,0.9996551860356193,0.00013124760378609152,9.982286653562503e-05,,,,,0,0,1,0
overloaded,,,,,keystroke,,,,,0.0004321615781821705,0.08914293240594191,0.02097296491693672,0.8894519410989393,,,,,0,0,1,0
focused,,,,,keystroke,,,,,0.9940775558248472,2.4451858721239797e-05,3.428507600261551e-05,0.005863707240428815,,,,,0,0,1,0
focused,,,,,keystroke,,,,,0.9999999614072689,1.926807676084514e-14,3.0003792490457554e-14,3.8592681839116525e-08,,,,,0,0,1,0
focused,,,,,keystroke,,,,,0.9999999654074561,1.6184590195723014e-14,2.8388156806939587e-14,3.4592499419165073e-08,,,,,0,0,1,0
focused,,,,,keystroke,,,,,0.9999999655268852,1.6118898089125478e-14,2.8362813947353077e-14,3.4473070360015164e-08,,,,,0,0,1,0
focused,,,,,keystroke,,,,,0.999999966413262,1.6679188690121482e-14,2.895544517404002e-14,3.358669221594508e-08,,,,,0,0,1,0
focused,,,,,keystroke,,,,,0.9999051466694131,2.7637648130354875e-07,1.6460844080475493e-07,9.441234566476616e-05,,,,,0,0,1,0
overloaded,,,,,keystroke,,,,,0.0009607391203024706,0.015940892492047287,2.5271423490915054e-05,0.9830730969641592,,,,,0,0,1,0
overloaded,,,,,keystroke,,,,,1.786219354202871e-14,4.2162585559600946e-14,1.5198687057282103e-14,0.9999999999999248,,,,,0,0,1,0
overloaded,,,,,keystroke,,,,,1.159243837525514e-13,1.0143477987589808e-13,6.1612233084616e-14,0.9999999999997211,,,,,0,0,1,0
overloaded,,,,,keystroke,,,,,1.2580763480130144e-13,1.1008270219248457e-13,6.686504457507605e-14,0.9999999999996974,,,,,0,0,1,0
overloaded,,,,,keystroke,,,,,2.2452430488227233e-13,1.964605489574881e-13,1.193315812282897e-13,0.9999999999994597,,,,,0,0,1,0
overloaded,,,,,keystroke,,,,,2.644784224364079e-10,7.567973871935442e-10,6.803553050764272e-10,0.9999999982983688,,,,,0,0,1,0
focused,,,,,keystroke,,,,,0.9187511687834382,0.05493475095705153,0.026216340966305502,9.773929320467788e-05,,,,,0,0,1,0
focused,,,,,keystroke,,,,,0.9999905019802553,2.8250351951151446e-08,4.720655592433659e-08,9.422562836819696e-06,,,,,0,0,1,0
focused,,,,,keystroke,,,,,0.9999999507703559,1.6281239844081328e-14,2.9831053544257155e-14,4.922959808654017e-08,,,,,0,0,1,0
focused,,,,,keystroke,,,,,0.9999999531749627,1.8323421660905067e-14,3.017568799149631e-14,4.682498871417031e-08,,,,,0,0,1,0
focused,,,,,keystroke,,,,,0.9999999508874164,1.6372021101157517e-14,2.9815606851955573e-14,4.911253751764053e-08,,,,,0,0,1,0
overloaded,,,,,keystroke,,,,,1.7861845402065075e-14,4.2162563371249124e-14,1.5198030760570292e-14,0.9999999999999248,,,,,0,0,1,0
overloaded,,,,,keystroke,,,,,1.4496876527569815e-13,1.268488410415082e-13,7.704892029073007e-14,0.9999999999996511,,,,,0,0,1,0
overloaded,,,,,keystroke,,,,,9.62002598501779e-14,8.417601553148968e-14,5.1129132848813435e-14,0.9999999999997685,,,,,0,0,1,0
fatigued,,,,,keystroke,,,,,5.1004491922266635e-06,0.0012197279683334504,0.7348108894838913,0.2639642820985834,,,,,0,0,1,0
overloaded,,,,,keystroke,,,,,7.854300753777753e-07,1.479125790698479e-05,0.005334183583695005,0.9946502397283226,,,,,0,0,1,0
focused,,,,,keystroke,,,,,0.9999999426792807,2.5184470573777288e-14,2.8476272569849e-14,5.732066556065081e-08,,,,,0,0,1,0
focused,,,,,keystroke,,,,,0.999999297068042,7.739383485598807e-13,7.866147092244224e-13,7.029303975705982e-07,,,,,0,0,1,0
focused,,,,,keystroke,,,,,0.9951211483477937,0.0014627200998959722,0.0006978373868599849,0.0027182941654500968,,,,,0,0,1,0
focused,,,,,keystroke,,,,,0.9067042388704992,0.02063035272869652,0.005111853117550064,0.06755355528325402,,,,,0,0,1,0
focused,,,,,keystroke,,,,,0.9999999409529321,2.3579892562295045e-14,2.8849372726757235e-14,5.9047015323527094e-08,,,,,0,0,1,0
focused,,,,,keystroke,,,,,0.9999998711349363,9.600184770935964e-14,9.447210937254948e-14,1.2886487337316492e-07,,,,,0,0,1,0
focused,,,,,keystroke,,,,,0.9999998023810458,3.420309168192337e-13,5.394274205905798e-13,1.9761807282347157e-07,,,,,0,0,1,0
focused,,,,,keystroke,,,,,0.9999999534678936,1.796866294434276e-14,2.971887407408141e-14,4.653205868949183e-08,,,,,0,0,1,0
focused,,,,,keystroke,,,,,0.9999684199601696,1.5905407855297218e-07,9.379108078914818e-08,3.132719467095497e-05,,,,,0,0,1,0
focused,,,,,keystroke,,,,,0.8490873321336266,0.014431295495641656,0.06745064475313174,0.0690307276176001,,,,,0,0,1,0
focused,,,,,keystroke,,,,,0.993642748740348,1.7714506520513833e-05,0.006032077518939321,0.0003074592341921134,,,,,0,0,1,0
focused,,,,,keystroke,,,,,0.9999999647919318,1.73153405556758e-14,2.909377219024074e-14,3.520802176587753e-08,,,,,0,0,1,0
focused,,,,,keystroke,,,,,0.9999999561073906,2.1094534288871482e-14,3.11856428041975e-14,4.389255717629181e-08,,,,,0,0,1,0
focused,,,,,keystroke,,,,,0.9999999554338279,2.0757221966824925e-14,3.1159623285301096e-14,4.4566119985935516e-08,,,,,0,0,1,0
focused,,,,,keystroke,,,,,0.9999999491642441,1.6520914813663886e-14,3.099736356458654e-14,5.0835708326750377e-08,,,,,0,0,1,0
overloaded,,,,,keystroke,,,,,0.025464820532930456,0.22068149564838274,0.006338414261970779,0.7475152695567159,,,,,0,0,1,0
distracted,,,,,keystroke,,,,,3.335369753549577e-08,0.9999920877608759,5.390577203364614e-08,7.824979654516707e-06,,,,,0,0,1,0
distracted,,,,,keystroke,,,,,3.333337590294653e-08,0.9999985101886716,1.2746873174512474e-06,1.8179063503334794e-07,,,,,0,0,1,0
distracted,,,,,keystroke,,,,,3.333348384265355e-08,0.9999995201620043,9.99907248181851e-08,3.465137869085967e-07,,,,,0,0,1,0
distracted,,,,,keystroke,,,,,3.3333339680174766e-08,0.9999997909316825,8.317533839562272e-08,9.25596395525186e-08,,,,,0,0,1,0
distracted,,,,,keystroke,,,,,4.485737664053973e-05,0.990626762276283,4.2181263175172743e-05,0.00928619908390125,,,,,0,0,1,0
focused,,,,,keystroke,,,,,0.9999990230721139,2.568717528884241e-12,3.252922014433945e-12,9.769220643101912e-07,,,,,0,0,1,0
focused,,,,,keystroke,,,,,0.9999999606767925,2.0185612551630944e-14,3.0641910095738033e-14,3.9323156510991794e-08,,,,,0,0,1,0
focused,,,,,keystroke,,,,,0.9999987680313035,4.832929952337355e-12,5.735640030596835e-12,1.2319581277554059e-06,,,,,0,0,1,0
focused,,,,,keystroke,,,,,0.9999999648500852,1.695995967955566e-14,2.8836370252029375e-14,3.514986888851392e-08,,,,,0,0,1,0
focused,,,,,keystroke,,,,,0.9999999655050655,1.7043924276967568e-14,2.90123572534978e-14,3.449488842908543e-08,,,,,0,0,1,0
focused,,,,,keystroke,,,,,0.999869982888145,7.451875824952262e-08,9.395147782346436e-08,0.0001298486416188181,,,,,0,0,1,0
focused,,,,,keystroke,,,,,0.6226073567420741,0.0018352611334907112,0.04196799513193502,0.3335893869925001,,,,,0,0,1,0
focused,,,,,keystroke,,,,,0.9999996392687744,2.724142244626258e-13,5.265024918266238e-13,3.607304267207333e-07,,,,,0,0,1,0
focused,,,,,keystroke,,,,,0.9999999638955113,1.95256548009464e-14,3.0153234560346286e-14,3.610443897943942e-08,,,,,0,0,1,0
focused,,,,,keystroke,,,,,0.9999730640977139,1.2890092031056116e-09,2.125660958676557e-09,2.693248761580622e-05,,,,,0,0,1,0
focused,,,,,keystroke,,,,,0.9768266108678507,0.00032520166683595137,0.0003613732280982623,0.022486814237215092,,,,,0,0,1,0
distracted,,,,,keystroke,,,,,4.308818488536111e-07,0.99825620432931,0.00140520276447468,0.00033816202436660723,,,,,0,0,1,0
focused,,,,,keystroke,,,,,0.9999999638899819,1.6830506487033007e-14,2.8529592640891795e-14,3.610997271829344e-08,,,,,0,0,1,0
focused,,,,,keystroke,,,,,0.9999999662605175,1.568460246074792e-14,2.8224685456507303e-14,3.3739438679210206e-08,,,,,0,0,1,0
focused,,,,,keystroke,,,,,0.9999999662408705,1.5697954847889033e-14,2.8229390921427127e-14,3.375908549530314e-08,,,,,0,0,1,0
focused,,,,,keystroke,,,,,0.9999985075569402,4.894153684886747e-12,1.0299733326537504e-11,1.4924278660200668e-06,,,,,0,0,1,0
fatigued,,,,,keystroke,,,,,0.0398800307702448,0.008694150212903226,0.8287272381772539,0.1226985808395981,,,,,0,0,1,0
fatigued,,,,,keystroke,,,,,0.5091152982077262,0.016789895198901256,0.47337086314273236,0.0007239434506401999,,,,,0,0,1,0
focused,,,,,keystroke,,,,,0.9999999597042853,1.8198176704611423e-14,2.906495486266448e-14,4.029566741320059e-08,,,,,0,0,1,0
focused,,,,,keystroke,,,,,0.9999999652055627,1.621813929208354e-14,2.8356711743263742e-14,3.4794392680440135e-08,,,,,0,0,1,0
focused,,,,,keystroke,,,,,0.9999999653846138,1.6128984729949075e-14,2.8332272793332168e-14,3.461534182611523e-08,,,,,0,0,1,0
focused,,,,,keystroke,,,,,0.9999999656107361,1.6024999401914676e-14,2.831046586073261e-14,3.438921979002793e-08,,,,,0,0,1,0
focused,,,,,keystroke,,,,,0.9999999664976889,1.557724291516094e-14,2.8209026701846953e-14,3.350226737577242e-08,,,,,0,0,1,0
focused,,,,,keystroke,,,,,0.9999999663461018,1.5679896410341965e-14,2.824878886973408e-14,3.365385442901389e-08,,,,,0,0,1,0
focused,,,,,keystroke,,,,,0.9999999659276055,1.585976136479863e-14,2.826904538615049e-14,3.407235030337529e-08,,,,,0,0,1,0
focused,,,,,keystroke,,,,,0.9999999648876985,1.6443009383465698e-14,2.846357657276674e-14,3.5112256411022155e-08,,,,,0,0,1,0
focused,,,,,keystroke,,,,,0.9999999635193817,1.703557361467705e-14,2.8624902811637853e-14,3.6480572568179884e-08,,,,,0,0,1,0
focused,,,,,keystroke,,,,,0.9999999658412021,1.5911515021525077e-14,2.8287587243046925e-14,3.4158753626448315e-08,,,,,0,0,1,0
distracted,,,,,keystroke,,,,,0.01774329083460448,0.9537435691504289,0.028294458596733556,0.00021868141823321168,,,,,0,0,1,0
focused,,,,,keystroke,,,,,0.9999999610162518,2.8650362380864987e-14,4.633130080852871e-14,3.898367318831033e-08,,,,,0,0,1,0
focused,,,,,keystroke,,,,,0.9999999646058791,1.653018742801017e-14,2.846214706135951e-14,3.5394075974428125e-08,,,,,0,0,1,0
focused,,,,,keystroke,,,,,0.9982766988508968,3.1158629832823984e-06,6.252875443312524e-06,0.0017139324106766433,,,,,0,0,1,0
overloaded,,,,,keystroke,,,,,0.004950599402550308,0.0001044019119784577,0.017338920259447613,0.9776060784260235,,,,,0,0,1,0
focused,,,,,keystroke,,,,,0.9971383511170165,6.1826824275512855e-06,6.965841822956546e-06,0.0028485003587329525,,,,,0,0,1,0
overloaded,,,,,keystroke,,,,,1.5138714475398988e-14,2.2777393806238332e-14,3.985598507210177e-14,0.9999999999999222,,,,,0,0,1,0
overloaded,,,,,keystroke,,,,,1.4227241591703806e-14,2.19588573609081e-14,3.991830601735423e-14,0.9999999999999238,,,,,0,0,1,0
overloaded,,,,,keystroke,,,,,0.0763434475703948,0.00014437042085326083,0.0005382324123422407,0.92297394959641,,,,,0,0,1,0
focused,,,,,keystroke,,,,,0.9999999118138908,3.172088295847067e-14,2.192318283637826e-14,8.818605561837543e-08,,,,,0,0,1,0
focused,,,,,keystroke,,,,,0.9999999402935887,3.779858166651834e-14,2.194332172834595e-14,5.970635142934241e-08,,,,,0,0,1,0
overloaded,,,,,keystroke,,,,,3.7849639683967244e-14,2.2755752560884386e-14,3.1517527837587264e-14,0.9999999999999079,,,,,0,0,1,0
overloaded,,,,,keystroke,,,,,1.441701647394267e-14,2.2137798285345738e-14,3.990482387096244e-14,0.9999999999999236,,,,,0,0,1,0
overloaded,,,,,keystroke,,,,,2.0860234875602395e-14,2.4729509688441322e-14,3.976699785296671e-14,0.9999999999999146,,,,,0,0,1,0
overloaded,,,,,keystroke,,,,,1.062384253965208e-06,0.003428876494279811,0.00012044415737674884,0.9964496169640894,,,,,0,0,1,0
overloaded,,,,,keystroke,,,,,8.455345638076354e-12,2.5085909783495205e-11,1.3621468718631166e-11,0.9999999999528373,,,,,0,0,1,0
overloaded,,,,,keystroke,,,,,4.1855963976593026e-11,3.528866006369102e-11,7.701402099803829e-11,0.9999999998458413,,,,,0,0,1,0
overloaded,,,,,keystroke,,,,,1.184006283039449e-09,7.127305336610989e-10,1.3700065772168226e-09,0.9999999967332566,,,,,0,0,1,0
focused,,,,,keystroke,,,,,0.9933987273486957,3.174418589735281e-05,3.147254602674471e-05,0.006538055919380137,,,,,0,0,1,0
focused,,,,,keystroke,,,,,0.9999999431320236,3.7629960914895925e-14,2.2257894656262073e-14,5.686791660376766e-08,,,,,0,0,1,0
focused,,,,,keystroke,,,,,0.9424742161357829,0.03367444918062301,0.0001670877799699326,0.023684246903624438,,,,,0,0,1,0
focused,,,,,keystroke,,,,,0.9350482654785871,0.05945049218850954,0.00011595311209202016,0.005385289220811084,,,,,0,0,1,0
focused,,,,,keystroke,,,,,0.9999997987614606,2.1463843665242216e-13,1.1851485676308606e-13,2.0123820630901112e-07,,,,,0,0,1,0
focused,,,,,keystroke,,,,,0.9999988200513524,1.4849220106966435e-12,8.17951166959968e-13,1.1799463446924303e-06,,,,,0,0,1,0
focused,,,,,keystroke,,,,,0.9999986548898572,1.610216075995219e-12,9.891218081434186e-13,1.345107543666796e-06,,,,,0,0,1,0
focused,,,,,keystroke,,,,,0.971738315981094,3.7708853483520076e-05,2.355119323793446e-05,0.028200423972184478,,,,,0,0,1,0
focused,,,,,keystroke,,,,,0.999376830832641,3.672444128227652e-07,2.1121475871227996e-07,0.0006225907081876638,,,,,0,0,1,0
distracted,,,,,keystroke,,,,,3.333760070401992e-08,0.9999998165878812,9.999996945400285e-08,5.0074548442577526e-08,,,,,0,0,1,0
distracted,,,,,keystroke,,,,,3.333334053512987e-08,0.9999998165803057,9.99999469951565e-08,5.008640665359936e-08,,,,,0,0,1,0
distracted,,,,,keystroke,,,,,3.3333340537504365e-08,0.9999998166515408,1.0000001933597104e-07,5.001509957334121e-08,,,,,0,0,1,0
overloaded,,,,,keystroke,,,,,0.00013653821128739978,0.16710825821083908,0.00035414998860318136,0.8324010535892703,,,,,0,0,1,0
distracted,,,,,keystroke,,,,,3.3896156941816925e-08,0.9999997949013564,9.280089968703694e-08,7.840158725639256e-08,,,,,0,0,1,0
distracted,,,,,keystroke,,,,,3.348150328510733e-08,0.9999996740592088,5.172320153973658e-08,2.4073608663701014e-07,,,,,0,0,1,0
focused,,,,,keystroke,,,,,0.9999998558037286,7.539624158708493e-14,1.1011312841871105e-13,1.4419608588482353e-07,,,,,0,0,1,0
distracted,,,,,keystroke,,,,,1.3898877358206733e-07,0.9999995726410671,4.519715415451586e-08,2.431730050890861e-07,,,,,0,0,1,0
distracted,,,,,keystroke,,,,,3.373752796399356e-08,0.9999998104146645,9.96498627504633e-08,5.6197944795607334e-08,,,,,0,0,1,0
distracted,,,,,keystroke,,,,,8.447851568137967e-08,0.9999997872086626,7.228932661314562e-08,5.602349528473588e-08,,,,,0,0,1,0
distracted,,,,,keystroke,,,,,3.3333345918499095e-08,0.9999998166223949,1.0000000204008573e-07,5.0044257170756046e-08,,,,,0,0,1,0
distracted,,,,,keystroke,,,,,1.9924472176508888e-06,0.9915930683912878,0.0013939205928877039,0.007011018568607004,,,,,0,0,1,0
focused,,,,,keystroke,,,,,0.9999998952686195,1.239180446008961e-13,8.275754519779532e-14,1.047311738316969e-07,,,,,0,0,1,0
focused,,,,,keystroke,,,,,0.9999997919844986,3.076735321453204e-13,1.767152762261532e-13,2.0801501706299922e-07,,,,,0,0,1,0
focused,,,,,keystroke,,,,,0.9999999509960574,3.6834308342001047e-14,1.998580412793714e-14,4.900388589217703e-08,,,,,0,0,1,0
focused,,,,,keystroke,,,,,0.9999851481363338,2.601153221428277e-10,3.3718803483995134e-10,1.485126636292152e-05,,,,,0,0,1,0
focused,,,,,keystroke,,,,,0.9999952375833803,2.3144865073985503e-11,2.6548257273317564e-11,4.762366926651988e-06,,,,,0,0,1,0
distracted,,,,,keystroke,,,,,2.2309702683205337e-05,0.8697107991523955,0.00019299421119490875,0.13007389693372656,,,,,0,0,1,0
distracted,,,,,keystroke,,,,,2.3032532824106175e-05,0.999971756159565,2.084990597325636e-06,3.1263170134913424e-06,,,,,0,0,1,0
distracted,,,,,keystroke,,,,,0.0001506089471446993,0.9993735094274476,0.00012804535262072957,0.00034783627278700844,,,,,0,0,1,0
distracted,,,,,keystroke,,,,,3.6701587070933247e-06,0.9816856954078124,0.0023566025408104318,0.015954031892670303,,,,,0,0,1,0
fatigued,,,,,keystroke,,,,,0.0001260653206561174,0.0005547025082406789,0.6530908363145248,0.34622839585657833,,,,,0,0,1,0
focused,,,,,keystroke,,,,,0.99999988982504,8.328383485825166e-13,1.7513220281825996e-12,1.101723760120613e-07,,,,,0,0,1,0
focused,,,,,keystroke,,,,,0.999999966335374,1.564220712667713e-14,2.8212714601696916e-14,3.366458212524618e-08,,,,,0,0,1,0
focused,,,,,keystroke,,,,,0.9999999648523329,5.864683759163543e-10,9.137228994742587e-10,3.36474757926838e-08,,,,,0,0,1,0
focused,,,,,keystroke,,,,,0.9999999246134642,1.2212109627419501e-08,2.205844286638064e-08,4.111598338772132e-08,,,,,0,0,1,0
focused,,,,,keystroke,,,,,0.9907341377743905,2.556469853317755e-05,0.008826317312095605,0.000413980214980798,,,,,0,0,1,0
overloaded,,,,,keystroke,,,,,0.009614648192554193,0.0002536787340950751,0.022245358033596254,0.9678863150397543,,,,,0,0,1,0
overloaded,,,,,keystroke,,,,,4.046691233295506e-10,9.208511286842072e-10,5.241563693670781e-10,0.9999999981503234,,,,,0,0,1,0
overloaded,,,,,keystroke,,,,,1.4301492292393575e-14,3.981510370106481e-14,2.2017250430569493e-14,0.9999999999999238,,,,,0,0,1,0
overloaded,,,,,keystroke,,,,,3.1726639133363184e-14,2.77610837401228e-14,1.6862294351723038e-14,0.9999999999999236,,,,,0,0,1,0
focused,,,,,keystroke,,,,,0.9999987824354885,2.303655737717204e-12,4.4663653286074774e-12,1.217557741527001e-06,,,,,0,0,1,0
focused,,,,,keystroke,,,,,0.9999105784988702,8.188826426054254e-09,1.599061592976199e-08,8.939732168743483e-05,,,,,0,0,1,0
overloaded,,,,,keystroke,,,,,0.0071522033823086355,1.9368074619468805e-05,0.0015937858682259908,0.9912346426748458,,,,,0,0,1,0
focused,,,,,keystroke,,,,,0.7446222944113364,1.1581767638206913e-05,0.003105145982835943,0.25226097783818935,,,,,0,0,1,0
focused,,,,,keystroke,,,,,0.9999999647969736,1.699992407758294e-14,2.8856259101191115e-14,3.520298061503692e-08,,,,,0,0,1,0
focused,,,,,keystroke,,,,,0.9999999534133032,1.851039767730214e-14,3.022075031822226e-14,4.658664816706752e-08,,,,,0,0,1,0
distracted,,,,,keystroke,,,,,3.339485055831644e-08,0.9999704167805735,2.268514664394392e-05,6.8646779321551185e-06,,,,,0,0,1,0
distracted,,,,,keystroke,,,,,4.1612585442316674e-08,0.9998738943989255,4.246708841990113e-05,8.359690006937384e-05,,,,,0,0,1,0
fatigued,,,,,keystroke,,,,,0.39501418932078414,0.006832380819692894,0.5393878854495687,0.058765544409954094,,,,,0,0,1,0
overloaded,,,,,keystroke,,,,,0.2139842425277841,0.00018672960906616147,0.009880232550888435,0.7759487953122615,,,,,0,0,1,0
focused,,,,,keystroke,,,,,0.9999218417211877,8.908165903394256e-09,8.939861087790723e-09,7.81404307852403e-05,,,,,0,0,1,0
focused,,,,,keystroke,,,,,0.9581612049005687,0.03034888495075906,0.00871763471001953,0.0027722754386526483,,,,,0,0,1,0
overloaded,,,,,keystroke,,,,,0.02750235547151695,0.0030659250901691384,0.013441427005290421,0.9559902924330236,,,,,0,0,1,0
focused,,,,,keystroke,,,,,0.9954163547159188,1.4569388523277951e-05,1.9464257497900998e-05,0.004549611638060021,,,,,0,0,1,0
focused,,,,,keystroke,,,,,0.9999993799491994,2.8344221977479063e-12,4.540235062856517e-12,6.20043425939773e-07,,,,,0,0,1,0
focused,,,,,keystroke,,,,,0.9994838235607482,2.621948291311319e-07,3.472497765832943e-07,0.0005155669946460845,,,,,0,0,1,0
overloaded,,,,,keystroke,,,,,0.003053163597320623,5.300317139890371e-06,2.5273746973431064e-05,0.9969162623385659,,,,,0,0,1,0
overloaded,,,,,keystroke,,,,,3.8926883344416094e-13,9.709530203586724e-13,5.527789734342172e-13,0.999999999998087,,,,,0,0,1,0
overloaded,,,,,keystroke,,,,,4.925439014998423e-13,1.323166665977136e-12,7.40420415371214e-13,0.9999999999974439,,,,,0,0,1,0
focused,,,,,keystroke,,,,,0.9999999655849564,2.5811928135979258e-12,4.559525404211901e-12,3.44079031086664e-08,,,,,0,0,1,0
focused,,,,,keystroke,,,,,0.9999999665514591,1.552838339210841e-14,2.818702915291393e-14,3.344849730751794e-08,,,,,0,0,1,0
focused,,,,,keystroke,,,,,0.9999999653238891,1.6158316612814507e-14,2.833900538985556e-14,3.467606638521163e-08,,,,,0,0,1,0
focused,,,,,keystroke,,,,,0.9999999644740744,1.6579849128140974e-14,2.846498198782097e-14,3.552588045702557e-08,,,,,0,0,1,0
focused,,,,,keystroke,,,,,0.9999999661057087,1.5840572311700404e-14,2.830711644046385e-14,3.389424719411738e-08,,,,,0,0,1,0
focused,,,,,keystroke,,,,,0.999999966523343,1.555898896371034e-14,2.820282508884207e-14,3.347661334283163e-08,,,,,0,0,1,0
focused,,,,,keystroke,,,,,0.9999880057786908,2.6157055380280185e-10,5.330431971197011e-10,1.199342669537336e-05,,,,,0,0,1,0
focused,,,,,keystroke,,,,,0.9999749062249054,6.5779078306141925e-09,1.345018812284702e-08,2.5073746998693982e-05,,,,,0,0,1,0
focused,,,,,keystroke,,,,,0.790879662358115,0.06906030219732079,0.10819750409994057,0.031862531344623975,,,,,0,0,1,0
distracted,,,,,keystroke,,,,,0.0008012818814974584,0.9310443809455357,0.0032386493566320174,0.06491568781633507,,,,,0,0,1,0
overloaded,,,,,keystroke,,,,,0.0011892415548567744,0.01460503627211277,0.11049229694342483,0.873713425229606,,,,,0,0,1,0
focused,,,,,keystroke,,,,,0.9929147056200649,1.01652600462497e-05,0.005243154473690963,0.0018319746461980299,,,,,0,0,1,0
distracted,,,,,keystroke,,,,,0.20251667339024998,0.7282930330943361,0.060457203800565955,0.008733089714847962,,,,,0,0,1,0
distracted,,,,,keystroke,,,,,8.297140629156561e-06,0.9759550134353101,0.0027364604125615136,0.021300229011499118,,,,,0,0,1,0
overloaded,,,,,keystroke,,,,,7.019257810492059e-13,1.0849804985437804e-12,1.9770004168534883e-12,0.999999999996236,,,,,0,0,1,0
overloaded,,,,,keystroke,,,,,2.3770252607589026e-06,7.990359014974346e-07,0.0015211252991851282,0.9984756986396527,,,,,0,0,1,0
distracted,,,,,keystroke,,,,,4.897805920924511e-08,0.9999973517254813,2.4401189073256086e-06,1.591775521416387e-07,,,,,0,0,1,0
distracted,,,,,keystroke,,,,,9.222785440596133e-08,0.9993590881832056,0.00040586476370759876,0.00023495482523229705,,,,,0,0,1,0
focused,,,,,keystroke,,,,,0.9999942961793732,6.323479824646158e-11,1.3616811055707847e-10,5.703621223879194e-06,,,,,0,0,1,0
distracted,,,,,keystroke,,,,,3.485395347887715e-08,0.999969017829134,2.4539756554448107e-05,6.407560358227692e-06,,,,,0,0,1,0
distracted,,,,,keystroke,,,,,1.3867268001689011e-06,0.9570295758497058,0.0012411073259762397,0.04172793009751781,,,,,0,0,1,0
distracted,,,,,keystroke,,,,,3.462676975095622e-08,0.9999382907667342,5.615897651308125e-08,6.161844751954996e-05,,,,,0,0,1,0
distracted,,,,,keystroke,,,,,3.334593981732001e-08,0.999998181941627,9.520958695540562e-08,1.6895028460674872e-06,,,,,0,0,1,0
overloaded,,,,,keystroke,,,,,0.001731357638278222,0.3083630080699612,0.1477565087939159,0.5421491254978443,,,,,0,0,1,0
distracted,,,,,keystroke,,,,,0.060780337815659766,0.7463912938784079,0.0272057063283874,0.16562266197754497,,,,,0,0,1,0
distracted,,,,,keystroke,,,,,0.0007383706262424125,0.9902927286701595,0.0002281020374774599,0.008740798666120608,,,,,0,0,1,0
focused,,,,,keystroke,,,,,0.9999983544869308,3.3445814972105853e-12,4.815489903039905e-12,1.645504909119774e-06,,,,,0,0,1,0
focused,,,,,keystroke,,,,,0.999999966386301,2.1677984993569956e-14,3.0373854069334475e-14,3.3613647107240514e-08,,,,,0,0,1,0
focused,,,,,keystroke,,,,,0.9999999660030626,3.084692739773022e-14,2.0548624870914032e-14,3.399688582133267e-08,,,,,0,0,1,0
focused,,,,,keystroke,,,,,0.9999999307879227,2.628766710456336e-14,4.273949641708339e-14,6.921200820137447e-08,,,,,0,0,1,0
focused,,,,,keystroke,,,,,0.9701381307684354,0.001161893598579054,0.006156169526383123,0.022543806106602525,,,,,0,0,1,0
focused,,,,,keystroke,,,,,0.9999874047621065,2.7056558329246382e-08,2.944844903164188e-08,1.253873288626128e-05,,,,,0,0,1,0
focused,,,,,keystroke,,,,,0.9999999662182006,1.7987651522740548e-14,2.961823244581385e-14,3.378175179035206e-08,,,,,0,0,1,0
focused,,,,,keystroke,,,,,0.9999999656990991,2.7187196934491692e-14,2.883769409944967e-14,3.430084481487708e-08,,,,,0,0,1,0
focused,,,,,keystroke,,,,,0.9999999661643809,2.250109153781886e-14,3.0487208339409123e-14,3.38355660318939e-08,,,,,0,0,1,0
focused,,,,,keystroke,,,,,0.999998948019887,6.75031631813981e-12,1.0273207034949449e-11,1.0519630894671887e-06,,,,,0,0,1,0
focused,,,,,keystroke,,,,,0.995200857628046,2.118592156905454e-05,0.004777828764621306,1.2768576384371095e-07,,,,,0,0,1,0
focused,,,,,keystroke,,,,,0.9999999660298181,1.5798156206155132e-14,2.8247935606630605e-14,3.397013781402749e-08,,,,,0,0,1,0
focused,,,,,keystroke,,,,,0.9999999649776611,1.632572272514847e-14,2.8383519689820175e-14,3.5022294069815614e-08,,,,,0,0,1,0
focused,,,,,keystroke,,,,,0.9999999573350858,3.8640063945172893e-14,6.129791852582196e-14,4.2664814041935105e-08,,,,,0,0,1,0
distracted,,,,,keystroke,,,,,2.4537768782046642e-06,0.9997195092419279,0.0002756574495989479,2.3795315950564117e-06,,,,,0,0,1,0
distracted,,,,,keystroke,,,,,7.642729606075842e-05,0.9016682170950929,0.09749192271988531,0.0007634328889610275,,,,,0,0,1,0
focused,,,,,keystroke,,,,,0.9999871763103477,1.1368700780856364e-07,2.4147481594650135e-07,1.2468527828528213e-05,,,,,0,0,1,0
focused,,,,,keystroke,,,,,0.9999999654057157,1.6186693409056588e-14,2.8399791534501567e-14,3.459423986002249e-08,,,,,0,0,1,0
focused,,,,,keystroke,,,,,0.9999999658207162,1.599462534840613e-14,2.8348804815287832e-14,3.41792396004655e-08,,,,,0,0,1,0
focused,,,,,keystroke,,,,,0.999999965070236,4.865905132196917e-12,8.483094792847199e-12,3.4916415007786916e-08,,,,,0,0,1,0
focused,,,,,keystroke,,,,,0.9240297809245808,1.149141982054022e-05,0.07595824971239895,4.779431994706874e-07,,,,,0,0,1,0
fatigued,,,,,keystroke,,,,,0.06700734784182048,0.0002754424511962866,0.932234385240384,0.0004828244665990998,,,,,0,0,1,0
focused,,,,,keystroke,,,,,0.9978564692564607,5.547780063310639e-05,0.0020703389602014432,1.771398270476174e-05,,,,,0,0,1,0
overloaded,,,,,keystroke,,,,,0.004399596884280655,0.014402271074690443,0.11639937486299688,0.8647987571780321,,,,,0,0,1,0
overloaded,,,,,keystroke,,,,,1.6991256840468133e-08,5.1412789820618325e-08,3.1750161278834284e-08,0.9999998998457921,,,,,0,0,1,0
overloaded,,,,,keystroke,,,,,1.4281295867021468e-14,2.443680737777342e-14,4.175869618047993e-14,0.9999999999999195,,,,,0,0,1,0
overloaded,,,,,keystroke,,,,,1.4182261425522652e-14,2.1915806218985112e-14,3.992154639852697e-14,0.999999999999924,,,,,0,0,1,0
overloaded,,,,,keystroke,,,,,0.0029237395537453697,0.00020854934965731445,0.025274801615960817,0.9715929094806367,,,,,0,0,1,0
overloaded,,,,,keystroke,,,,,5.18947641654775e-09,7.952558183661424e-09,1.429193885485932e-08,0.9999999725660265,,,,,0,0,1,0
overloaded,,,,,keystroke,,,,,9.595791109340531e-12,1.4834018589652415e-11,2.702837290960669e-11,0.9999999999485418,,,,,0,0,1,0
overloaded,,,,,keystroke,,,,,2.215759096755601e-07,0.0006377292114521009,0.0048317340114188935,0.994530315201219,,,,,0,0,1,0
focused,,,,,keystroke,,,,,0.9371490774915257,0.0010518464962778551,0.05605109468114387,0.005747981331052889,,,,,0,0,1,0
focused,,,,,keystroke,,,,,0.9999689820018216,1.9324800165713364e-09,4.130628419109451e-09,3.101193506995338e-05,,,,,0,0,1,0
focused,,,,,keystroke,,,,,0.9621210607177287,0.00012164788616849177,0.017676360283997918,0.02008093111210469,,,,,0,0,1,0
overloaded,,,,,keystroke,,,,,1.9093940127327773e-06,0.00047676674339271083,0.006173483833505842,0.9933478400290888,,,,,0,0,1,0
overloaded,,,,,keystroke,,,,,1.3158556364355415e-09,2.0467850368335017e-09,3.7164369573534627e-09,0.9999999929209223,,,,,0,0,1,0
overloaded,,,,,keystroke,,,,,1.4249967797058883e-08,2.2023230842847783e-08,4.0107255916915185e-08,0.9999999236195455,,,,,0,0,1,0
focused,,,,,keystroke,,,,,0.7166001337902613,0.004416443116215203,0.16599598911811758,0.11298743397540592,,,,,0,0,1,0
focused,,,,,keystroke,,,,,0.9999991548295893,3.2851426833475624e-12,5.43387419031603e-12,8.451616915560575e-07,,,,,0,0,1,0
focused,,,,,keystroke,,,,,0.9792779852860429,0.02062697442166859,3.841853425858962e-05,5.66217580298654e-05,,,,,0,0,1,0
focused,,,,,keystroke,,,,,0.9840269316129625,0.008725672443464349,0.0006723754893226572,0.006575020454250594,,,,,0,0,1,0
focused,,,,,keystroke,,,,,0.9973269720721768,4.703094587384518e-06,5.513961169156129e-06,0.002662810872066565,,,,,0,0,1,0
overloaded,,,,,keystroke,,,,,1.9945265747646107e-07,1.7481704285684655e-07,1.0677522440364844e-07,0.9999995189550753,,,,,0,0,1,0
overloaded,,,,,keystroke,,,,,1.4353654477951428e-14,4.100663468020124e-14,2.170392910035516e-14,0.9999999999999228,,,,,0,0,1,0
overloaded,,,,,keystroke,,,,,3.454670698942409e-10,3.181504767041596e-10,6.784998163221654e-10,0.9999999986578827,,,,,0,0,1,0
overloaded,,,,,keystroke,,,,,5.635042822709607e-13,8.418116269956151e-13,7.445005351347048e-13,0.9999999999978503,,,,,0,0,1,0
overloaded,,,,,keystroke,,,,,3.8956792232808044e-13,3.4087493661336685e-13,2.0704993301382947e-13,0.9999999999990625,,,,,0,0,1,0
overloaded,,,,,keystroke,,,,,3.141818868613507e-13,2.749116039096701e-13,1.6698332453644954e-13,0.9999999999992439,,,,,0,0,1,0
overloaded,,,,,keystroke,,,,,1.210710038461923e-13,1.0414193781868146e-13,8.04299794057355e-14,0.9999999999996944,,,,,0,0,1,0
focused,,,,,keystroke,,,,,0.9999993178080301,1.2774513087976156e-12,2.118428562622929e-12,6.821885739404781e-07,,,,,0,0,1,0
focused,,,,,keystroke,,,,,0.9999999539089912,1.820531798073539e-14,2.9781970254441114e-14,4.609096077299453e-08,,,,,0,0,1,0
focused,,,,,keystroke,,,,,0.999999966080016,1.5848067479032564e-14,2.8303547999548234e-14,3.3919939846398406e-08,,,,,0,0,1,0
fatigued,,,,,keystroke,,,,,0.28741910017218747,0.1956821076877708,0.509940074224304,0.006958717915737613,,,,,0,0,1,0
fatigued,,,,,keystroke,,,,,0.32270720867306063,0.1835615430832523,0.4809190215573722,0.01281222668631499,,,,,0,0,1,0
overloaded,,,,,keystroke,,,,,1.1158355970528113e-12,3.284282823735706e-12,1.76196935059295e-12,0.9999999999938379,,,,,0,0,1,0
overloaded,,,,,keystroke,,,,,1.3426614901326447e-14,3.973415835098898e-14,2.1351239826984457e-14,0.9999999999999254,,,,,0,0,1,0
focused,,,,,keystroke,,,,,0.9999806281019904,7.707520940232823e-10,1.4754867755758087e-09,1.9369651770788253e-05,,,,,0,0,1,0
overloaded,,,,,keystroke,,,,,2.212036613670658e-14,2.798212862037554e-14,2.422791066379173e-14,0.9999999999999257,,,,,0,0,1,0
overloaded,,,,,keystroke,,,,,3.221275679996954e-12,2.811907429869246e-12,1.7937108730477176e-12,0.999999999992173,,,,,0,0,1,0
focused,,,,,keystroke,,,,,0.9999999645703044,1.6545182931389267e-14,2.846164593434368e-14,3.5429650610491825e-08,,,,,0,0,1,0
focused,,,,,keystroke,,,,,0.9999999652416913,1.6210245194364597e-14,2.8360025337655802e-14,3.4758263967438595e-08,,,,,0,0,1,0
focused,,,,,keystroke,,,,,0.9999999659828153,1.5897006618690074e-14,2.8315196468866923e-14,3.40171403481729e-08,,,,,0,0,1,0
focused,,,,,keystroke,,,,,0.9999999665486797,1.564337026983674e-14,2.82754318693421e-14,3.345127632659802e-08,,,,,0,0,1,0
focused,,,,,keystroke,,,,,0.9999999666150832,1.561776170889486e-14,2.8273184901478338e-14,3.338487286839672e-08,,,,,0,0,1,0
distracted,,,,,keystroke,,,,,0.2198384477668909,0.506069466368189,0.2634060420124736,0.010686043852446751,,,,,0,0,1,0
overloaded,,,,,keystroke,,,,,6.503400324785011e-08,1.9578526486308928e-07,1.1445619093018726e-07,0.999999624724541,,,,,0,0,1,0
overloaded,,,,,keystroke,,,,,0.0011477944332603121,1.7141883040758893e-05,0.05733891110986581,0.9414961525738329,,,,,0,0,1,0
focused,,,,,keystroke,,,,,0.9999999421949145,1.810482254354626e-14,3.4960632372550294e-14,5.780503242632296e-08,,,,,0,0,1,0
overloaded,,,,,keystroke,,,,,5.986646688841945e-11,1.2855764090800906e-10,7.235658803272602e-11,0.9999999997392193,,,,,0,0,1,0
overloaded,,,,,keystroke,,,,,1.3725820631217845e-14,3.982615450028972e-14,2.1522329799536497e-14,0.999999999999925,,,,,0,0,1,0
overloaded,,,,,keystroke,,,,,1.5763087597938558e-14,2.3853229186476838e-14,4.0291975365450393e-14,0.9999999999999201,,,,,0,0,1,0
overloaded,,,,,keystroke,,,,,6.952726695584613e-08,6.35829491129842e-08,1.3640448685831384e-07,0.9999997304852971,,,,,0,0,1,0
focused,,,,,keystroke,,,,,0.9999793589273929,1.3091426876871514e-09,2.043656434743251e-09,2.0637719807928596e-05,,,,,0,0,1,0
overloaded,,,,,keystroke,,,,,1.3746961238026981e-14,4.0223852448682864e-14,2.1527000366672957e-14,0.9999999999999245,,,,,0,0,1,0
overloaded,,,,,keystroke,,,,,4.266116952906412e-13,3.7328850533133077e-13,2.2673817025115364e-13,0.9999999999989734,,,,,0,0,1,0
overloaded,,,,,keystroke,,,,,2.021662782252029e-13,1.7689710560226253e-13,1.0744860269040386e-13,0.9999999999995134,,,,,0,0,1,0
overloaded,,,,,keystroke,,,,,1.7814643131838876e-14,4.216274554470985e-14,1.5101717016959837e-14,0.9999999999999248,,,,,0,0,1,0
overloaded,,,,,keystroke,,,,,9.53730261525039e-13,2.8220905554268736e-12,1.5155648761433494e-12,0.9999999999947087,,,,,0,0,1,0
overloaded,,,,,keystroke,,,,,2.533874632986267e-06,0.01114722434014214,0.002464424004985333,0.9863858177802397,,,,,0,0,1,0
focused,,,,,keystroke,,,,,0.9894824384131162,1.9504234722232766e-06,0.0010017326608046091,0.009513878502606815,,,,,0,0,1,0
focused,,,,,keystroke,,,,,0.9921155256908205,3.9534185657723046e-05,4.363786191978619e-05,0.007801302261602059,,,,,0,0,1,0
focused,,,,,keystroke,,,,,0.9991140691474448,5.623224613942899e-07,7.629695654918696e-07,0.0008846055605282886,,,,,0,0,1,0
fatigued,,,,,keystroke,,,,,0.001464540459685377,0.020204428722985272,0.8955232757214409,0.08280775509588868,,,,,0,0,1,0
overloaded,,,,,keystroke,,,,,5.582615375043998e-08,8.643535233516748e-08,1.5748020807357362e-07,0.9999997002582859,,,,,0,0,1,0
overloaded,,,,,keystroke,,,,,2.095543878953158e-11,1.864968535064774e-11,1.2492005513351522e-11,0.9999999999479029,,,,,0,0,1,0
focused,,,,,keystroke,,,,,0.999963667599723,1.8492403299230562e-09,3.942533823895153e-09,3.632660850267198e-05,,,,,0,0,1,0
overloaded,,,,,keystroke,,,,,9.961415148264717e-05,9.063246941074233e-05,0.01716538488649499,0.9826443684926116,,,,,0,0,1,0
overloaded,,,,,keystroke,,,,,0.01948273230763219,4.521961464681315e-06,0.0871174465462658,0.8933952991846374,,,,,0,0,1,0
focused,,,,,keystroke,,,,,0.9998093491596801,1.1844401698642931e-06,8.371356911499249e-07,0.0001886292644588564,,,,,0,0,1,0
distracted,,,,,keystroke,,,,,3.895923735214387e-08,0.9998725840546722,1.4721822100341597e-07,0.0001272297678694205,,,,,0,0,1,0
distracted,,,,,keystroke,,,,,1.374600004839947e-07,0.999565154696334,2.6515192913730308e-05,0.000408192650751878,,,,,0,0,1,0
overloaded,,,,,keystroke,,,,,1.8257179205373225e-10,1.6761272746504115e-10,3.5777708934618046e-10,0.9999999992920384,,,,,0,0,1,0
overloaded,,,,,keystroke,,,,,4.335847024621726e-12,4.056178556458905e-12,8.380581692327041e-12,0.9999999999832273,,,,,0,0,1,0
overloaded,,,,,keystroke,,,,,2.0837910745054355e-07,1.9082358653559642e-07,4.0950842085640913e-07,0.9999991912888853,,,,,0,0,1,0
overloaded,,,,,keystroke,,,,,0.0008766340413587308,0.0890893282721992,0.059935666178160776,0.8500983715082814,,,,,0,0,1,0
distracted,,,,,keystroke,,,,,2.164742680709134e-06,0.9999880611098655,2.43158312281077e-06,7.342564331167412e-06,,,,,0,0,1,0
distracted,,,,,keystroke,,,,,2.1846082524521653e-06,0.997819169829568,1.4935164142405146e-05,0.002163710398037186,,,,,0,0,1,0
distracted,,,,,keystroke,,,,,8.67250837761189e-05,0.47599721426236147,0.011438469970829302,0.512477590683033,,,,,0,0,1,0
overloaded,,,,,keystroke,,,,,3.5248749374306896e-05,0.001647286628560092,0.01595898765077315,0.9823584769712922,,,,,0,0,1,0
overloaded,,,,,keystroke,,,,,0.0004044380841304034,0.1816485716598301,0.09268649330028461,0.7252604969557549,,,,,0,0,1,0
overloaded,,,,,keystroke,,,,,5.441181650735222e-07,3.5782309948675376e-07,3.9074497178371056e-07,0.9999987073137637,,,,,0,0,1,0
overloaded,,,,,keystroke,,,,,3.8830085345183523e-08,3.1763253173146944e-08,6.961998605521998e-08,0.9999998597866754,,,,,0,0,1,0
focused,,,,,keystroke,,,,,0.999682708634778,1.0126881023206027e-07,1.20650699775887e-07,0.0003170694457121004,,,,,0,0,1,0
focused,,,,,keystroke,,,,,0.9999999609472792,2.6794749662224268e-14,3.215599850262979e-14,3.905266191810718e-08,,,,,0,0,1,0
focused,,,,,keystroke,,,,,0.9999999634679969,3.284426588963891e-14,2.2995375912663984e-14,3.653194737843345e-08,,,,,0,0,1,0
focused,,,,,keystroke,,,,,0.9935365675692183,0.0025342895398434875,0.00010548629781518834,0.0038236565931230163,,,,,0,0,1,0
overloaded,,,,,keystroke,,,,,0.08463103403769749,0.010778906090029718,0.00013648546134682028,0.904453574410926,,,,,0,0,1,0
focused,,,,,keystroke,,,,,0.9954574073191206,2.1076908912714277e-05,1.3562748238647702e-05,0.004507953023728178,,,,,0,0,1,0
overloaded,,,,,keystroke,,,,,6.182518350841069e-10,5.516110296303439e-10,1.1747038404994372e-09,0.9999999976554333,,,,,0,0,1,0
overloaded,,,,,keystroke,,,,,2.1758927062781173e-10,6.400931162791322e-10,5.028743974118318e-10,0.9999999986394433,,,,,0,0,1,0
focused,,,,,keystroke,,,,,0.9999997038624174,9.286519791072545e-11,5.354135361344767e-11,2.9599117598310357e-07,,,,,0,0,1,0
overloaded,,,,,keystroke,,,,,1.725050394407402e-11,4.869790088236594e-11,2.611654996271791e-11,0.999999999907935,,,,,0,0,1,0
overloaded,,,,,keystroke,,,,,5.154687054832917e-13,8.227788470748359e-13,1.4709160132080705e-12,0.9999999999971908,,,,,0,0,1,0
overloaded,,,,,keystroke,,,,,1.4197135216916182e-14,2.2423599928091636e-14,4.034385845376253e-14,0.999999999999923,,,,,0,0,1,0
overloaded,,,,,keystroke,,,,,1.4329868551213183e-14,2.2056178052458947e-14,3.9910986062644716e-14,0.9999999999999236,,,,,0,0,1,0
overloaded,,,,,keystroke,,,,,3.8857617956718696e-11,3.628721128773305e-11,7.520063195595532e-11,0.9999999998496546,,,,,0,0,1,0
overloaded,,,,,keystroke,,,,,4.41323697117631e-08,6.82168762540987e-08,1.2439439344966736e-07,0.9999997632563605,,,,,0,0,1,0
distracted,,,,,keystroke,,,,,9.614202815603831e-06,0.8812455797204456,0.10786046145709202,0.010884344619646696,,,,,0,0,1,0
overloaded,,,,,keystroke,,,,,1.426192867833223e-14,2.3958291118542518e-14,4.1455564141422683e-14,0.9999999999999204,,,,,0,0,1,0
overloaded,,,,,keystroke,,,,,1.422543806914471e-14,2.3083211915173667e-14,4.084799107046057e-14,0.999999999999922,,,,,0,0,1,0
distracted,,,,,keystroke,,,,,7.511504166778813e-05,0.9983241354466817,0.001499728275727376,0.00010102123592297424,,,,,0,0,1,0
overloaded,,,,,keystroke,,,,,2.803898391319502e-05,0.0346762621292144,0.14148738401666758,0.8238083148702048,,,,,0,0,1,0
overloaded,,,,,keystroke,,,,,9.780185687631007e-07,0.006793451687496416,0.008091141361378314,0.9851144289325567,,,,,0,0,1,0
distracted,,,,,keystroke,,,,,0.009219981564476431,0.4665883920316232,0.5236011923546551,0.0005904340492454249,,,,,0,0,1,0
overloaded,,,,,keystroke,,,,,0.00010273756928662391,3.324999690458722e-05,0.006621584381102818,0.993242428052706,,,,,0,0,1,0
fatigued,,,,,keystroke,,,,,1.342988837767101e-05,0.003179564087121005,0.8939230246696953,0.10288398135480607,,,,,0,0,1,0
overloaded,,,,,keystroke,,,,,1.3432846585331497e-14,3.9798138602185156e-14,2.1484497031189833e-14,0.9999999999999253,,,,,0,0,1,0
distracted,,,,,keystroke,,,,,4.113587056897264e-07,0.9988898866808019,0.0005287068975410774,0.000580995062951208,,,,,0,0,1,0
distracted,,,,,keystroke,,,,,3.342127599667105e-08,0.9997280716824829,0.0002718272210434813,6.767519786986082e-08,,,,,0,0,1,0
focused,,,,,keystroke,,,,,0.9110280957798838,0.08796108730895778,0.001005491509548176,5.325401610453112e-06,,,,,0,0,1,0
overloaded,,,,,keystroke,,,,,1.7814449869310438e-14,4.216236490256036e-14,1.510220381349509e-14,0.9999999999999248,,,,,0,0,1,0
overloaded,,,,,keystroke,,,,,1.3509034074446308e-14,3.9732378273213044e-14,2.1403625310575778e-14,0.9999999999999253,,,,,0,0,1,0
overloaded,,,,,keystroke,,,,,1.3509727059214581e-14,3.9732442542510834e-14,2.1404199169626596e-14,0.9999999999999253,,,,,0,0,1,0
overloaded,,,,,keystroke,,,,,8.034743542548818e-13,7.030459761585436e-13,4.270353000040584e-13,0.9999999999980665,,,,,0,0,1,0
fatigued,,,,,keystroke,,,,,4.0456033286287903e-07,9.62477364501192e-07,0.9999980580662117,5.748960910528893e-07,,,,,0,0,1,0
focused,,,,,keystroke,,,,,0.9999999628845333,7.715084740385054e-11,1.288749245688963e-10,3.690944085513492e-08,,,,,0,0,1,0
focused,,,,,keystroke,,,,,0.999999965677763,1.6005351894188948e-14,2.8314080509323546e-14,3.43221928529389e-08,,,,,0,0,1,0
focused,,,,,keystroke,,,,,0.9999999587446792,1.8380307280568297e-14,2.918439441898652e-14,4.125527336197363e-08,,,,,0,0,1,0
focused,,,,,keystroke,,,,,0.9999999623118003,1.7475863314035945e-14,2.87468426211361e-14,3.768815358235682e-08,,,,,0,0,1,0
focused,,,,,keystroke,,,,,0.9999999657642732,1.601388523263256e-14,2.8342396931916362e-14,3.423568243744446e-08,,,,,0,0,1,0
fatigued,,,,,keystroke,,,,,1.0058353067197107e-07,9.312063494459803e-06,0.6538118086181051,0.34617877873486974,,,,,0,0,1,0
overloaded,,,,,keystroke,,,,,3.3687287751229825e-14,2.2353813613460743e-14,2.3720693605246395e-14,0.9999999999999202,,,,,0,0,1,0
overloaded,,,,,keystroke,,,,,3.368716468063618e-14,2.2345346877561087e-14,2.3717182296665912e-14,0.9999999999999202,,,,,0,0,1,0
overloaded,,,,,keystroke,,,,,3.3687161900956493e-14,2.2345190940032342e-14,2.3717116893780362e-14,0.9999999999999202,,,,,0,0,1,0
overloaded,,,,,keystroke,,,,,1.3474918407515137e-14,4.016765115355831e-14,2.2291011520853342e-14,0.9999999999999242,,,,,0,0,1,0
overloaded,,,,,keystroke,,,,,1.3477838722285282e-14,4.0191628077503786e-14,2.234640001952606e-14,0.9999999999999241,,,,,0,0,1,0
overloaded,,,,,keystroke,,,,,3.368710849721042e-14,2.2341459274375802e-14,2.3715569031476918e-14,0.9999999999999202,,,,,0,0,1,0
overloaded,,,,,keystroke,,,,,1.4174726192464965e-14,2.1910615767059315e-14,3.992389769842957e-14,0.999999999999924,,,,,0,0,1,0
overloaded,,,,,keystroke,,,,,1.4174631293936061e-14,2.1908458261177988e-14,3.992207935208964e-14,0.999999999999924,,,,,0,0,1,0
overloaded,,,,,keystroke,,,,,5.287522165116729e-08,8.170122054892127e-08,1.4892599234799863e-07,0.9999997164975654,,,,,0,0,1,0
focused,,,,,keystroke,,,,,0.9999999664076319,1.5596603152444455e-14,2.819788393864838e-14,3.359232430036904e-08,,,,,0,0,1,0
focused,,,,,keystroke,,,,,0.9999999657976598,1.5916578350899988e-14,2.8275789685538685e-14,3.420229595391409e-08,,,,,0,0,1,0
focused,,,,,keystroke,,,,,0.9999999658149216,1.5908382027246132e-14,2.8274112860180567e-14,3.4185034169919186e-08,,,,,0,0,1,0
focused,,,,,keystroke,,,,,0.9999999660485585,1.579651872893233e-14,2.8252186257130263e-14,3.3951397364480343e-08,,,,,0,0,1,0
focused,,,,,keystroke,,,,,0.9999996036022325,3.0608442781573636e-13,6.415044565123764e-13,3.9639681992372334e-07,,,,,0,0,1,0
focused,,,,,keystroke,,,,,0.9999995205464789,2.781766163718753e-09,5.725385536912643e-09,4.709463693900097e-07,,,,,0,0,1,0
focused,,,,,keystroke,,,,,0.9999999655406483,9.867612477347041e-13,1.7409101435294612e-12,3.445662415283195e-08,,,,,0,0,1,0
focused,,,,,keystroke,,,,,0.9927565622242757,0.0007579926706979462,0.006484577660321278,8.674447052438427e-07,,,,,0,0,1,0
fatigued,,,,,keystroke,,,,,0.28017970414501436,9.37570232066708e-05,0.719645465459244,8.1073372534827e-05,,,,,0,0,1,0
distracted,,,,,keystroke,,,,,5.6007371365946405e-05,0.361266129229676,0.6384663410357804,0.0002115223631775421,,,,,0,0,1,0
distracted,,,,,keystroke,,,,,7.728625558201043e-08,0.9990321226501718,0.0007241990836748611,0.00024360097989773613,,,,,0,0,1,0
overloaded,,,,,keystroke,,,,,0.0008840720605182609,0.06587214636553182,0.10401648762466005,0.82922729394929,,,,,0,0,1,0
fatigued,,,,,keystroke,,,,,0.003002296549784536,0.008471092166931848,0.9871951319498146,0.0013314793334691867,,,,,0,0,1,0
focused,,,,,keystroke,,,,,0.9999999588669468,4.662389977951657e-13,7.409922662026405e-13,4.113184598541274e-08,,,,,0,0,1,0
focused,,,,,keystroke,,,,,0.9999975626051948,1.0623280888711095e-11,2.2858370150716432e-11,2.4373613236381116e-06,,,,,0,0,1,0
overloaded,,,,,keystroke,,,,,4.449696438037188e-05,0.37722482272957786,0.009929696483619256,0.6128009838224229,,,,,0,0,1,0
distracted,,,,,keystroke,,,,,3.333334050733921e-08,0.9999998157465869,9.999143753207389e-08,5.0928635046822716e-08,,,,,0,0,1,0
distracted,,,,,keystroke,,,,,2.896478356401796e-06,0.9983011363791109,9.625822787502266e-06,0.001686341319745296,,,,,0,0,1,0
overloaded,,,,,keystroke,,,,,5.2671812073619333e-14,1.5585551580951342e-13,8.370014151692825e-14,0.9999999999997078,,,,,0,0,1,0
overloaded,,,,,keystroke,,,,,3.172663512192662e-14,2.776107349653714e-14,1.686228161768696e-14,0.9999999999999236,,,,,0,0,1,0
focused,,,,,keystroke,,,,,0.9995219135042558,4.0307932508352673e-07,8.762944327397787e-07,0.00047680712198631156,,,,,0,0,1,0
focused,,,,,keystroke,,,,,0.9970681409600783,7.074217189879919e-06,1.1684735100046879e-05,0.0029131000876316416,,,,,0,0,1,0
focused,,,,,keystroke,,,,,0.9999999455508609,2.3620546712100603e-14,3.23623647824395e-14,5.4449083096047954e-08,,,,,0,0,1,0
focused,,,,,keystroke,,,,,0.9981178977998705,3.3285889085063565e-06,6.245056745776249e-06,0.0018725285544751418,,,,,0,0,1,0
focused,,,,,keystroke,,,,,0.9999998894915849,3.181638734683546e-14,6.73452439968366e-14,1.1050831598464595e-07,,,,,0,0,1,0
focused,,,,,keystroke,,,,,0.9999067860156449,1.2739806206190237e-08,2.79431648230068e-08,9.31733013840722e-05,,,,,0,0,1,0
focused,,,,,keystroke,,,,,0.975449170454425,1.5819954235563998e-05,0.0037378484799588524,0.02079716111138077,,,,,0,0,1,0
focused,,,,,keystroke,,,,,0.9866764912885553,9.167488332181382e-06,0.002294295067708081,0.011020046155404351,,,,,0,0,1,0
overloaded,,,,,keystroke,,,,,6.85296927405873e-09,6.0309033986301204e-09,1.3050473248543757e-08,0.9999999740656541,,,,,0,0,1,0
overloaded,,,,,keystroke,,,,,1.1390179856728608e-12,1.030672483038777e-12,2.2158483146248213e-12,0.9999999999956145,,,,,0,0,1,0
overloaded,,,,,keystroke,,,,,0.06165316477251549,3.419817924536244e-06,0.0009812567009197396,0.9373621587086404,,,,,0,0,1,0
focused,,,,,keystroke,,,,,0.9801388924136739,0.00023596337860821068,0.00025978178223122456,0.019365362425486646,,,,,0,0,1,0
focused,,,,,keystroke,,,,,0.9908720708985138,5.2837246601848075e-05,6.0211771234920874e-05,0.00901488008364935,,,,,0,0,1,0
focused,,,,,keystroke,,,,,0.9999041632973377,6.96311726754248e-09,1.0134840177414622e-08,9.581960470486768e-05,,,,,0,0,1,0
focused,,,,,keystroke,,,,,0.9998519995784373,3.2876597882549295e-08,6.528945751549447e-08,0.00014790225550716238,,,,,0,0,1,0
focused,,,,,keystroke,,,,,0.9997538430463281,8.084927722949712e-08,1.5291553350268146e-07,0.00024592318886122803,,,,,0,0,1,0
overloaded,,,,,keystroke,,,,,1.0313311024453701e-10,6.389958166074918e-11,7.900490939212343e-11,0.9999999997539624,,,,,0,0,1,0
overloaded,,,,,keystroke,,,,,0.005921412658663624,1.1455264686577717e-05,0.000143391006069926,0.99392374107058,,,,,0,0,1,0
focused,,,,,keystroke,,,,,0.9999999495653827,1.6769559818492605e-14,3.0900946582414075e-14,5.043456963299403e-08,,,,,0,0,1,0
focused,,,,,keystroke,,,,,0.6357398462373702,0.0002665516281630728,0.31978920189335674,0.044204400241109554,,,,,0,0,1,0
overloaded,,,,,keystroke,,,,,0.00023134396011019294,2.671282384819813e-05,0.009130306033566462,0.9906116371824751,,,,,0,0,1,0
distracted,,,,,keystroke,,,,,8.210872178553947e-06,0.994972866499615,1.2316889751639787e-05,0.005006605738454812,,,,,0,0,1,0
distracted,,,,,keystroke,,,,,7.0031655589361e-05,0.9848694448805762,0.00010507063910640382,0.014955452824728028,,,,,0,0,1,0
distracted,,,,,keystroke,,,,,0.1259177625166844,0.6622528460870982,0.001027892888969275,0.2108014985072483,,,,,0,0,1,0
overloaded,,,,,keystroke,,,,,1.7816330325433988e-14,4.2165975577109425e-14,1.5097679387134567e-14,0.9999999999999248,,,,,0,0,1,0
overloaded,,,,,keystroke,,,,,2.7117397098534116e-13,2.3727935789750564e-13,1.4412522387849996e-13,0.9999999999993474,,,,,0,0,1,0
overloaded,,,,,keystroke,,,,,5.487956927679117e-10,1.6240270486813512e-09,8.720877713412518e-10,0.9999999969550895,,,,,0,0,1,0
overloaded,,,,,keystroke,,,,,1.4275623291562116e-14,2.2004899061951117e-14,3.9914846439321216e-14,0.9999999999999237,,,,,0,0,1,0
overloaded,,,,,keystroke,,,,,3.903480106197889e-08,3.577314892358387e-08,7.667275148499665e-08,0.9999998485192985,,,,,0,0,1,0
overloaded,,,,,keystroke,,,,,2.1048221248425155e-14,2.0137824216293405e-14,4.010054831658941e-14,0.9999999999999187,,,,,0,0,1,0
overloaded,,,,,keystroke,,,,,0.0074912483224159705,0.0006516772324612198,0.2019222401731045,0.7899348342720182,,,,,0,0,1,0
fatigued,,,,,keystroke,,,,,0.0960354661749031,0.029864544928096946,0.8725446395577285,0.001555349339271482,,,,,0,0,1,0
distracted,,,,,keystroke,,,,,3.333415456662259e-08,0.9999997979921005,9.470821247935309e-08,7.396553249858413e-08,,,,,0,0,1,0
distracted,,,,,keystroke,,,,,1.0496519257545147e-07,0.999539190826363,9.54063517672989e-07,0.0004597501449266983,,,,,0,0,1,0
overloaded,,,,,keystroke,,,,,0.09814400291317811,0.0002900821213068832,0.001152913644226941,0.9004130013212879,,,,,0,0,1,0
overloaded,,,,,keystroke,,,,,0.00014760633460669987,0.013862928117178876,0.00028636510876297206,0.9857031004394516,,,,,0,0,1,0
fatigued,,,,,keystroke,,,,,3.335037468026342e-08,4.759890829777282e-11,0.9999999165749287,5.002709774330793e-08,,,,,0,0,1,0
overloaded,,,,,keystroke,,,,,3.48415070527909e-08,6.426400593219647e-05,0.0017428597767900683,0.9981928413757705,,,,,0,0,1,0
overloaded,,,,,keystroke,,,,,1.3803970447227628e-05,0.27524802472845045,0.08343100137307516,0.641307169928027,,,,,0,0,1,0
focused,,,,,keystroke,,,,,0.9999998574773824,1.0448021425955072e-13,1.6843573176316593e-13,1.4252234463131334e-07,,,,,0,0,1,0
focused,,,,,keystroke,,,,,0.9999999634786833,3.138241943942143e-14,1.7586524199739182e-14,3.652126790233617e-08,,,,,0,0,1,0
distracted,,,,,keystroke,,,,,0.17781566194281093,0.7961634637020223,0.00023520937918630017,0.02578566497598063,,,,,0,0,1,0
distracted,,,,,keystroke,,,,,0.000437232916606311,0.8637040934616986,0.001187743406836317,0.13467093021485868,,,,,0,0,1,0
focused,,,,,keystroke,,,,,0.5649468303288014,0.25080274531992053,0.0034079027973546896,0.18084252155392325,,,,,0,0,1,0
overloaded,,,,,keystroke,,,,,0.1346183674624047,5.001016475940364e-05,0.00016177756540726974,0.8651698448074288,,,,,0,0,1,0
distracted,,,,,keystroke,,,,,3.746759940529082e-08,0.9999998104957416,9.999990596633416e-08,5.203675282116747e-08,,,,,0,0,1,0
overloaded,,,,,keystroke,,,,,1.2407120203642585e-12,3.671294495265674e-12,1.971665217021349e-12,0.9999999999931164,,,,,0,0,1,0
overloaded,,,,,keystroke,,,,,3.6642063590689867e-14,3.3574415641995486e-14,7.19378590584753e-14,0.999999999999858,,,,,0,0,1,0
focused,,,,,keystroke,,,,,0.9999999499007086,1.8156371409458614e-14,3.15073054062538e-14,5.0099241754009246e-08,,,,,0,0,1,0
focused,,,,,keystroke,,,,,0.9999971349928568,7.561626555915013e-12,4.745086771759563e-12,2.864994836313236e-06,,,,,0,0,1,0
focused,,,,,keystroke,,,,,0.9999999372776054,3.437839578940533e-14,2.3622830820663586e-14,6.272233655574619e-08,,,,,0,0,1,0
focused,,,,,keystroke,,,,,0.9999999661551338,2.98110045823646e-14,2.4846147125988097e-14,3.384481156355998e-08,,,,,0,0,1,0
focused,,,,,keystroke,,,,,0.8046428517173471,6.73566081883595e-06,0.0013666660510146254,0.1939837465708194,,,,,0,0,1,0
focused,,,,,keystroke,,,,,0.9946238877212815,2.193200424585418e-05,3.4297226923952685e-05,0.005319883047548501,,,,,0,0,1,0
distracted,,,,,keystroke,,,,,3.6327686416236554e-06,0.9491395290776209,0.0027699692829762654,0.04808686887076124,,,,,0,0,1,0
distracted,,,,,keystroke,,,,,3.6343638236262815e-08,0.9999199651827159,3.5618744724349212e-06,7.643659917340888e-05,,,,,0,0,1,0
focused,,,,,keystroke,,,,,0.9999999647750577,2.0801949730904118e-14,3.0765477607880516e-14,3.522489064458785e-08,,,,,0,0,1,0
focused,,,,,keystroke,,,,,0.99999996425563,3.23080827977143e-14,2.235916598438599e-14,3.574431543431953e-08,,,,,0,0,1,0
focused,,,,,keystroke,,,,,0.9999999651003147,3.1784084562595745e-14,2.140183857707367e-14,3.489963213084058e-08,,,,,0,0,1,0
focused,,,,,keystroke,,,,,0.9999999256448496,3.5423963083619056e-14,2.399244456138566e-14,7.435509096073963e-08,,,,,0,0,1,0
focused,,,,,keystroke,,,,,0.9999991169974748,8.460596523434302e-13,5.513559838966815e-13,8.830011279292758e-07,,,,,0,0,1,0
focused,,,,,keystroke,,,,,0.999999278798964,1.1193124928905747e-12,7.725839260073902e-13,7.211991441622758e-07,,,,,0,0,1,0
focused,,,,,keystroke,,,,,0.9999051635462634,6.336861000579026e-08,1.3605125127705258e-07,9.463703387532317e-05,,,,,0,0,1,0
distracted,,,,,keystroke,,,,,3.996583564495893e-06,0.9920128652316238,0.005503166990475594,0.002479971194335909,,,,,0,0,1,0
overloaded,,,,,keystroke,,,,,1.9998371096514338e-05,0.5062237948353395,0.06645414012543405,0.42730206666812975,,,,,0,0,1,0
fatigued,,,,,keystroke,,,,,2.8308698504522614e-06,0.028968212870460235,0.9662928063798155,0.004736149879873813,,,,,0,0,1,0
distracted,,,,,keystroke,,,,,3.353917104553234e-08,0.9396837532474325,0.06031076759581386,5.4456175828339535e-06,,,,,0,0,1,0
focused,,,,,keystroke,,,,,0.9999998586192009,4.3488277780702847e-10,3.163900445070777e-10,1.406295262037452e-07,,,,,0,0,1,0
focused,,,,,keystroke,,,,,0.9999999660301492,3.0617155792784413e-10,2.0180811558695398e-10,3.3461871048729105e-08,,,,,0,0,1,0
overloaded,,,,,keystroke,,,,,1.3848654938505686e-14,4.0291069342170937e-14,2.139021727400069e-14,0.9999999999999244,,,,,0,0,1,0
overloaded,,,,,keystroke,,,,,3.172663512192662e-14,2.776107349653714e-14,1.686228161768696e-14,0.9999999999999236,,,,,0,0,1,0
overloaded,,,,,keystroke,,,,,1.3425114678764248e-14,3.972471609788291e-14,2.1333638314974054e-14,0.9999999999999255,,,,,0,0,1,0
overloaded,,,,,keystroke,,,,,1.3459559171654179e-14,4.0038071304907014e-14,2.1998490320395716e-14,0.9999999999999245,,,,,0,0,1,0
overloaded,,,,,keystroke,,,,,3.368648285599807e-14,2.2292603271339646e-14,2.3695326059680387e-14,0.9999999999999204,,,,,0,0,1,0
overloaded,,,,,keystroke,,,,,3.368646268259604e-14,2.2290951345973297e-14,2.3694640425213082e-14,0.9999999999999204,,,,,0,0,1,0
overloaded,,,,,keystroke,,,,,3.3686394295358944e-14,2.2285343031416002e-14,2.3692311604991642e-14,0.9999999999999204,,,,,0,0,1,0
overloaded,,,,,keystroke,,,,,1.445803862692447e-14,3.829345598953897e-14,4.092479455188712e-14,0.9999999999999064,,,,,0,0,1,0
overloaded,,,,,keystroke,,,,,9.126418794111008e-08,0.004366145819114125,0.00022610803394379123,0.9954076548827545,,,,,0,0,1,0
focused,,,,,keystroke,,,,,0.9999998353756504,6.970375099279776e-10,5.680789720946934e-10,1.6335923308322355e-07,,,,,0,0,1,0
focused,,,,,keystroke,,,,,0.9999999662668235,1.573299139393938e-14,2.8266144633913795e-14,3.373313243758922e-08,,,,,0,0,1,0
focused,,,,,keystroke,,,,,0.9999999652614732,1.6193741860136445e-14,2.835467597123788e-14,3.473848227147029e-08,,,,,0,0,1,0
focused,,,,,keystroke,,,,,0.9999999331577085,4.746767971297331e-14,7.534971944534381e-14,6.684216851652844e-08,,,,,0,0,1,0
focused,,,,,keystroke,,,,,0.999942235285949,1.4553738378511796e-07,1.1086492471387435e-07,5.75083117423959e-05,,,,,0,0,1,0
focused,,,,,keystroke,,,,,0.9999999291230582,4.220436235911621e-14,2.1481103523288623e-14,7.08768780721496e-08,,,,,0,0,1,0
focused,,,,,keystroke,,,,,0.999999458031127,7.97361917538789e-13,6.918039118307627e-13,5.419673838297172e-07,,,,,0,0,1,0
focused,,,,,keystroke,,,,,0.9999996794015135,5.89896533312022e-13,3.379484043038109e-13,3.2059755881234603e-07,,,,,0,0,1,0
focused,,,,,keystroke,,,,,0.9999893300527282,1.5042424228206638e-10,1.2554743703606485e-10,1.0669671300195017e-05,,,,,0,0,1,0
focused,,,,,keystroke,,,,,0.9999874167634679,1.3048297203416422e-10,2.0912376901230653e-10,1.2582896925397305e-05,,,,,0,0,1,0
focused,,,,,keystroke,,,,,0.9999981029093666,7.656212617673697e-12,1.1718530718895162e-11,1.8970712587089612e-06,,,,,0,0,1,0
focused,,,,,keystroke,,,,,0.999993471531252,6.829543422392655e-11,1.2199535230604033e-10,6.528278457265384e-06,,,,,0,0,1,0
focused,,,,,keystroke,,,,,0.9999999634843063,2.2441792384775015e-14,3.0998949021034225e-14,3.65156404295918e-08,,,,,0,0,1,0
focused,,,,,keystroke,,,,,0.9976274944299814,0.0004347042940835612,0.0019218065047823213,1.5994771152246033e-05,,,,,0,0,1,0
overloaded,,,,,keystroke,,,,,0.008733145059028186,0.0005384746055916637,0.0928436943503811,0.8978846859849992,,,,,0,0,1,0
focused,,,,,keystroke,,,,,0.9710847373970767,0.00012362120427997713,0.019624131199291614,0.009167510199351777,,,,,0,0,1,0
focused,,,,,keystroke,,,,,0.9999999660086057,1.5811884400808695e-14,2.8254556183339844e-14,3.399135003742412e-08,,,,,0,0,1,0
focused,,,,,keystroke,,,,,0.9999999666349395,2.3072778472129577e-12,3.3427766993029074e-12,3.335941039449366e-08,,,,,0,0,1,0
focused,,,,,keystroke,,,,,0.999999966590154,3.0344899488576756e-12,5.4447506892036994e-12,3.340136666298073e-08,,,,,0,0,1,0
focused,,,,,keystroke,,,,,0.9999999581602125,1.8433750309508065e-14,2.9242037975859445e-14,4.183973983853386e-08,,,,,0,0,1,0
focused,,,,,keystroke,,,,,0.9999999622190292,1.7521728019273e-14,2.8793279746875556e-14,3.778092463931813e-08,,,,,0,0,1,0
focused,,,,,keystroke,,,,,0.9999999657122018,1.6046082929825853e-14,2.83560811995909e-14,3.428775374046659e-08,,,,,0,0,1,0
focused,,,,,keystroke,,,,,0.9999999529172181,2.3119839613524822e-14,3.8788875174270915e-14,4.708272009004812e-08,,,,,0,0,1,0
focused,,,,,keystroke,,,,,0.9999999468695818,3.3341500692910896e-11,5.4790846484810766e-11,5.304228582365298e-08,,,,,0,0,1,0
focused,,,,,keystroke,,,,,0.9999998875162766,5.43628617604225e-14,8.650847611999104e-14,1.1248358262132746e-07,,,,,0,0,1,0
focused,,,,,keystroke,,,,,0.9620146362677068,0.02441861991428107,0.010226717462444567,0.003340026355567367,,,,,0,0,1,0
focused,,,,,keystroke,,,,,0.9966309953958169,9.865992932458895e-06,6.138243939999911e-06,0.003353000367310585,,,,,0,0,1,0
focused,,,,,keystroke,,,,,0.9818061054196,0.00026542169420947827,0.00016033492448988407,0.0177681379617007,,,,,0,0,1,0
overloaded,,,,,keystroke,,,,,0.14603306165514907,1.8868184583550162e-05,8.695800173795082e-05,0.8538611121585294,,,,,0,0,1,0
focused,,,,,keystroke,,,,,0.9999999076536036,2.6903461304087375e-14,2.1193170090659195e-14,9.234634838632976e-08,,,,,0,0,1,0
focused,,,,,keystroke,,,,,0.5808183586624612,0.00014697557405910232,0.0019685990811845965,0.4170660666822953,,,,,0,0,1,0
overloaded,,,,,keystroke,,,,,0.04472943765988649,0.0005868659732921589,0.1793693277057587,0.7753143686610627,,,,,0,0,1,0
focused,,,,,keystroke,,,,,0.9979912159477314,3.7667231667494897e-06,6.4475083203710345e-06,0.00199856982078142,,,,,0,0,1,0
overloaded,,,,,keystroke,,,,,0.0013242462945815417,6.199139540177242e-07,1.0544062830558769e-05,0.9986645897286343,,,,,0,0,1,0
overloaded,,,,,keystroke,,,,,2.7278321968226255e-14,2.0039177762296278e-14,4.399337976454906e-14,0.9999999999999086,,,,,0,0,1,0
overloaded,,,,,keystroke,,,,,4.4885458819311225e-11,3.472671583551018e-11,3.28076662515225e-11,0.9999999998875801,,,,,0,0,1,0
focused,,,,,keystroke,,,,,0.9993544067843549,3.644458827559113e-07,2.2225668747369797e-07,0.0006450065130748585,,,,,0,0,1,0
focused,,,,,keystroke,,,,,0.9999999081578841,2.6580634496757004e-14,2.161293120704244e-14,9.184206767327773e-08,,,,,0,0,1,0
focused,,,,,keystroke,,,,,0.9999996727587119,1.1995506793253596e-13,7.877784129852306e-14,3.272410893870759e-07,,,,,0,0,1,0
focused,,,,,keystroke,,,,,0.9594634330625612,9.979262283443276e-05,4.781764862589414e-05,0.040388956665978214,,,,,0,0,1,0
overloaded,,,,,keystroke,,,,,0.001974063665043951,1.5196509130352319e-06,0.00020293791498442442,0.9978214787690587,,,,,0,0,1,0
focused,,,,,keystroke,,,,,0.5318936382066797,0.0005143402261855849,0.0002286028082296645,0.4673634187589052,,,,,0,0,1,0
focused,,,,,keystroke,,,,,0.9999823139326005,2.778246542379056e-10,1.7354654815730663e-10,1.7685616028307424e-05,,,,,0,0,1,0
focused,,,,,keystroke,,,,,0.99999811097445,3.2219618808289786e-12,2.162839458951682e-12,1.8890201651500824e-06,,,,,0,0,1,0
focused,,,,,keystroke,,,,,0.9998786460492989,1.1928310473043478e-08,1.1314752636539201e-08,0.00012133070763789935,,,,,0,0,1,0
focused,,,,,keystroke,,,,,0.9999778234281409,4.323720190758521e-10,2.6657231127957147e-10,2.2175872914699786e-05,,,,,0,0,1,0
focused,,,,,keystroke,,,,,0.9999759609159408,5.178900380011464e-10,3.1247370550429466e-10,2.4038253695464375e-05,,,,,0,0,1,0
focused,,,,,keystroke,,,,,0.999994084693213,4.0485721317832504e-11,4.682591771610569e-11,5.915219475454397e-06,,,,,0,0,1,0
focused,,,,,keystroke,,,,,0.6992995701635025,2.7077597802481892e-05,0.0020063627771274998,0.2986669894615676,,,,,0,0,1,0
focused,,,,,keystroke,,,,,0.9836168994031208,0.00016747535342907015,0.00018840967951747433,0.016027215563932787,,,,,0,0,1,0
focused,,,,,keystroke,,,,,0.9999999158300635,2.7154232484263832e-14,2.2743425712125866e-14,8.416988658768121e-08,,,,,0,0,1,0
focused,,,,,keystroke,,,,,0.9999997875050747,7.989239143193869e-14,7.340897215728677e-14,2.1249477215034487e-07,,,,,0,0,1,0
focused,,,,,keystroke,,,,,0.9999999588961617,1.9650760519095475e-14,3.013748805462286e-14,4.110378871988863e-08,,,,,0,0,1,0
focused,,,,,keystroke,,,,,0.9999196884962926,4.27384718515357e-08,5.575346174127551e-08,8.021301177382341e-05,,,,,0,0,1,0
fatigued,,,,,keystroke,,,,,0.04796916201096851,0.14491144405969875,0.5380101002915847,0.2691092936377479,,,,,0,0,1,0
focused,,,,,keystroke,,,,,0.9777325090296678,0.00013142450419693756,0.020234222578673695,0.0019018438874611888,,,,,0,0,1,0
overloaded,,,,,keystroke,,,,,0.0005853339562590591,1.8979378942019425e-05,0.007588151432694744,0.991807535232104,,,,,0,0,1,0
focused,,,,,keystroke,,,,,0.9999193342983559,3.007346845988506e-08,6.338178983518921e-08,8.057224638587989e-05,,,,,0,0,1,0
focused,,,,,keystroke,,,,,0.9999999526304487,2.464337921741775e-14,3.276552494106904e-14,4.7369493904250487e-08,,,,,0,0,1,0
distracted,,,,,keystroke,,,,,3.365177015385301e-08,0.9999970492285112,2.2987937527219708e-06,6.183259659309418e-07,,,,,0,0,1,0
distracted,,,,,keystroke,,,,,3.3607921979232235e-08,0.9991849496375091,0.0008125792983508568,2.437456217827094e-06,,,,,0,0,1,0
focused,,,,,keystroke,,,,,0.9999998668872097,4.0079162817180586e-14,8.666215253163531e-14,1.3311266370475982e-07,,,,,0,0,1,0
focused,,,,,keystroke,,,,,0.8114968174622548,7.494301637051961e-05,0.13160125969878286,0.05682697982259159,,,,,0,0,1,0
focused,,,,,keystroke,,,,,0.9999999664096897,2.5406118449780897e-11,4.598946810415554e-11,3.35189148189251e-08,,,,,0,0,1,0
focused,,,,,keystroke,,,,,0.9070466306378686,0.0191045444945225,0.04641258702836747,0.027436237839241463,,,,,0,0,1,0
overloaded,,,,,keystroke,,,,,0.4325746724374872,0.18611602885890272,0.02997124829779767,0.35133805040581234,,,,,0,0,1,0
overloaded,,,,,keystroke,,,,,2.115771773599736e-05,1.4188501673723034e-05,0.006350081942409011,0.9936145718381815,,,,,0,0,1,0
overloaded,,,,,keystroke,,,,,4.0880872735138915e-08,4.316782182588279e-08,7.55314870843034e-08,0.9999998404198183,,,,,0,0,1,0
focused,,,,,keystroke,,,,,0.9210252992875667,8.657354483056171e-05,0.009429970270388614,0.06945815689721413,,,,,0,0,1,0
focused,,,,,keystroke,,,,,0.9999998984346272,7.688214323011557e-14,1.0758183626197589e-13,1.0156518847497987e-07,,,,,0,0,1,0
overloaded,,,,,keystroke,,,,,3.425014361937372e-07,5.347225117130058e-07,9.707393781973868e-07,0.9999981520366739,,,,,0,0,1,0
overloaded,,,,,keystroke,,,,,1.4203551734294824e-14,2.257189744587152e-14,4.0460696337632265e-14,0.9999999999999227,,,,,0,0,1,0
overloaded,,,,,keystroke,,,,,1.4174674438451413e-14,2.1909439131729126e-14,3.99229060842991e-14,0.999999999999924,,,,,0,0,1,0
overloaded,,,,,keystroke,,,,,1.4174696616550811e-14,2.190994334992318e-14,3.992333103216034e-14,0.999999999999924,,,,,0,0,1,0
fatigued,,,,,keystroke,,,,,0.00024769431311581574,0.00601477231601251,0.9937290443440718,8.489026799880421e-06,,,,,0,0,1,0
fatigued,,,,,keystroke,,,,,4.983608973991939e-06,5.797854420759696e-07,0.9998876581578318,0.00010677844775235372,,,,,0,0,1,0
fatigued,,,,,keystroke,,,,,0.00022852829569684562,3.356213425353594e-08,0.9997612238139575,1.0214328211406806e-05,,,,,0,0,1,0
distracted,,,,,keystroke,,,,,0.00014721164982163076,0.552063642498647,0.4477566024320254,3.254341950596027e-05,,,,,0,0,1,0
fatigued,,,,,keystroke,,,,,1.6805545358619554e-05,0.2660225077029264,0.733957068611563,3.6181401520107786e-06,,,,,0,0,1,0
focused,,,,,keystroke,,,,,0.9856233469056187,9.800103038418985e-05,0.01427693365301645,1.718410980752575e-06,,,,,0,0,1,0
fatigued,,,,,keystroke,,,,,3.052894663188987e-06,0.008034894132457672,0.9919540689961382,7.983976740839084e-06,,,,,0,0,1,0
fatigued,,,,,keystroke,,,,,1.6147855227255096e-07,0.25960204194969616,0.7403960368944702,1.7596772814321218e-06,,,,,0,0,1,0
focused,,,,,keystroke,,,,,0.9875077794180308,0.0003138534169903499,0.012176491683254605,1.875481724287962e-06,,,,,0,0,1,0
focused,,,,,keystroke,,,,,0.9999999628065929,1.9071679414118353e-14,2.986173682272646e-14,3.719335805899469e-08,,,,,0,0,1,0
focused,,,,,keystroke,,,,,0.9999999580646092,2.303397250106313e-14,3.1789446618948964e-14,4.19353360868956e-08,,,,,0,0,1,0
focused,,,,,keystroke,,,,,0.9259112560235245,2.7602231104178e-06,0.07390444009427354,0.000181543659091288,,,,,0,0,1,0
focused,,,,,keystroke,,,,,0.693868037466511,0.300967801076244,0.004909345417038231,0.0002548160402067445,,,,,0,0,1,0
focused,,,,,keystroke,,,,,0.9999999663396467,1.868266287288597e-14,2.991172964581173e-14,3.366030461684123e-08,,,,,0,0,1,0
focused,,,,,keystroke,,,,,0.9999999658624126,2.213452917863339e-14,3.056680660002714e-14,3.413753461625046e-08,,,,,0,0,1,0
distracted,,,,,keystroke,,,,,0.006701019511026303,0.9932487878345948,3.286826548727089e-05,1.7324388891776636e-05,,,,,0,0,1,0
distracted,,,,,keystroke,,,,,0.0005908618930831098,0.9994059294662945,7.411066324511161e-07,2.4675339899589815e-06,,,,,0,0,1,0
focused,,,,,keystroke,,,,,0.9999999665126462,2.1523512250312543e-14,3.033999572313508e-14,3.34873019060783e-08,,,,,0,0,1,0
focused,,,,,keystroke,,,,,0.9999999639510939,1.9171073787690202e-14,3.011906819628657e-14,3.604885672963203e-08,,,,,0,0,1,0
focused,,,,,keystroke,,,,,0.9999999063923001,3.950730365926225e-14,6.329224943974585e-14,9.360759711748075e-08,,,,,0,0,1,0
focused,,,,,keystroke,,,,,0.9999999502450683,1.5206355478978323e-14,2.9658044263210025e-14,4.975488695376216e-08,,,,,0,0,1,0
focused,,,,,keystroke,,,,,0.9999997165915581,2.9225855784540687e-13,4.771347060342439e-13,2.834076726172682e-07,,,,,0,0,1,0
focused,,,,,keystroke,,,,,0.9999999666059943,1.8382220671090404e-14,2.981649930059438e-14,3.3393957353380945e-08,,,,,0,0,1,0
focused,,,,,keystroke,,,,,0.9999999649506968,1.6338042301961716e-14,2.8385711357286926e-14,3.504925858019821e-08,,,,,0,0,1,0
focused,,,,,keystroke,,,,,0.9999999648167786,1.6402654929907613e-14,2.8406282175386113e-14,3.518317660280268e-08,,,,,0,0,1,0
focused,,,,,keystroke,,,,,0.9999999661611695,1.5737072584219302e-14,2.823806087369931e-14,3.3838786416663574e-08,,,,,0,0,1,0
focused,,,,,keystroke,,,,,0.9999999654573908,1.6098637278128776e-14,2.8328338760541007e-14,3.4542564812114226e-08,,,,,0,0,1,0
focused,,,,,keystroke,,,,,0.9999999664980623,1.5550711696485813e-14,2.8188672755042543e-14,3.3501893991308877e-08,,,,,0,0,1,0
focused,,,,,keystroke,,,,,0.9999999664617619,1.55684591730197e-14,2.8191844230457327e-14,3.353819423704404e-08,,,,,0,0,1,0
focused,,,,,keystroke,,,,,0.9999999663543648,1.5625425480777238e-14,2.8205265260691122e-14,3.364559128399828e-08,,,,,0,0,1,0
focused,,,,,keystroke,,,,,0.9999999559485316,2.7507561979807166e-14,4.3923925721059835e-14,4.405139676911222e-08,,,,,0,0,1,0
focused,,,,,keystroke,,,,,0.9999999633797247,1.7040783400439503e-14,2.8591315859520954e-14,3.662022951194305e-08,,,,,0,0,1,0
focused,,,,,keystroke,,,,,0.9999999652250131,1.62047060119019e-14,2.8349786599654723e-14,3.4774942211153945e-08,,,,,0,0,1,0
distracted,,,,,keystroke,,,,,1.8244757250545282e-05,0.9937066168602298,2.175737704416905e-05,0.006253381005475317,,,,,0,0,1,0
focused,,,,,keystroke,,,,,0.9999999183460091,3.061580100575186e-14,2.6599955239548746e-14,8.165393383791124e-08,,,,,0,0,1,0
focused,,,,,keystroke,,,,,0.999999852836618,4.377825228169865e-14,3.9137118944803294e-14,1.471632990313863e-07,,,,,0,0,1,0
distracted,,,,,keystroke,,,,,3.339752999226232e-08,0.9999939509933194,4.493315425662157e-07,5.566277607863812e-06,,,,,0,0,1,0
overloaded,,,,,keystroke,,,,,4.274319619728422e-08,1.26577001286732e-07,6.792488217926582e-08,0.9999997627549203,,,,,0,0,1,0
overloaded,,,,,keystroke,,,,,1.3425155558895445e-14,3.9725437908667394e-14,2.133515976103951e-14,0.9999999999999255,,,,,0,0,1,0
overloaded,,,,,keystroke,,,,,1.4209957513157162e-14,2.194268849235003e-14,3.9919853712460935e-14,0.9999999999999238,,,,,0,0,1,0
overloaded,,,,,keystroke,,,,,5.006587921309878e-12,1.5164380138810915e-11,9.877240120079265e-12,0.9999999999699518,,,,,0,0,1,0
overloaded,,,,,keystroke,,,,,0.2308857258660772,0.00026041708247064976,0.00021035151448704238,0.768643505536965,,,,,0,0,1,0
overloaded,,,,,keystroke,,,,,5.969596854201896e-10,5.375818642598431e-10,1.1572345882771802e-09,0.9999999977082238,,,,,0,0,1,0
overloaded,,,,,keystroke,,,,,2.161127384056187e-14,2.252157126143071e-14,3.9948677226644674e-14,0.999999999999916,,,,,0,0,1,0
overloaded,,,,,keystroke,,,,,1.4242741677675454e-14,2.3494273878139585e-14,4.1142020337868505e-14,0.9999999999999211,,,,,0,0,1,0
overloaded,,,,,keystroke,,,,,1.4174689811791376e-14,2.190944065010215e-14,3.992289326736663e-14,0.999999999999924,,,,,0,0,1,0
overloaded,,,,,keystroke,,,,,1.4177857397080197e-14,2.19818339739603e-14,3.998367313678478e-14,0.9999999999999238,,,,,0,0,1,0
overloaded,,,,,keystroke,,,,,1.837407602236862e-07,0.0030635498062931434,1.1645618294045202e-05,0.9969246208346525,,,,,0,0,1,0
focused,,,,,keystroke,,,,,0.8806382933440902,0.008916603424719267,0.000671212593817376,0.10977389063737314,,,,,0,0,1,0
overloaded,,,,,keystroke,,,,,2.0494939799791277e-14,1.8807923468770195e-14,4.01837507630559e-14,0.9999999999999205,,,,,0,0,1,0
overloaded,,,,,keystroke,,,,,2.050344128776707e-14,1.8832236143479667e-14,4.017637611026099e-14,0.9999999999999204,,,,,0,0,1,0
distracted,,,,,keystroke,,,,,4.50582512737736e-08,0.9993224546472186,0.0005771174894160709,0.00010038280511430056,,,,,0,0,1,0
distracted,,,,,keystroke,,,,,3.333335781645788e-08,0.9999997294872244,9.994243122591881e-08,1.372369866335357e-07,,,,,0,0,1,0
distracted,,,,,keystroke,,,,,0.002022943094462063,0.9301664110991268,0.00021528040408910396,0.06759536540232189,,,,,0,0,1,0
focused,,,,,keystroke,,,,,0.9999999452077336,2.00642106741509e-14,3.323254652191565e-14,5.479221316681218e-08,,,,,0,0,1,0
focused,,,,,keystroke,,,,,0.9999984894748328,2.7861355595571926e-09,1.5708813423621007e-09,1.5061681501181621e-06,,,,,0,0,1,0
focused,,,,,keystroke,,,,,0.8526736062198897,0.020598125125273887,0.022699537265009978,0.10402873138982609,,,,,0,0,1,0
overloaded,,,,,keystroke,,,,,1.1314385941781545e-08,1.0695896547060729e-08,2.172079721181031e-08,0.9999999562689204,,,,,0,0,1,0
overloaded,,,,,keystroke,,,,,0.00020595795333684194,1.0161828876902873e-05,0.08842067744685501,0.9113632027709313,,,,,0,0,1,0
focused,,,,,keystroke,,,,,0.9999998432174814,3.9412447629853993e-10,6.279724679994898e-10,1.557604215143371e-07,,,,,0,0,1,0
focused,,,,,keystroke,,,,,0.9999999648733877,1.170676353393778e-10,2.0507872297872657e-10,3.480446597492429e-08,,,,,0,0,1,0
focused,,,,,keystroke,,,,,0.9999999662999705,1.5653857000125907e-14,2.821157748356787e-14,3.36999857384128e-08,,,,,0,0,1,0
focused,,,,,keystroke,,,,,0.9999999643723663,1.5144788033708427e-12,2.5955211412538022e-12,3.562352382745864e-08,,,,,0,0,1,0
focused,,,,,keystroke,,,,,0.9999996504882859,2.944583245928771e-09,5.550885781962502e-09,3.4101624514042806e-07,,,,,0,0,1,0
fatigued,,,,,keystroke,,,,,0.41123927901005786,0.002285843889194239,0.5863760806925938,9.879640815402666e-05,,,,,0,0,1,0
focused,,,,,keystroke,,,,,0.7694859994038205,0.0016602966278463605,0.2288278489066085,2.5855061724418388e-05,,,,,0,0,1,0
focused,,,,,keystroke,,,,,0.9999999514033419,1.6655182709485098e-14,2.9700633901290474e-14,4.859661156864041e-08,,,,,0,0,1,0
fatigued,,,,,keystroke,,,,,0.013847716430108526,0.0007469141441226825,0.7314712785534642,0.2539340908723045,,,,,0,0,1,0
overloaded,,,,,keystroke,,,,,9.424880104557217e-06,1.3992737090967163e-05,0.048978628219057296,0.950997954163747,,,,,0,0,1,0
fatigued,,,,,keystroke,,,,,0.0016796865206390678,9.596367852155025e-05,0.9861547559380656,0.012069593862773918,,,,,0,0,1,0
fatigued,,,,,keystroke,,,,,0.0003514627861692925,0.00035674247359838946,0.9743025364493847,0.024989258290847693,,,,,0,0,1,0
fatigued,,,,,keystroke,,,,,0.005036317130631533,9.181603730605433e-05,0.9876518421598225,0.007220024672240129,,,,,0,0,1,0
focused,,,,,keystroke,,,,,0.9999999579636619,3.7183364330595364e-11,5.897357735436547e-11,4.194018114929883e-08,,,,,0,0,1,0
focused,,,,,keystroke,,,,,0.863290394535657,8.731210977153017e-05,0.1366196190280269,2.674326544589698e-06,,,,,0,0,1,0
distracted,,,,,keystroke,,,,,2.1743845058135625e-07,0.9999065795610043,9.311322580667056e-05,8.97747384755964e-08,,,,,0,0,1,0
distracted,,,,,keystroke,,,,,0.00018425004117899116,0.9879276373738812,0.011887289839690835,8.227452488707285e-07,,,,,0,0,1,0
focused,,,,,keystroke,,,,,0.9999999614084165,2.7944661890135576e-10,4.6028174953655823e-10,3.785185497603369e-08,,,,,0,0,1,0
fatigued,,,,,keystroke,,,,,8.52865783887291e-06,0.0040536039141788145,0.9957832683797965,0.00015459904818572015,,,,,0,0,1,0
fatigued,,,,,keystroke,,,,,0.00013065689780410964,0.11141655465011088,0.8882917202479579,0.0001610682041271023,,,,,0,0,1,0
fatigued,,,,,keystroke,,,,,6.085013314397093e-08,0.25960743234109657,0.7403907139090163,1.7928997537897454e-06,,,,,0,0,1,0
fatigued,,,,,keystroke,,,,,3.3333475275356985e-08,3.499488122650638e-13,0.9999998775107645,8.915541032959174e-08,,,,,0,0,1,0
overloaded,,,,,keystroke,,,,,0.0006490594997844753,2.9835882996890803e-05,0.18259439103580707,0.8167267135814111,,,,,0,0,1,0
overloaded,,,,,keystroke,,,,,1.672586251436808e-14,2.3948694001743058e-14,3.97679675617035e-14,0.9999999999999195,,,,,0,0,1,0
overloaded,,,,,keystroke,,,,,1.2147849688927303e-12,2.283491369314271e-12,1.2602375752492385e-12,0.9999999999952416,,,,,0,0,1,0
overloaded,,,,,keystroke,,,,,1.3430121410295505e-14,3.973060828702615e-14,2.1333581336575057e-14,0.9999999999999254,,,,,0,0,1,0
overloaded,,,,,keystroke,,,,,1.6879291641104213e-13,1.4769515791717616e-13,8.971112592294569e-14,0.9999999999995938,,,,,0,0,1,0
focused,,,,,keystroke,,,,,0.9999919096886557,3.154223128850456e-07,5.392643028854719e-07,7.235624728621271e-06,,,,,0,0,1,0
focused,,,,,keystroke,,,,,0.9999999601778505,1.8097986988969815e-14,2.9016444580973365e-14,3.9822102353609935e-08,,,,,0,0,1,0
overloaded,,,,,keystroke,,,,,0.0006684313273842669,0.3620678424884986,0.0649056866082471,0.5723580395758701,,,,,0,0,1,0
overloaded,,,,,keystroke,,,,,8.62917076517972e-09,2.2837425232181867e-08,2.4449256237215688e-08,0.9999999440841477,,,,,0,0,1,0
focused,,,,,keystroke,,,,,0.999994437289293,6.589121379647486e-10,1.0545640133601894e-09,5.560997230970149e-06,,,,,0,0,1,0
distracted,,,,,keystroke,,,,,5.198828552844143e-06,0.9960163002038676,8.239382193829831e-06,0.0039702615853855925,,,,,0,0,1,0
overloaded,,,,,keystroke,,,,,0.00013652713415654585,0.16710331212703208,0.0003541205945701517,0.8324060401442412,,,,,0,0,1,0
overloaded,,,,,keystroke,,,,,0.17119846455285864,0.0011395935180219918,0.24150469074409614,0.5861572511850233,,,,,0,0,1,0
overloaded,,,,,keystroke,,,,,0.08015208894978491,7.459188130574554e-05,0.05290211162810627,0.8668712075408027,,,,,0,0,1,0
focused,,,,,keystroke,,,,,0.9999998501825352,1.3846349307441074e-10,2.337176925322941e-10,1.4944528342342938e-07,,,,,0,0,1,0
fatigued,,,,,keystroke,,,,,0.5605977311624074,0.0007507025209827468,0.43559983481078307,0.0030517315058271673,,,,,0,0,1,0
overloaded,,,,,keystroke,,,,,0.0038658419004603236,0.024112794606509783,0.24789938563370528,0.7241219778593246,,,,,0,0,1,0
focused,,,,,keystroke,,,,,0.3998380197799862,0.023973344515615422,0.46242847664933767,0.11376015905506076,,,,,0,0,1,0
focused,,,,,keystroke,,,,,0.9977891334896518,3.6418113532857237e-06,0.0022053532712949095,1.8714276998243979e-06,,,,,0,0,1,0
focused,,,,,keystroke,,,,,0.999999926206704,4.846033090973486e-10,8.176241452339398e-10,7.249106863680843e-08,,,,,0,0,1,0
focused,,,,,keystroke,,,,,0.9999999012997495,7.837182146658478e-14,1.2942119568899234e-13,9.870004285259143e-08,,,,,0,0,1,0
focused,,,,,keystroke,,,,,0.9999999635971147,1.7003981304576188e-14,2.8612184010508096e-14,3.640283968793148e-08,,,,,0,0,1,0
focused,,,,,keystroke,,,,,0.9851680423539406,6.595255180241402e-05,0.014293078009719682,0.00047292708453713006,,,,,0,0,1,0
focused,,,,,keystroke,,,,,0.9975967633114697,2.0241454192906377e-06,0.002112800932602051,0.000288411610508881,,,,,0,0,1,0
focused,,,,,keystroke,,,,,0.9999781428839143,7.482845905867127e-10,1.6437765112448144e-09,2.1854724024567176e-05,,,,,0,0,1,0
overloaded,,,,,keystroke,,,,,0.00032891381880481053,9.394109075461816e-07,0.00159868024165274,0.9980714665286349,,,,,0,0,1,0
overloaded,,,,,keystroke,,,,,1.3440601900378818e-14,3.986977338530723e-14,2.16344507777339e-14,0.9999999999999251,,,,,0,0,1,0
overloaded,,,,,keystroke,,,,,1.4180541740891512e-14,2.204305865347464e-14,4.00346823621506e-14,0.9999999999999237,,,,,0,0,1,0
overloaded,,,,,keystroke,,,,,1.4176719797877805e-14,2.195596729840393e-14,3.9962018584926045e-14,0.9999999999999238,,,,,0,0,1,0
overloaded,,,,,keystroke,,,,,1.3434700915052138e-14,3.981541799150837e-14,2.152040834354865e-14,0.9999999999999252,,,,,0,0,1,0
distracted,,,,,keystroke,,,,,3.333501035826201e-08,0.9999963727262836,2.3696023984556366e-06,1.2243363074533737e-06,,,,,0,0,1,0
distracted,,,,,keystroke,,,,,1.7102822789771838e-06,0.996326319661068,0.0018509983813588084,0.0018209716752940386,,,,,0,0,1,0
overloaded,,,,,keystroke,,,,,1.445554518506058e-14,2.217374478569625e-14,3.990225726839197e-14,0.9999999999999235,,,,,0,0,1,0
overloaded,,,,,keystroke,,,,,1.3425900018094283e-14,3.9732548523410934e-14,2.134964299694354e-14,0.9999999999999254,,,,,0,0,1,0
overloaded,,,,,keystroke,,,,,4.00903711843878e-06,0.05701393449327625,3.822878512510285e-05,0.9429438276844803,,,,,0,0,1,0
overloaded,,,,,keystroke,,,,,1.342508575352984e-14,3.972477035572849e-14,2.133380140580099e-14,0.9999999999999255,,,,,0,0,1,0
overloaded,,,,,keystroke,,,,,1.342507680193446e-14,3.9724684740959065e-14,2.1333627211208062e-14,0.9999999999999255,,,,,0,0,1,0
focused,,,,,keystroke,,,,,0.9861903922322091,6.335892693369743e-05,0.013743331725844613,2.9171150126943093e-06,,,,,0,0,1,0
focused,,,,,keystroke,,,,,0.9233163446509423,2.247026372727397e-06,0.07667392733420125,7.4809884837869045e-06,,,,,0,0,1,0
focused,,,,,keystroke,,,,,0.9999999638497284,9.21430984224921e-11,1.5714788796134077e-10,3.59009806872451e-08,,,,,0,0,1,0
overloaded,,,,,keystroke,,,,,1.7827774730916593e-14,4.217717613360592e-14,1.5095015379906013e-14,0.9999999999999248,,,,,0,0,1,0
overloaded,,,,,keystroke,,,,,7.275785476325945e-13,6.366365956236041e-13,3.8669770682191183e-13,0.9999999999982492,,,,,0,0,1,0
overloaded,,,,,keystroke,,,,,6.171485376385993e-13,5.400095833357168e-13,3.2800576148469215e-13,0.9999999999985149,,,,,0,0,1,0
overloaded,,,,,keystroke,,,,,6.171485376385993e-13,5.400095833357168e-13,3.2800576148469215e-13,0.9999999999985149,,,,,0,0,1,0
overloaded,,,,,keystroke,,,,,7.275785476325945e-13,6.366365956236041e-13,3.8669770682191183e-13,0.9999999999982492,,,,,0,0,1,0
overloaded,,,,,keystroke,,,,,7.275785476325945e-13,6.366365956236041e-13,3.8669770682191183e-13,0.9999999999982492,,,,,0,0,1,0
overloaded,,,,,keystroke,,,,,7.275785476325945e-13,6.366365956236041e-13,3.8669770682191183e-13,0.9999999999982492,,,,,0,0,1,0
overloaded,,,,,keystroke,,,,,7.275785476325945e-13,6.366365956236041e-13,3.8669770682191183e-13,0.9999999999982492,,,,,0,0,1,0
overloaded,,,,,keystroke,,,,,1.3433890242076781e-14,3.980779288996947e-14,2.150451218226459e-14,0.9999999999999252,,,,,0,0,1,0
overloaded,,,,,keystroke,,,,,8.073929150955029e-05,0.01044229082638074,0.11456228103758488,0.874914688844525,,,,,0,0,1,0
distracted,,,,,keystroke,,,,,3.416224686874323e-08,0.9999729396024583,5.613072413142798e-07,2.646492805358334e-05,,,,,0,0,1,0
overloaded,,,,,keystroke,,,,,1.337102595878508e-05,0.08009979399956832,0.0001127224247570948,0.9197741125497159,,,,,0,0,1,0
overloaded,,,,,keystroke,,,,,0.008744310957628893,0.0001357631847759537,0.005115961060833281,0.9860039647967621,,,,,0,0,1,0
distracted,,,,,keystroke,,,,,5.675985289088552e-06,0.9958367042217625,8.94564219115648e-06,0.004148674150757264,,,,,0,0,1,0
distracted,,,,,keystroke,,,,,1.857256712612933e-05,0.9924993470347268,5.3268016382934186e-05,0.007428812381764346,,,,,0,0,1,0
focused,,,,,keystroke,,,,,0.9999984017614936,6.618003272468358e-11,7.187794086465399e-11,1.5981004485348091e-06,,,,,0,0,1,0
focused,,,,,keystroke,,,,,0.9999994635009942,7.13040060764327e-11,7.396878010647913e-11,5.363537330711294e-07,,,,,0,0,1,0
focused,,,,,keystroke,,,,,0.9999999597569403,1.9053908065190542e-14,2.9838514362934346e-14,4.02430108067775e-08,,,,,0,0,1,0
focused,,,,,keystroke,,,,,0.9999986003269775,3.787473626463595e-12,7.111633716667887e-12,1.39966212349696e-06,,,,,0,0,1,0
focused,,,,,keystroke,,,,,0.9999677658134499,4.98271157065217e-09,5.535048455410745e-09,3.222366879007694e-05,,,,,0,0,1,0
focused,,,,,keystroke,,,,,0.7531280408941196,0.24681105218668759,5.3110071137372595e-05,7.796848055827399e-06,,,,,0,0,1,0
distracted,,,,,keystroke,,,,,0.1966941039889108,0.8030420372061879,0.00026151286990797783,2.3459349933633124e-06,,,,,0,0,1,0
focused,,,,,keystroke,,,,,0.5426416510116809,0.45583053725143374,0.001525413598872878,2.398138012710053e-06,,,,,0,0,1,0
focused,,,,,keystroke,,,,,0.9999998751440722,4.125665536169728e-08,3.250227956615163e-08,5.10969928829198e-08,,,,,0,0,1,0
focused,,,,,keystroke,,,,,0.9980930735118672,4.273486367764595e-06,8.8341765683221e-06,0.001893818825196872,,,,,0,0,1,0
distracted,,,,,keystroke,,,,,3.333335053120258e-08,0.9999765944575083,2.3265030697373976e-05,1.0717844363443017e-07,,,,,0,0,1,0
distracted,,,,,keystroke,,,,,0.000393292064492094,0.9801302371508296,0.0014789867661063843,0.017997484018572065,,,,,0,0,1,0
overloaded,,,,,keystroke,,,,,0.0009769018421875626,1.4717247447865114e-06,0.0014019754383193684,0.9976196509947483,,,,,0,0,1,0
overloaded,,,,,keystroke,,,,,0.03623745187538696,0.0003870816112301789,0.004722181001648567,0.9586532855117343,,,,,0,0,1,0
fatigued,,,,,keystroke,,,,,6.137754252356852e-07,1.2351653081078652e-06,0.9987400058621536,0.0012581451971130403,,,,,0,0,1,0
fatigued,,,,,keystroke,,,,,2.687060294322273e-07,7.126032299637138e-07,0.9995823168257011,0.00041670186503971933,,,,,0,0,1,0
fatigued,,,,,keystroke,,,,,0.05988641747681626,0.0022852327612067572,0.8600242628218336,0.07780408694014314,,,,,0,0,1,0
focused,,,,,keystroke,,,,,0.9998516379223377,1.2118210923155734e-06,1.8991485895001206e-06,0.00014525110798046636,,,,,0,0,1,0
overloaded,,,,,keystroke,,,,,9.607759410682156e-12,1.3492373645670492e-11,2.2075720526803302e-11,0.9999999999548242,,,,,0,0,1,0
overloaded,,,,,keystroke,,,,,1.5153523378872103e-14,2.279704388270717e-14,3.986124395138301e-14,0.9999999999999222,,,,,0,0,1,0
overloaded,,,,,keystroke,,,,,0.0014455871317790678,0.00010219036236774864,0.00010229866810719796,0.9983499238377463,,,,,0,0,1,0
focused,,,,,keystroke,,,,,0.7677262964259207,8.294352289950279e-05,0.001862274872961538,0.2303284851782181,,,,,0,0,1,0
distracted,,,,,keystroke,,,,,8.832270942530999e-06,0.9918006728779805,0.0036775175982845234,0.004512977252792494,,,,,0,0,1,0
distracted,,,,,keystroke,,,,,8.865104749929502e-07,0.9999901002587559,6.186453217746359e-06,2.8267775512311766e-06,,,,,0,0,1,0
distracted,,,,,keystroke,,,,,0.013751001246334863,0.9201542762678065,0.0008948564750338663,0.0651998660108248,,,,,0,0,1,0
distracted,,,,,keystroke,,,,,1.227770106288609e-06,0.9980961319290059,1.8421450723585214e-06,0.0019007981558154287,,,,,0,0,1,0
distracted,,,,,keystroke,,,,,3.3356533905908195e-08,0.9999915248306523,5.0037933739565486e-08,8.391774880114882e-06,,,,,0,0,1,0
distracted,,,,,keystroke,,,,,6.187705216687641e-05,0.7972836439634642,0.0003576815941622769,0.20229679739020653,,,,,0,0,1,0
focused,,,,,keystroke,,,,,0.9999547816190081,3.0722257472750976e-09,6.451193378530568e-09,4.5208857572826484e-05,,,,,0,0,1,0
focused,,,,,keystroke,,,,,0.9999996980088734,6.344271995354554e-13,4.222543070941727e-13,3.019900698404789e-07,,,,,0,0,1,0
overloaded,,,,,keystroke,,,,,0.019424100008528514,0.0001247442909824279,0.0029063546921072425,0.9775448010083818,,,,,0,0,1,0
overloaded,,,,,keystroke,,,,,2.0729923558292572e-14,1.9338434047959386e-14,4.014740987254135e-14,0.9999999999999198,,,,,0,0,1,0
overloaded,,,,,keystroke,,,,,2.0528001325169013e-14,1.8881522273579396e-14,4.018056422455689e-14,0.9999999999999204,,,,,0,0,1,0
distracted,,,,,keystroke,,,,,1.1558889035316348e-05,0.9941067265476237,1.79950898393313e-05,0.005863719473501705,,,,,0,0,1,0
overloaded,,,,,keystroke,,,,,2.488071357744112e-08,7.366930263845891e-08,3.954689692801125e-08,0.9999998619030869,,,,,0,0,1,0
overloaded,,,,,keystroke,,,,,0.0014211913528669258,0.00017492637694514044,0.002844009222855936,0.9955598730473323,,,,,0,0,1,0
distracted,,,,,keystroke,,,,,4.857732267340657e-08,0.9999005551573812,9.731825388230147e-05,2.0780114139035085e-06,,,,,0,0,1,0
distracted,,,,,keystroke,,,,,3.430278976245039e-08,0.9986510058811109,0.0013489084250724115,5.139102694368904e-08,,,,,0,0,1,0
overloaded,,,,,keystroke,,,,,2.9195291670901723e-05,0.0020233824683618586,0.0023620243471431904,0.995585397892824,,,,,0,0,1,0
overloaded,,,,,keystroke,,,,,0.06807995037708364,0.3927257127859724,0.025475776623685588,0.5137185602132581,,,,,0,0,1,0
overloaded,,,,,keystroke,,,,,0.008950082546706184,0.1912513433630636,0.15071996260297135,0.6490786114872591,,,,,0,0,1,0
overloaded,,,,,keystroke,,,,,0.006210314098780045,2.0079460016387286e-05,0.06313079779557666,0.9306388086456268,,,,,0,0,1,0
overloaded,,,,,keystroke,,,,,0.012524041547239895,0.04511016438210601,0.18973029946671321,0.7526354946039406,,,,,0,0,1,0
distracted,,,,,keystroke,,,,,4.6452759438723286e-07,0.9988639772807015,9.485974022282033e-07,0.0011346095943019655,,,,,0,0,1,0
distracted,,,,,keystroke,,,,,0.000426308724901692,0.9617042019510484,0.0006870878689118505,0.03718240145513783,,,,,0,0,1,0
distracted,,,,,keystroke,,,,,0.0016456337736223978,0.998311303962788,3.349078916072213e-05,9.571474428659204e-06,,,,,0,0,1,0
distracted,,,,,keystroke,,,,,1.1307527609867458e-05,0.9998204613504725,0.00010565155075271322,6.25795711650969e-05,,,,,0,0,1,0
overloaded,,,,,keystroke,,,,,0.0001775834430449158,0.4965321544927073,0.024693385400277552,0.4785968766639704,,,,,0,0,1,0
distracted,,,,,keystroke,,,,,1.488389079923458e-05,0.6771130597037197,0.00036011568470910814,0.32251194072077194,,,,,0,0,1,0
overloaded,,,,,keystroke,,,,,5.043209823142436e-06,0.012808465264583535,0.004969494732513497,0.9822169967930796,,,,,0,0,1,0
overloaded,,,,,keystroke,,,,,4.7541431561489454e-07,1.431888094807206e-06,8.32407830974971e-07,0.9999972602897587,,,,,0,0,1,0
overloaded,,,,,keystroke,,,,,1.4516746873995717e-14,3.564684323080112e-14,4.287476414542159e-14,0.999999999999907,,,,,0,0,1,0
overloaded,,,,,keystroke,,,,,0.0325934369751825,0.0003181863852362675,0.002326629296763548,0.9647617473428179,,,,,0,0,1,0
distracted,,,,,keystroke,,,,,8.097932702469825e-05,0.9643722756028072,0.007493221590306539,0.02805352347986186,,,,,0,0,1,0
fatigued,,,,,keystroke,,,,,0.004673240198224225,0.09826673085441298,0.7154815045248072,0.18157852442255573,,,,,0,0,1,0
distracted,,,,,keystroke,,,,,5.831342748956671e-07,0.99877104905994,6.734667421849712e-06,0.0012216331383633754,,,,,0,0,1,0
overloaded,,,,,keystroke,,,,,1.3426094167866793e-14,3.9734400311855113e-14,2.1353419124652044e-14,0.9999999999999254,,,,,0,0,1,0
overloaded,,,,,keystroke,,,,,2.1386124979814072e-13,3.303743639822008e-13,6.014486994550372e-13,0.9999999999988544,,,,,0,0,1,0
focused,,,,,keystroke,,,,,0.4975134456837555,0.152973204523991,0.021862422377145828,0.3276509274151077,,,,,0,0,1,0
distracted,,,,,keystroke,,,,,3.3356295479210103e-08,0.9999982507616229,1.3560505613387714e-06,3.5983152037326473e-07,,,,,0,0,1,0
distracted,,,,,keystroke,,,,,3.337439692898566e-08,0.9999998165898798,1.0000002135522388e-07,5.003570205262599e-08,,,,,0,0,1,0
distracted,,,,,keystroke,,,,,5.00955278087951e-08,0.9999035410537284,9.637311317252847e-05,3.573757105604898e-08,,,,,0,0,1,0
focused,,,,,keystroke,,,,,0.9999999557277401,2.5768493306233522e-14,4.1221380047794865e-14,4.4272192955551456e-08,,,,,0,0,1,0
focused,,,,,keystroke,,,,,0.9999999580312586,1.844193288830353e-14,2.924687543056561e-14,4.196869353669243e-08,,,,,0,0,1,0
distracted,,,,,keystroke,,,,,3.3756210203252605e-08,0.9999989651679214,7.716191729323534e-07,2.2945669536195004e-07,,,,,0,0,1,0
distracted,,,,,keystroke,,,,,3.0544996161025977e-06,0.9183868565575731,0.0004819835218784097,0.08112810542093228,,,,,0,0,1,0
overloaded,,,,,keystroke,,,,,4.991976169039571e-06,0.06045733737571362,0.00028257320861821455,0.9392550974394994,,,,,0,0,1,0
distracted,,,,,keystroke,,,,,2.183929469826422e-05,0.9597781533617955,0.0010400530891439366,0.039159954254362146,,,,,0,0,1,0
overloaded,,,,,keystroke,,,,,8.37242784077403e-08,0.00040365219745570516,0.01026061207866897,0.989335651999597,,,,,0,0,1,0
overloaded,,,,,keystroke,,,,,0.0002344978285774945,2.825700312272673e-06,0.08707956467101471,0.9126831118000954,,,,,0,0,1,0
distracted,,,,,keystroke,,,,,1.7642831258621836e-07,0.9994814630110678,1.2088946453028548e-05,0.000506271614166673,,,,,0,0,1,0
distracted,,,,,keystroke,,,,,4.951293499831764e-08,0.9998902391736558,0.00010966940989918744,4.19035102871184e-08,,,,,0,0,1,0
distracted,,,,,keystroke,,,,,3.444253948531574e-08,0.9999998148089132,1.0000002142824504e-07,5.074852596414408e-08,,,,,0,0,1,0
distracted,,,,,keystroke,,,,,3.334870515212305e-08,0.9999998154640368,9.998595007123146e-08,5.120130779186632e-08,,,,,0,0,1,0
fatigued,,,,,keystroke,,,,,0.002059398574144507,0.03498980241433458,0.9599903709330047,0.002960428078516209,,,,,0,0,1,0
fatigued,,,,,keystroke,,,,,0.14066972657583882,0.0034460901784172104,0.8554583836588228,0.00042579958692122476,,,,,0,0,1,0
distracted,,,,,keystroke,,,,,3.6763715701527784e-08,0.9999213474935262,1.420162718659219e-07,7.847372648634845e-05,,,,,0,0,1,0
distracted,,,,,keystroke,,,,,3.333786672802387e-08,0.9999963984358917,5.8866247802299055e-08,3.5093599938402044e-06,,,,,0,0,1,0
overloaded,,,,,keystroke,,,,,0.0042904774953311485,6.8208815189959255e-06,4.1990673227699834e-05,0.9956607109499224,,,,,0,0,1,0
focused,,,,,keystroke,,,,,0.9999865649566316,1.583006772481777e-10,9.667945211676294e-11,1.3434788388130936e-05,,,,,0,0,1,0
focused,,,,,keystroke,,,,,0.9999791261381868,3.8841476666596717e-10,2.3612272223282804e-10,2.0873237275730105e-05,,,,,0,0,1,0
focused,,,,,keystroke,,,,,0.9982298075298334,2.818410186873673e-06,4.414704363370818e-06,0.0017629593556164765,,,,,0,0,1,0
focused,,,,,keystroke,,,,,0.9043713845730517,0.08923746440902412,0.0013700434798644768,0.005021107538059902,,,,,0,0,1,0
focused,,,,,keystroke,,,,,0.9806827326422464,0.01584004265398651,5.704093336807064e-05,0.003420183770399392,,,,,0,0,1,0
focused,,,,,keystroke,,,,,0.9980684348831154,3.297088711430682e-06,2.1403157386851457e-06,0.0019261277124343861,,,,,0,0,1,0
focused,,,,,keystroke,,,,,0.9979474263680918,3.735753771580514e-06,2.481629642297855e-06,0.0020463562484944442,,,,,0,0,1,0
focused,,,,,keystroke,,,,,0.998983618245266,9.230558031468133e-07,6.33793984763052e-07,0.001014824904946159,,,,,0,0,1,0
focused,,,,,keystroke,,,,,0.6722858535722875,4.0487391649532935e-05,5.523945193746621e-06,0.327668135090869,,,,,0,0,1,0
focused,,,,,keystroke,,,,,0.9991471914766143,6.525690968229178e-07,3.8952668085998884e-07,0.0008517664276078577,,,,,0,0,1,0
focused,,,,,keystroke,,,,,0.9998337025603632,2.385155137297466e-08,3.549191827998881e-08,0.0001662380961670302,,,,,0,0,1,0
overloaded,,,,,keystroke,,,,,1.9080220271247584e-08,1.1196541757249268e-08,1.788019242607838e-08,0.9999999518430456,,,,,0,0,1,0
overloaded,,,,,keystroke,,,,,3.206529032895128e-10,2.8111437491305776e-10,6.088698872203376e-10,0.9999999987893629,,,,,0,0,1,0
overloaded,,,,,keystroke,,,,,2.072000833654393e-09,6.1321005596625115e-09,3.2926147728927997e-09,0.9999999885032839,,,,,0,0,1,0
overloaded,,,,,keystroke,,,,,1.342507680193446e-14,3.9724684740959065e-14,2.1333627211208062e-14,0.9999999999999255,,,,,0,0,1,0
overloaded,,,,,keystroke,,,,,3.493600966969362e-14,3.084753153631171e-14,1.9017587513607027e-14,0.9999999999999153,,,,,0,0,1,0
overloaded,,,,,keystroke,,,,,3.849369701361013e-14,3.3910659599986064e-14,2.0312706311937715e-14,0.9999999999999073,,,,,0,0,1,0
overloaded,,,,,keystroke,,,,,4.553835233081883e-13,6.731687713883886e-13,8.281496558903337e-13,0.9999999999980433,,,,,0,0,1,0
overloaded,,,,,keystroke,,,,,0.06829998931800456,0.00022143703076359995,0.02163018004940789,0.9098483936018239,,,,,0,0,1,0
fatigued,,,,,keystroke,,,,,0.2631007936798763,0.021299127902050206,0.5729808141273741,0.1426192642906995,,,,,0,0,1,0
overloaded,,,,,keystroke,,,,,7.573202948098464e-09,9.5832488797848e-09,1.5157520985672863e-08,0.9999999676860272,,,,,0,0,1,0
overloaded,,,,,keystroke,,,,,1.442538284710619e-14,2.2145612926837256e-14,3.9904259874458835e-14,0.9999999999999236,,,,,0,0,1,0
overloaded,,,,,keystroke,,,,,1.4320497045412938e-14,2.2047713766250533e-14,3.991197620292497e-14,0.9999999999999236,,,,,0,0,1,0
focused,,,,,keystroke,,,,,0.9332737738843031,0.00036247500140637693,0.0004042454025492962,0.06595950571174122,,,,,0,0,1,0
focused,,,,,keystroke,,,,,0.9999999424250016,2.7558673906362287e-14,2.3893973503265632e-14,5.757494703751586e-08,,,,,0,0,1,0
distracted,,,,,keystroke,,,,,4.074435286907421e-05,0.9885799332708216,6.178239846473918e-05,0.011317539977844605,,,,,0,0,1,0
overloaded,,,,,keystroke,,,,,3.4253180021431886e-08,0.004811777480902232,3.561806910029061e-05,0.9951525701968177,,,,,0,0,1,0
overloaded,,,,,keystroke,,,,,1.3488730912262615e-14,4.026488698052822e-14,2.2511301089332716e-14,0.9999999999999236,,,,,0,0,1,0
overloaded,,,,,keystroke,,,,,3.8196329405071854e-14,3.93380881927551e-14,2.059058065675062e-14,0.9999999999999019,,,,,0,0,1,0
overloaded,,,,,keystroke,,,,,7.984519055457571e-08,1.6536653971815995e-07,9.086876048507496e-08,0.9999996639195092,,,,,0,0,1,0
overloaded,,,,,keystroke,,,,,1.3425380471816233e-14,3.9727058885879965e-14,2.1338282642593245e-14,0.9999999999999255,,,,,0,0,1,0
overloaded,,,,,keystroke,,,,,3.1604563733245544e-13,2.7654239933919626e-13,1.6797388156461985e-13,0.9999999999992395,,,,,0,0,1,0
overloaded,,,,,keystroke,,,,,3.7520397772262407e-13,3.2830638076770597e-13,1.9941570077604447e-13,0.9999999999990972,,,,,0,0,1,0
overloaded,,,,,keystroke,,,,,3.1614691441408506e-14,2.8304100987697913e-14,2.5900036639013727e-14,0.9999999999999142,,,,,0,0,1,0
focused,,,,,keystroke,,,,,0.992908556634298,4.3011515408148905e-05,2.743271994679117e-05,0.007020999130346942,,,,,0,0,1,0
overloaded,,,,,keystroke,,,,,2.066484660068681e-14,1.918879151950101e-14,4.015610181334432e-14,0.99999999999992,,,,,0,0,1,0
overloaded,,,,,keystroke,,,,,1.4408295408405256e-14,2.2129671436321562e-14,3.9905437140930043e-14,0.9999999999999236,,,,,0,0,1,0
overloaded,,,,,keystroke,,,,,1.425859237288247e-14,2.387693015412986e-14,4.140198735238219e-14,0.9999999999999205,,,,,0,0,1,0
overloaded,,,,,keystroke,,,,,3.331218691670281e-08,0.001577529365509608,6.4771975707359055e-06,0.9984159601247328,,,,,0,0,1,0
focused,,,,,keystroke,,,,,0.9994537592825365,2.9714587343119207e-07,5.75408182486901e-07,0.0005453681634075707,,,,,0,0,1,0
focused,,,,,keystroke,,,,,0.9999992135664525,5.553230378665406e-13,7.683947203693516e-13,7.864322238576115e-07,,,,,0,0,1,0
focused,,,,,keystroke,,,,,0.9793010549464065,0.00034190639704520016,0.00021417820535068045,0.020142860451197692,,,,,0,0,1,0
focused,,,,,keystroke,,,,,0.999999600568837,3.5296306102319225e-13,6.584346174006405e-13,3.9943015163713457e-07,,,,,0,0,1,0
distracted,,,,,keystroke,,,,,1.1906463538864164e-05,0.9947429762770293,0.00011374049698641026,0.005131376762445166,,,,,0,0,1,0
overloaded,,,,,keystroke,,,,,4.169524603723809e-05,0.39082444042538356,0.006644178935639695,0.6024896853929396,,,,,0,0,1,0
focused,,,,,keystroke,,,,,0.9977536258938801,3.8476538812072515e-06,5.830848251951797e-06,0.0022366956039867954,,,,,0,0,1,0
distracted,,,,,keystroke,,,,,3.422917618292411e-08,0.9999443740935944,2.8405131181820804e-05,2.7186546047736064e-05,,,,,0,0,1,0
distracted,,,,,keystroke,,,,,0.11819024285748053,0.5297543804927272,0.01427246231468632,0.33778291433510643,,,,,0,0,1,0
distracted,,,,,keystroke,,,,,0.0724908649234151,0.8004471716626259,0.001380710443362925,0.1256812529705959,,,,,0,0,1,0
overloaded,,,,,keystroke,,,,,7.603241059886503e-10,2.250083155043408e-09,1.2083734761549978e-09,0.9999999957812193,,,,,0,0,1,0
overloaded,,,,,keystroke,,,,,4.028803886803053e-08,1.1930632578668107e-07,6.403070803550222e-08,0.9999997763749273,,,,,0,0,1,0
focused,,,,,keystroke,,,,,0.9999914992652016,4.1256032955983155e-10,2.6573232823167615e-10,8.500056505900888e-06,,,,,0,0,1,0
focused,,,,,keystroke,,,,,0.998076181903752,0.0014783060975063426,7.090679268334902e-05,0.00037460520605825485,,,,,0,0,1,0
distracted,,,,,keystroke,,,,,3.3379767471403085e-08,0.9999986239720178,5.206321762110345e-08,1.2905849972174406e-06,,,,,0,0,1,0
overloaded,,,,,keystroke,,,,,6.508678463056019e-11,1.9264291412290842e-10,1.0355304279714623e-10,0.9999999996387172,,,,,0,0,1,0
overloaded,,,,,keystroke,,,,,2.1607737676080678e-08,1.9668385732025313e-08,4.223242000311144e-08,0.9999999164914566,,,,,0,0,1,0
focused,,,,,keystroke,,,,,0.9999998019789367,2.6988146926626253e-13,2.8776809218434355e-13,1.9802050575815823e-07,,,,,0,0,1,0
overloaded,,,,,keystroke,,,,,2.2743866268657428e-07,0.00010566961996554984,0.25997289379984717,0.7399212091415246,,,,,0,0,1,0
overloaded,,,,,keystroke,,,,,3.545420825355952e-08,2.8369914406316212e-05,0.007661747231219652,0.9923098474001659,,,,,0,0,1,0
overloaded,,,,,keystroke,,,,,5.667581591418433e-08,8.760001017345554e-08,1.5976194621153395e-07,0.9999996959622278,,,,,0,0,1,0
focused,,,,,keystroke,,,,,0.9999999658085649,3.3277133402010445e-13,5.913756969683076e-13,3.419051106768236e-08,,,,,0,0,1,0
distracted,,,,,keystroke,,,,,4.6746037542794345e-08,0.9998639088841454,0.00013599323477817802,5.1135038978338856e-08,,,,,0,0,1,0
distracted,,,,,keystroke,,,,,0.03287888695434012,0.5911688813974951,0.37580928766967053,0.00014294397849382248,,,,,0,0,1,0
overloaded,,,,,keystroke,,,,,6.165118678149926e-07,0.004657503559920865,0.0010051969846287293,0.9943366829435826,,,,,0,0,1,0
overloaded,,,,,keystroke,,,,,2.44592381470145e-09,7.2442974490726634e-09,3.9018018881664705e-09,0.9999999864079768,,,,,0,0,1,0
distracted,,,,,keystroke,,,,,3.3334249392482235e-08,0.9999998158064185,9.999255259224098e-08,5.0866779380143676e-08,,,,,0,0,1,0
overloaded,,,,,keystroke,,,,,1.883853509689038e-12,4.37949363847199e-12,2.3753992294552785e-12,0.9999999999913614,,,,,0,0,1,0
focused,,,,,keystroke,,,,,0.9999982659381327,7.135495227764347e-08,7.741074440418321e-08,1.5852961705069898e-06,,,,,0,0,1,0
focused,,,,,keystroke,,,,,0.9999954501454921,3.867054383148832e-11,7.864817767075814e-11,4.5497371892346865e-06,,,,,0,0,1,0
focused,,,,,keystroke,,,,,0.4434743366154158,0.00014845212315775614,0.007331907596616581,0.5490453036648096,,,,,0,0,1,0
focused,,,,,keystroke,,,,,0.9998990719069203,1.3497787910301876e-08,2.914392079266892e-08,0.00010088545137089898,,,,,0,0,1,0
focused,,,,,keystroke,,,,,0.9999999661482256,1.654874783294931e-14,2.881419823065065e-14,3.385172908737864e-08,,,,,0,0,1,0
focused,,,,,keystroke,,,,,0.9999999664356599,1.7009851456964908e-14,2.9160508159985355e-14,3.3564293888371225e-08,,,,,0,0,1,0
focused,,,,,keystroke,,,,,0.9999999647718959,1.905962088831111e-14,3.0126709171539065e-14,3.522805474624088e-08,,,,,0,0,1,0
focused,,,,,keystroke,,,,,0.9999998185841085,2.8338378102621267e-13,2.532982331786426e-13,1.8141535473717436e-07,,,,,0,0,1,0
focused,,,,,keystroke,,,,,0.9999999653891436,2.948381705796895e-14,2.6800194061275623e-14,3.461080006635334e-08,,,,,0,0,1,0
focused,,,,,keystroke,,,,,0.9999999661462057,1.7002959646868527e-14,2.910468387703099e-14,3.3853748152294974e-08,,,,,0,0,1,0
focused,,,,,keystroke,,,,,0.9999999663603564,1.9161938129819118e-14,3.0069422690579245e-14,3.363959435361168e-08,,,,,0,0,1,0
focused,,,,,keystroke,,,,,0.9999999660443752,2.5387869799081423e-14,2.964973067628596e-14,3.395556972343665e-08,,,,,0,0,1,0
focused,,,,,keystroke,,,,,0.9999999655949157,1.7215173649676476e-14,2.919315854408925e-14,3.440503814594878e-08,,,,,0,0,1,0
focused,,,,,keystroke,,,,,0.999999966310599,1.640976139884174e-14,2.877133084098562e-14,3.368935599568368e-08,,,,,0,0,1,0
focused,,,,,keystroke,,,,,0.9999999658428261,1.5899233862598034e-14,2.8276177825278004e-14,3.41571295183802e-08,,,,,0,0,1,0
focused,,,,,keystroke,,,,,0.9999999664640934,8.637400895088458e-13,1.5501410657005263e-12,3.353349282890988e-08,,,,,0,0,1,0
focused,,,,,keystroke,,,,,0.9978408020827625,4.384280953791055e-06,0.002154081632303357,7.320039805029815e-07,,,,,0,0,1,0
focused,,,,,keystroke,,,,,0.9999999629154982,1.589196866720942e-12,2.643713817562272e-12,3.7080268939569336e-08,,,,,0,0,1,0
focused,,,,,keystroke,,,,,0.9999999632178999,1.710995319446323e-14,2.8617728992898877e-14,3.678205448743915e-08,,,,,0,0,1,0
focused,,,,,keystroke,,,,,0.9999997075766496,1.5954753883023295e-08,2.7883515899124326e-08,2.4858508064049823e-07,,,,,0,0,1,0
focused,,,,,keystroke,,,,,0.9999998489389886,2.560264889092961e-10,4.4279560517225357e-10,1.503621891301449e-07,,,,,0,0,1,0
focused,,,,,keystroke,,,,,0.999999672614176,2.0789521795542034e-13,4.4055852200044766e-13,3.2738517535240694e-07,,,,,0,0,1,0
focused,,,,,keystroke,,,,,0.9663874436462914,6.0696008374790095e-05,0.0063279227804551195,0.027223937564878713,,,,,0,0,1,0
fatigued,,,,,keystroke,,,,,0.07169581265940238,0.0030072645804031716,0.4609296713478825,0.4643672514123118,,,,,0,0,1,0
overloaded,,,,,keystroke,,,,,0.022460767116098977,0.0004128685403744224,0.20155651921302298,0.7755698451305039,,,,,0,0,1,0
focused,,,,,keystroke,,,,,0.9999999497938136,1.401693336158245e-14,2.960918623742967e-14,5.0206142649834e-08,,,,,0,0,1,0
focused,,,,,keystroke,,,,,0.9999999493740995,1.4107957602443204e-14,2.986256943281341e-14,5.062585663843204e-08,,,,,0,0,1,0
focused,,,,,keystroke,,,,,0.9998285414490267,3.773284149536395e-08,8.011892462739653e-08,0.00017134069920707952,,,,,0,0,1,0
focused,,,,,keystroke,,,,,0.9999999221673306,4.1778694467000425e-14,5.929655074650305e-14,7.783256851396136e-08,,,,,0,0,1,0
focused,,,,,keystroke,,,,,0.9999999655046137,3.054302547888902e-14,1.774757283249944e-14,3.449533811663517e-08,,,,,0,0,1,0
focused,,,,,keystroke,,,,,0.9999942296207561,1.3489539621104603e-10,9.103567215939912e-11,5.770153312798206e-06,,,,,0,0,1,0
focused,,,,,keystroke,,,,,0.9999999665676521,1.5519441405932767e-14,2.8184565761245436e-14,3.343230396850893e-08,,,,,0,0,1,0
focused,,,,,keystroke,,,,,0.9999999666353767,1.5487501537221036e-14,2.8180037994211114e-14,3.336457963009089e-08,,,,,0,0,1,0
focused,,,,,keystroke,,,,,0.9999736466329882,7.91516379537485e-09,1.2563551042148737e-08,2.633288829692125e-05,,,,,0,0,1,0
focused,,,,,keystroke,,,,,0.9999996588601286,2.2035375635966242e-09,3.839549509076993e-09,3.3509678437820064e-07,,,,,0,0,1,0
focused,,,,,keystroke,,,,,0.999999966491828,1.5552108143532557e-14,2.8187804518273485e-14,3.350812845361725e-08,,,,,0,0,1,0
focused,,,,,keystroke,,,,,0.999999966490822,1.2449649742958421e-12,2.2566408619762703e-12,3.350567615727424e-08,,,,,0,0,1,0
fatigued,,,,,keystroke,,,,,0.029580598026933747,0.0032715253822727334,0.9068669924156462,0.06028088417514746,,,,,0,0,1,0
overloaded,,,,,keystroke,,,,,8.915442499154596e-09,1.3405508176528823e-08,2.3334695301044382e-08,0.9999999543443541,,,,,0,0,1,0
distracted,,,,,keystroke,,,,,4.166392144237845e-05,0.9884492368421505,6.799735145077065e-05,0.011441101884956313,,,,,0,0,1,0
distracted,,,,,keystroke,,,,,4.9371806226129426e-08,0.9999998110553259,9.999992410990132e-08,3.9572943596887447e-08,,,,,0,0,1,0
distracted,,,,,keystroke,,,,,0.0003317435905520421,0.9996645734024308,1.5814900600410448e-06,2.101516957283063e-06,,,,,0,0,1,0
overloaded,,,,,keystroke,,,,,1.8421622355146562e-09,1.2026881162066219e-09,1.2910127662667091e-09,0.9999999956641369,,,,,0,0,1,0
overloaded,,,,,keystroke,,,,,1.4174829728439208e-14,2.1912969777369834e-14,3.992588115877069e-14,0.999999999999924,,,,,0,0,1,0
overloaded,,,,,keystroke,,,,,1.3553264407978604e-14,4.074274743648885e-14,2.3752110512690994e-14,0.9999999999999221,,,,,0,0,1,0
focused,,,,,keystroke,,,,,0.9999998678752421,7.413406723022541e-14,2.998142649903527e-14,1.3212465374480964e-07,,,,,0,0,1,0
focused,,,,,keystroke,,,,,0.9948825188918995,0.0038012700313408087,0.0002253293561250188,0.0010908817206346099,,,,,0,0,1,0
focused,,,,,keystroke,,,,,0.9401199111870991,0.015425509369275085,0.003815399373055154,0.04063918007057053,,,,,0,0,1,0
focused,,,,,keystroke,,,,,0.9999999195423835,3.6111025626118795e-14,2.2665546456293288e-14,8.045755752512128e-08,,,,,0,0,1,0
focused,,,,,keystroke,,,,,0.9999999505108521,3.765377732037639e-14,2.0256131172871202e-14,4.948908983428019e-08,,,,,0,0,1,0
focused,,,,,keystroke,,,,,0.9999999657002767,2.2246784931183742e-14,3.059960811322352e-14,3.4299670364636226e-08,,,,,0,0,1,0
focused,,,,,keystroke,,,,,0.9999999641420085,1.7219717700471646e-14,2.890643282162175e-14,3.5857945422417814e-08,,,,,0,0,1,0
overloaded,,,,,keystroke,,,,,1.771203476155571e-07,1.2544049164366687e-07,2.741099566396098e-07,0.9999994233292041,,,,,0,0,1,0
overloaded,,,,,keystroke,,,,,7.769268898255173e-07,6.041277508029677e-07,1.332036718280942e-06,0.9999972869086411,,,,,0,0,1,0
distracted,,,,,keystroke,,,,,0.00015557862768354307,0.9867127715961675,0.0004962636896744897,0.012635386086474498,,,,,0,0,1,0
distracted,,,,,keystroke,,,,,8.996148179707646e-07,0.9991789656793264,2.7186537383439894e-06,0.0008174160521173222,,,,,0,0,1,0
focused,,,,,keystroke,,,,,0.9999977450884289,6.903828267541166e-07,4.78270033552969e-07,1.0862587106846076e-06,,,,,0,0,1,0
focused,,,,,keystroke,,,,,0.9999999613259707,1.811356736869181e-14,2.9178863542289086e-14,3.867398199015609e-08,,,,,0,0,1,0
distracted,,,,,keystroke,,,,,3.334263654870469e-08,0.9982836928454957,0.0017162174270618862,5.6384805952022654e-08,,,,,0,0,1,0
distracted,,,,,keystroke,,,,,3.3333395021202864e-08,0.9999644014066947,3.5515071674309955e-05,5.018823612444426e-08,,,,,0,0,1,0
distracted,,,,,keystroke,,,,,1.8032537014726195e-05,0.999979283627494,1.6387641481471178e-06,1.0450713431076224e-06,,,,,0,0,1,0
distracted,,,,,keystroke,,,,,1.919999011639993e-05,0.9999800031590624,1.3982233331991742e-07,6.570284879726567e-07,,,,,0,0,1,0
focused,,,,,keystroke,,,,,0.9877736430329254,0.012153203168730859,1.3640662532965967e-05,5.9513135810509734e-05,,,,,0,0,1,0
focused,,,,,keystroke,,,,,0.9947079295306653,0.005258246342679389,2.3009323840741593e-05,1.0814802814488236e-05,,,,,0,0,1,0
focused,,,,,keystroke,,,,,0.9999995642764128,4.980303401432039e-13,8.481603603613927e-13,4.3572224098648317e-07,,,,,0,0,1,0
focused,,,,,keystroke,,,,,0.9996325743118654,2.0547756166804795e-07,4.4853117948180404e-07,0.00036677167939327444,,,,,0,0,1,0
focused,,,,,keystroke,,,,,0.9999964442322767,2.7176932289129292e-11,5.066628556190204e-11,3.5556898800840094e-06,,,,,0,0,1,0
distracted,,,,,keystroke,,,,,3.3333340533587155e-08,0.999999816534032,5.006641858617052e-08,1.0006620895779159e-07,,,,,0,0,1,0
distracted,,,,,keystroke,,,,,3.333334053766197e-08,0.9999998166562764,5.0005186805368194e-08,1.0000519626874759e-07,,,,,0,0,1,0
distracted,,,,,keystroke,,,,,3.3333340538007e-08,0.9999998166666272,5.000001080700914e-08,1.0000002161402114e-07,,,,,0,0,1,0
focused,,,,,keystroke,,,,,0.9999999648240306,1.673996180173646e-14,2.866093266650475e-14,3.517592386231032e-08,,,,,0,0,1,0
focused,,,,,keystroke,,,,,0.9999999658585449,1.5976819784160392e-14,2.834040495381034e-14,3.414141067995304e-08,,,,,0,0,1,0
focused,,,,,keystroke,,,,,0.9999999664187877,1.565946666585599e-14,2.825008985944204e-14,3.3581168432318974e-08,,,,,0,0,1,0
distracted,,,,,keystroke,,,,,1.05028230747044e-07,0.9999997939684301,6.580572534581324e-08,3.519761383430211e-08,,,,,0,0,1,0
distracted,,,,,keystroke,,,,,3.3333340538007e-08,0.9999998166666272,5.000001080700914e-08,1.0000002161402114e-07,,,,,0,0,1,0
distracted,,,,,keystroke,,,,,3.333342117400861e-08,0.9999993722893615,5.0000131761002004e-08,5.443770856072642e-07,,,,,0,0,1,0
overloaded,,,,,keystroke,,,,,1.342507680193446e-14,3.9724684740959065e-14,2.1333627211208062e-14,0.9999999999999255,,,,,0,0,1,0
overloaded,,,,,keystroke,,,,,1.342507680193446e-14,3.9724684740959065e-14,2.1333627211208062e-14,0.9999999999999255,,,,,0,0,1,0
distracted,,,,,keystroke,,,,,5.417674997730668e-06,0.903698847489064,1.959928019037461e-05,0.09627613555574775,,,,,0,0,1,0
overloaded,,,,,keystroke,,,,,4.1093302186771875e-07,1.218939092513225e-06,6.530767600027483e-07,0.9999977170511257,,,,,0,0,1,0
overloaded,,,,,keystroke,,,,,1.342507680193446e-14,3.9724684740959065e-14,2.1333627211208062e-14,0.9999999999999255,,,,,0,0,1,0
focused,,,,,keystroke,,,,,0.9999998654501537,1.0638587972063711e-13,6.326059299200576e-14,1.3454967665431195e-07,,,,,0,0,1,0
focused,,,,,keystroke,,,,,0.9999228640474559,5.58079897830159e-09,4.184621700019673e-09,7.712618712332413e-05,,,,,0,0,1,0
focused,,,,,keystroke,,,,,0.9999999007507347,2.8696180054069296e-14,4.9899260730782796e-14,9.9249186767428e-08,,,,,0,0,1,0
focused,,,,,keystroke,,,,,0.9999999639069752,3.0652552983637916e-14,2.7563679491940194e-14,3.609296657665808e-08,,,,,0,0,1,0
focused,,,,,keystroke,,,,,0.9999999626363447,2.983155515843029e-14,2.956984277566336e-14,3.7363596071692875e-08,,,,,0,0,1,0
focused,,,,,keystroke,,,,,0.9826877125522375,0.015112383197195866,0.00018724252745188182,0.00201266172311468,,,,,0,0,1,0
focused,,,,,keystroke,,,,,0.999999375916256,1.1291856685436363e-12,2.09322035084255e-12,6.240805214524547e-07,,,,,0,0,1,0
overloaded,,,,,keystroke,,,,,6.044463301330799e-10,5.223898339591933e-10,4.2590700916603464e-10,0.9999999984472568,,,,,0,0,1,0
overloaded,,,,,keystroke,,,,,0.022020329819206517,0.0002574361986323231,0.00036223807186264943,0.9773599959102982,,,,,0,0,1,0
focused,,,,,keystroke,,,,,0.9999999664736035,1.6081676911907648e-14,2.8581424484429465e-14,3.352635191360566e-08,,,,,0,0,1,0
focused,,,,,keystroke,,,,,0.9999999660895724,1.6939936515398228e-14,2.9126750920421494e-14,3.391038131665221e-08,,,,,0,0,1,0
focused,,,,,keystroke,,,,,0.999805254971465,4.953287839528708e-08,1.0430446798970778e-07,0.00019459119118858198,,,,,0,0,1,0
focused,,,,,keystroke,,,,,0.9999995856232955,4.094837777885122e-13,7.203435406518982e-13,4.1437557471896344e-07,,,,,0,0,1,0
focused,,,,,keystroke,,,,,0.9999941265702136,5.062739370297565e-11,6.393195592535623e-11,5.873315226821727e-06,,,,,0,0,1,0
focused,,,,,keystroke,,,,,0.9999999526377689,3.3921781232783434e-14,3.0950351567991606e-14,4.736216623611501e-08,,,,,0,0,1,0
focused,,,,,keystroke,,,,,0.9999709482164877,7.915477202249298e-10,1.271593031917778e-09,2.9049720371536808e-05,,,,,0,0,1,0
focused,,,,,keystroke,,,,,0.9999845619001466,2.839870162556524e-10,5.608500525620298e-10,1.543725501623145e-05,,,,,0,0,1,0
focused,,,,,keystroke,,,,,0.9855094717236408,1.0441382253910691e-05,0.001819823573136918,0.012660263320968333,,,,,0,0,1,0
distracted,,,,,keystroke,,,,,2.8360708637759513e-06,0.9280676263940825,0.0007086425663970269,0.07122089496865673,,,,,0,0,1,0
focused,,,,,keystroke,,,,,0.9999999304868696,3.419537873819374e-14,4.781329679678791e-14,6.951304822380893e-08,,,,,0,0,1,0
focused,,,,,keystroke,,,,,0.9999999606780471,3.233423792920632e-14,2.8984804351127813e-14,3.932189164848914e-08,,,,,0,0,1,0
focused,,,,,keystroke,,,,,0.9999999650390771,2.7555063847094608e-14,2.919277931512617e-14,3.4960866048438044e-08,,,,,0,0,1,0
focused,,,,,keystroke,,,,,0.9999999548496353,2.0907893285795878e-14,3.139203491683543e-14,4.5150312405765135e-08,,,,,0,0,1,0
focused,,,,,keystroke,,,,,0.9736341436818137,1.2381800383379705e-05,0.0030335119366673192,0.023319962581135452,,,,,0,0,1,0
focused,,,,,keystroke,,,,,0.6685337669464371,2.4153207579371224e-05,0.0031562490073046494,0.32828583083867896,,,,,0,0,1,0
focused,,,,,keystroke,,,,,0.999999931307232,2.4600144551590585e-14,3.591764104512057e-14,6.869270756536682e-08,,,,,0,0,1,0
focused,,,,,keystroke,,,,,0.9999999629075245,3.3541457490156386e-14,2.214390096217267e-14,3.7092419810817984e-08,,,,,0,0,1,0
focused,,,,,keystroke,,,,,0.9999999656347625,1.6001550444704605e-14,2.829823275039623e-14,3.4365193397831254e-08,,,,,0,0,1,0
focused,,,,,keystroke,,,,,0.9854012836546149,5.958526395193115e-05,0.013706016858451893,0.0008331142229812458,,,,,0,0,1,0
focused,,,,,keystroke,,,,,0.8724352728899563,1.0293821862389624e-05,0.07547676086062689,0.05207767242755467,,,,,0,0,1,0
focused,,,,,keystroke,,,,,0.9999999662224337,1.571136517853934e-14,2.8236465968013546e-14,3.377752243841643e-08,,,,,0,0,1,0
fatigued,,,,,keystroke,,,,,0.036626264854384645,0.056581846863907805,0.6070057513429946,0.29978613693871303,,,,,0,0,1,0
distracted,,,,,keystroke,,,,,2.548651818003282e-06,0.9955507736845478,0.002704422006027061,0.0017422556576069655,,,,,0,0,1,0
distracted,,,,,keystroke,,,,,1.797880655853598e-06,0.9999767700562372,1.824363213635438e-05,3.1884309705572864e-06,,,,,0,0,1,0
focused,,,,,keystroke,,,,,0.9999999663325525,1.576458905432819e-14,2.8311549167943836e-14,3.366740359637251e-08,,,,,0,0,1,0
focused,,,,,keystroke,,,,,0.9999985926306001,2.840041536763068e-08,4.9154156594599224e-08,1.3298148279459142e-06,,,,,0,0,1,0
focused,,,,,keystroke,,,,,0.9999999647344112,1.6456717127462502e-14,2.8432846533378876e-14,3.526554401835981e-08,,,,,0,0,1,0
distracted,,,,,keystroke,,,,,7.285670290664785e-05,0.9968400763482513,0.0030686663128280116,1.84006360141078e-05,,,,,0,0,1,0
distracted,,,,,keystroke,,,,,4.6932765489776376e-08,0.9999913528792278,8.360131279296852e-06,2.4005672768523095e-07,,,,,0,0,1,0
distracted,,,,,keystroke,,,,,0.04813887925453589,0.5405832751282298,0.40993044232142906,0.0013474032958050565,,,,,0,0,1,0
focused,,,,,keystroke,,,,,0.9999880288359159,4.4680432326315515e-07,8.798488785524169e-07,1.0644510882319627e-05,,,,,0,0,1,0
focused,,,,,keystroke,,,,,0.8238228975340958,0.1740356830508175,0.002035842341319567,0.0001055770737670789,,,,,0,0,1,0
focused,,,,,keystroke,,,,,0.9999999657639049,1.5960476691768942e-14,2.8304433434037837e-14,3.423605075812252e-08,,,,,0,0,1,0
focused,,,,,keystroke,,,,,0.9999999487266674,1.1114737237536946e-11,1.90802598056508e-11,5.12431377989695e-08,,,,,0,0,1,0
distracted,,,,,keystroke,,,,,0.37348578318660225,0.5715348966063412,0.05456899657518242,0.0004103236318739967,,,,,0,0,1,0
focused,,,,,keystroke,,,,,0.9999999649297888,1.7377725364250055e-14,2.920322022115338e-14,3.5070164595539695e-08,,,,,0,0,1,0
focused,,,,,keystroke,,,,,0.9999999652746906,1.7479421171243305e-14,2.939122195628407e-14,3.4725262572296056e-08,,,,,0,0,1,0
distracted,,,,,keystroke,,,,,7.572435928340219e-06,0.9669715504488189,0.03301768574418456,3.1913710681964156e-06,,,,,0,0,1,0
focused,,,,,keystroke,,,,,0.9999998926787826,8.7133444507854e-12,5.161107543502582e-12,1.073073430111475e-07,,,,,0,0,1,0
focused,,,,,keystroke,,,,,0.9999999606386561,2.0901424524218727e-14,3.1108124292630366e-14,3.9361291935163464e-08,,,,,0,0,1,0
focused,,,,,keystroke,,,,,0.999999951118175,3.1077645203071187e-14,3.3745712992390386e-14,4.888176015972635e-08,,,,,0,0,1,0
focused,,,,,keystroke,,,,,0.9967485949851468,0.0028334290137906233,3.188717344013771e-05,0.0003860888276225185,,,,,0,0,1,0
focused,,,,,keystroke,,,,,0.9319682664517233,0.002602136289144322,0.00017278110894636625,0.06525681615018611,,,,,0,0,1,0
focused,,,,,keystroke,,,,,0.9737728656507184,0.0040119350033269215,0.00012045823119642978,0.022094741114758135,,,,,0,0,1,0
focused,,,,,keystroke,,,,,0.9999996768988934,6.227274837552565e-13,4.802854872727664e-13,3.231000035436204e-07,,,,,0,0,1,0
distracted,,,,,keystroke,,,,,0.04747923940753461,0.9522192893616369,0.00011698153018462645,0.00018448970064375357,,,,,0,0,1,0
distracted,,,,,keystroke,,,,,3.3420573427687414e-08,0.9999735416945457,1.6414064085708165e-05,1.0010820795367907e-05,,,,,0,0,1,0
distracted,,,,,keystroke,,,,,3.4527464304126734e-08,0.9993668222667594,0.0005962646200855427,3.6878585690779636e-05,,,,,0,0,1,0
focused,,,,,keystroke,,,,,0.9971329233666448,0.0025131426355469266,0.00033426351722092354,1.9670480587453693e-05,,,,,0,0,1,0
overloaded,,,,,keystroke,,,,,3.983277197785641e-05,0.00010068155537367793,0.0044376128714715725,0.995421872801177,,,,,0,0,1,0
overloaded,,,,,keystroke,,,,,4.284071808999644e-06,0.05606276827681296,0.000972226474899654,0.9429607211764786,,,,,0,0,1,0
distracted,,,,,keystroke,,,,,5.2945947315535046e-05,0.9869243567073028,7.953313986152694e-05,0.012943164205520146,,,,,0,0,1,0
focused,,,,,keystroke,,,,,0.9999991236684769,1.3679288307276901e-12,2.8252886679913673e-12,8.763273299083744e-07,,,,,0,0,1,0
focused,,,,,keystroke,,,,,0.999957191513997,7.879589172480533e-09,1.2711212001548388e-08,4.27878952018022e-05,,,,,0,0,1,0
distracted,,,,,keystroke,,,,,3.3345686969627664e-08,0.99996819725691,3.109425363931416e-05,6.751437637376305e-07,,,,,0,0,1,0
distracted,,,,,keystroke,,,,,3.333392508064605e-08,0.9999796477129741,2.026892857724907e-05,5.002452331505709e-08,,,,,0,0,1,0
distracted,,,,,keystroke,,,,,6.667877359519143e-05,0.9932352649548133,0.0028460500165100795,0.00385200625508157,,,,,0,0,1,0
distracted,,,,,keystroke,,,,,0.0009177126201486095,0.9742413190027512,0.003988519877861086,0.02085244849923895,,,,,0,0,1,0
fatigued,,,,,keystroke,,,,,2.5723840337263965e-06,0.25927468519053004,0.7407063307606973,1.6411664738985088e-05,,,,,0,0,1,0
distracted,,,,,keystroke,,,,,1.3368777253190746e-06,0.9864182402576113,0.013578879839632713,1.5430250307988809e-06,,,,,0,0,1,0
distracted,,,,,keystroke,,,,,0.0006328688295573296,0.8693520289600345,0.09863603482201702,0.031379067388391045,,,,,0,0,1,0
fatigued,,,,,keystroke,,,,,0.013070687001107376,0.24795233491734478,0.6740132055676132,0.06496377251393459,,,,,0,0,1,0
focused,,,,,keystroke,,,,,0.9999997363659014,5.332816559901858e-13,8.790747642537215e-13,2.636326861348478e-07,,,,,0,0,1,0
overloaded,,,,,keystroke,,,,,8.749922973081903e-14,2.6519179034860927e-13,1.745358469719557e-13,0.9999999999994728,,,,,0,0,1,0
overloaded,,,,,keystroke,,,,,1.3665590961630257e-14,4.1356278547788384e-14,2.5797778436791034e-14,0.9999999999999193,,,,,0,0,1,0
overloaded,,,,,keystroke,,,,,1.4174961032971129e-14,2.191541841047242e-14,3.9927922057805167e-14,0.999999999999924,,,,,0,0,1,0
overloaded,,,,,keystroke,,,,,1.4174631361800178e-14,2.1908459804018165e-14,3.9922080652552215e-14,0.999999999999924,,,,,0,0,1,0
overloaded,,,,,keystroke,,,,,3.8258205432828185e-11,5.913234527057595e-11,1.0775457473817111e-10,0.9999999997948549,,,,,0,0,1,0
distracted,,,,,keystroke,,,,,5.4195547785767506e-08,0.9997495697049016,8.298642216228824e-08,0.0002502931131285033,,,,,0,0,1,0
distracted,,,,,keystroke,,,,,9.326724790504382e-08,0.9995753981410912,1.4312048199850904e-07,0.0004243654711787123,,,,,0,0,1,0
focused,,,,,keystroke,,,,,0.9998652770842296,6.178332139007956e-08,9.278978189454964e-08,0.00013456834266731445,,,,,0,0,1,0
focused,,,,,keystroke,,,,,0.6429998821253884,0.11531001929957176,0.07871228607152357,0.16297781250351573,,,,,0,0,1,0
distracted,,,,,keystroke,,,,,3.333336317479992e-08,0.9995741587029637,0.00042571060478116063,9.735889187193334e-08,,,,,0,0,1,0
distracted,,,,,keystroke,,,,,3.3347839307639237e-08,0.9996763343527452,0.0003202335186191222,3.3987807965633343e-06,,,,,0,0,1,0
distracted,,,,,keystroke,,,,,1.579594590913803e-07,0.9993872880318398,2.371832225227651e-07,0.0006123168254783468,,,,,0,0,1,0
distracted,,,,,keystroke,,,,,3.337244021758437e-08,0.9999890355281492,5.020419248648433e-08,1.088089521817817e-05,,,,,0,0,1,0
distracted,,,,,keystroke,,,,,3.37822659147721e-08,0.998203868655948,0.00179180623647149,4.291325314502061e-06,,,,,0,0,1,0
distracted,,,,,keystroke,,,,,3.3423364846409377e-08,0.9999895851599898,1.0328249603479946e-05,5.316704191075854e-08,,,,,0,0,1,0
distracted,,,,,keystroke,,,,,3.527304343903611e-08,0.9999270417087285,6.620137863642536e-08,7.285681684943779e-05,,,,,0,0,1,0
overloaded,,,,,keystroke,,,,,2.5134097914979845e-11,7.437298547001175e-11,3.9940321834002505e-11,0.9999999998605525,,,,,0,0,1,0
overloaded,,,,,keystroke,,,,,1.3425092113439701e-14,3.972468612735925e-14,2.1333640062465228e-14,0.9999999999999255,,,,,0,0,1,0
overloaded,,,,,keystroke,,,,,1.342507680193446e-14,3.9724684740959065e-14,2.1333627211208062e-14,0.9999999999999255,,,,,0,0,1,0
overloaded,,,,,keystroke,,,,,1.342507680193446e-14,3.9724684740959065e-14,2.1333627211208062e-14,0.9999999999999255,,,,,0,0,1,0
overloaded,,,,,keystroke,,,,,3.368808278137135e-14,2.2399184731591058e-14,2.3739619090527274e-14,0.9999999999999202,,,,,0,0,1,0
overloaded,,,,,keystroke,,,,,3.368359975590116e-14,2.2064990501400844e-14,2.359919413463482e-14,0.9999999999999206,,,,,0,0,1,0
distracted,,,,,keystroke,,,,,0.0015629984645118393,0.6443381512528861,0.27471347039681226,0.07938537988579002,,,,,0,0,1,0
overloaded,,,,,keystroke,,,,,1.417489558579336e-14,2.191446719300512e-14,3.9927142591411536e-14,0.999999999999924,,,,,0,0,1,0
overloaded,,,,,keystroke,,,,,3.368651504668187e-14,2.2295412509268484e-14,2.369648880993895e-14,0.9999999999999204,,,,,0,0,1,0
overloaded,,,,,keystroke,,,,,1.3433986002717996e-14,3.980876749198684e-14,2.1506567484212105e-14,0.9999999999999252,,,,,0,0,1,0
overloaded,,,,,keystroke,,,,,1.3425115463652428e-14,3.972505449253026e-14,2.1334379547005624e-14,0.9999999999999255,,,,,0,0,1,0
overloaded,,,,,keystroke,,,,,2.3942395866199415e-12,7.08470583850432e-12,3.805015629112194e-12,0.9999999999867161,,,,,0,0,1,0
overloaded,,,,,keystroke,,,,,1.4189673705806929e-14,2.225197656378636e-14,4.0206093447614643e-14,0.9999999999999234,,,,,0,0,1,0
distracted,,,,,keystroke,,,,,0.00028593534154271964,0.7298180815362455,0.15966569210906592,0.11023029101314576,,,,,0,0,1,0
focused,,,,,keystroke,,,,,0.9999994605381396,1.4842580865151718e-07,2.5556924709146783e-07,1.3546680462280716e-07,,,,,0,0,1,0
overloaded,,,,,keystroke,,,,,1.804424177219296e-12,2.789699229422957e-12,5.082673820786746e-12,0.9999999999903233,,,,,0,0,1,0
overloaded,,,,,keystroke,,,,,1.4174631293936061e-14,2.1908458261177988e-14,3.992207935208964e-14,0.999999999999924,,,,,0,0,1,0
fatigued,,,,,keystroke,,,,,0.4121510859605384,1.130016317015543e-05,0.5877764701058997,6.114377039205967e-05,,,,,0,0,1,0
focused,,,,,keystroke,,,,,0.9297347462510884,1.8054908164006036e-06,0.07026045144535727,2.9968127379464253e-06,,,,,0,0,1,0
overloaded,,,,,keystroke,,,,,8.355489605273502e-05,2.2388273557426894e-05,0.1948077969530536,0.8050862598773363,,,,,0,0,1,0
overloaded,,,,,keystroke,,,,,0.00011595584882511413,0.0003677765672353668,0.03618873399748114,0.9633275335864584,,,,,0,0,1,0
focused,,,,,keystroke,,,,,0.9983857726065052,9.976433533239317e-07,0.0016111727078449707,2.0570422965545237e-06,,,,,0,0,1,0
fatigued,,,,,keystroke,,,,,0.4185142248747533,0.00010828852022255124,0.5813463647335921,3.11218714321897e-05,,,,,0,0,1,0
fatigued,,,,,keystroke,,,,,0.09350120028939068,2.9771115119024438e-05,0.9059740565656385,0.0004949720298518251,,,,,0,0,1,0
fatigued,,,,,keystroke,,,,,4.847190249972905e-05,0.0009557962240223484,0.7837742666475022,0.2152214652259756,,,,,0,0,1,0
fatigued,,,,,keystroke,,,,,9.259436274802879e-05,0.05067675307651098,0.9380649651984193,0.011165687362321826,,,,,0,0,1,0
focused,,,,,keystroke,,,,,0.9999999617027742,7.050619743446512e-14,1.1498884745176407e-13,3.829704020638711e-08,,,,,0,0,1,0
focused,,,,,keystroke,,,,,0.9058523106332442,0.025070838582905052,0.06729648590001197,0.0017803648838388998,,,,,0,0,1,0
focused,,,,,keystroke,,,,,0.7032632776416133,0.0268086532688683,0.2676954858497699,0.002232583239748908,,,,,0,0,1,0
focused,,,,,keystroke,,,,,0.9999999568534464,1.8587399743656737e-14,2.949934889251488e-14,4.3146505576280825e-08,,,,,0,0,1,0
focused,,,,,keystroke,,,,,0.9999745102303838,1.3559426355010306e-06,8.635828328819056e-07,2.327024414788242e-05,,,,,0,0,1,0
fatigued,,,,,keystroke,,,,,0.012407196676460164,0.002383168374615016,0.9473989995372902,0.03781063541163431,,,,,0,0,1,0
focused,,,,,keystroke,,,,,0.9996918959347896,4.1617254617981855e-07,9.03993851392562e-07,0.00030678389881266794,,,,,0,0,1,0
focused,,,,,keystroke,,,,,0.9999999653255234,1.665755401717966e-14,2.873597774384623e-14,3.467443129585604e-08,,,,,0,0,1,0
focused,,,,,keystroke,,,,,0.9999991814610226,4.968302785572959e-09,7.88721628497023e-09,8.056834583563683e-07,,,,,0,0,1,0
focused,,,,,keystroke,,,,,0.9999998758021488,9.499757742144476e-14,1.0668271014449493e-13,1.2419764960479008e-07,,,,,0,0,1,0
focused,,,,,keystroke,,,,,0.9999936894463624,1.2423719188040756e-10,1.6595488988378257e-10,6.310263445671439e-06,,,,,0,0,1,0
focused,,,,,keystroke,,,,,0.977738479115396,0.01228238782094647,0.009032966743072248,0.0009461663205852458,,,,,0,0,1,0
focused,,,,,keystroke,,,,,0.9878771934667269,0.0059249161915477,0.006175126281584591,2.2764060140786917e-05,,,,,0,0,1,0
focused,,,,,keystroke,,,,,0.9999999665646417,9.521511284082284e-12,1.730858399258803e-11,3.3408528248325887e-08,,,,,0,0,1,0
focused,,,,,keystroke,,,,,0.9662359120552361,0.0003972994057828934,0.025698818500035442,0.007667970038945742,,,,,0,0,1,0
focused,,,,,keystroke,,,,,0.9880378437063039,0.0019047678827456554,0.0007311908660821556,0.009326197544868516,,,,,0,0,1,0
focused,,,,,keystroke,,,,,0.9999969897694722,5.3999147400261324e-11,4.312601110122074e-11,3.010133402653993e-06,,,,,0,0,1,0
focused,,,,,keystroke,,,,,0.9529419300255745,0.04115093395873099,0.0026812781683819916,0.00322585784731259,,,,,0,0,1,0
distracted,,,,,keystroke,,,,,0.027196808385458397,0.9710880053575571,0.0014779778326328887,0.00023720842435147102,,,,,0,0,1,0
focused,,,,,keystroke,,,,,0.9940553064973077,0.005772241988595156,0.00014377469855181204,2.867681554541288e-05,,,,,0,0,1,0
focused,,,,,keystroke,,,,,0.9998234271611998,1.9081165129761828e-06,1.2312767927783848e-06,0.00017343344549433163,,,,,0,0,1,0
focused,,,,,keystroke,,,,,0.9999341399653234,9.732669466666283e-07,8.049448262015436e-07,6.408182290357193e-05,,,,,0,0,1,0
overloaded,,,,,keystroke,,,,,0.005402761332561078,0.5255510860979801,0.020545864805909936,0.44850028776354905,,,,,0,0,1,0
distracted,,,,,keystroke,,,,,0.0054370524862257475,0.4959805891404759,0.058015184454931555,0.44056717391836664,,,,,0,0,1,0
focused,,,,,keystroke,,,,,0.9999999545516388,1.8276058389981474e-14,2.962260123007813e-14,4.544831331360755e-08,,,,,0,0,1,0
overloaded,,,,,keystroke,,,,,0.18459225958549633,0.001316242292091036,0.19010842108559145,0.6239830770368213,,,,,0,0,1,0
overloaded,,,,,keystroke,,,,,1.35269991253501e-07,1.7407447368417064e-07,2.7646308948944593e-07,0.9999994141924455,,,,,0,0,1,0
overloaded,,,,,keystroke,,,,,5.673844128759474e-06,8.663924712721616e-05,0.016030677977829703,0.9838770089309145,,,,,0,0,1,0
focused,,,,,keystroke,,,,,0.9999654432176952,2.2567803728069236e-07,4.79689432144853e-07,3.385141483556264e-05,,,,,0,0,1,0
distracted,,,,,keystroke,,,,,4.447716588867017e-08,0.9565898237031072,0.0425005581743937,0.0009095736453331116,,,,,0,0,1,0
overloaded,,,,,keystroke,,,,,0.002742110182270544,0.002571060991665844,0.055376514679437855,0.9393103141466257,,,,,0,0,1,0
overloaded,,,,,keystroke,,,,,3.5875952670972326e-08,0.0031636499258959126,7.472516571463432e-05,0.9967615890324371,,,,,0,0,1,0
overloaded,,,,,keystroke,,,,,3.65374034424786e-05,0.10800441153175737,0.00013056469672057693,0.8918284863680798,,,,,0,0,1,0
focused,,,,,keystroke,,,,,0.9999999500597964,1.5583812243678076e-14,2.9941719330679646e-14,4.994015816739015e-08,,,,,0,0,1,0
focused,,,,,keystroke,,,,,0.9999999243906967,3.4938743183102e-14,5.605594807658447e-14,7.560921223151818e-08,,,,,0,0,1,0
overloaded,,,,,keystroke,,,,,0.19366810578638988,0.022338510654021263,0.0208069458538841,0.7631864377057045,,,,,0,0,1,0
overloaded,,,,,keystroke,,,,,5.61611767964925e-07,0.00012228365577609737,0.0014963094097017687,0.9983808453227544,,,,,0,0,1,0
focused,,,,,keystroke,,,,,0.9999935319831221,2.7245724372301314e-10,2.0105204130274793e-10,6.467543368468159e-06,,,,,0,0,1,0
focused,,,,,keystroke,,,,,0.9999999583482833,2.733640729563602e-14,3.1833157545005264e-14,4.165165766624073e-08,,,,,0,0,1,0
focused,,,,,keystroke,,,,,0.9947638714555063,0.0006358399499852902,0.00267327741609043,0.0019270111784179722,,,,,0,0,1,0
focused,,,,,keystroke,,,,,0.9999999515502376,2.1225085396288497e-14,3.245967561849032e-14,4.844970868910343e-08,,,,,0,0,1,0
focused,,,,,keystroke,,,,,0.9999999420302338,3.4320697052911274e-14,2.4123536065253766e-14,5.7969707642509634e-08,,,,,0,0,1,0
focused,,,,,keystroke,,,,,0.9980424207400753,2.9416611714670082e-06,2.9784030271976194e-06,0.001951659195726134,,,,,0,0,1,0
focused,,,,,keystroke,,,,,0.9891783818437805,7.392458343786866e-05,8.573684485663046e-05,0.010661956727925102,,,,,0,0,1,0
focused,,,,,keystroke,,,,,0.9999999521513223,1.9845291150731816e-14,3.167493286992377e-14,4.784862628104264e-08,,,,,0,0,1,0
focused,,,,,keystroke,,,,,0.9999999657220454,2.471681260873899e-14,3.0178168383261204e-14,3.427789994971789e-08,,,,,0,0,1,0
focused,,,,,keystroke,,,,,0.9999998422586172,2.1004286975377993e-13,1.9287015404648158e-13,1.5774097981373885e-07,,,,,0,0,1,0
focused,,,,,keystroke,,,,,0.9999999644171517,3.196732347104096e-14,2.4071390049157512e-14,3.5582792237054454e-08,,,,,0,0,1,0
focused,,,,,keystroke,,,,,0.9999999335022369,4.621911702993438e-14,2.4159416566443342e-14,6.649769268985551e-08,,,,,0,0,1,0
focused,,,,,keystroke,,,,,0.9999801365062895,5.576973728981895e-10,2.5049485880479047e-10,1.986268551813601e-05,,,,,0,0,1,0
focused,,,,,keystroke,,,,,0.9999989783831326,1.0219112964634299e-12,6.422770251291679e-13,1.0216152032130613e-06,,,,,0,0,1,0
focused,,,,,keystroke,,,,,0.9979268844412125,4.233342435259671e-06,2.3547735246425892e-06,0.002066527442827588,,,,,0,0,1,0
focused,,,,,keystroke,,,,,0.996434336114603,1.8106763923989458e-05,8.47667438581239e-06,0.0035390804470870714,,,,,0,0,1,0
focused,,,,,keystroke,,,,,0.964755963552683,0.00011757164809655761,0.0003163156014084959,0.03481014919781195,,,,,0,0,1,0
focused,,,,,keystroke,,,,,0.993728346990774,2.9901167332591685e-05,3.3241918194720705e-05,0.0062085099236986385,,,,,0,0,1,0
focused,,,,,keystroke,,,,,0.9995549255610384,2.631966969972264e-07,2.1797972902146362e-07,0.00044459326253565724,,,,,0,0,1,0
focused,,,,,keystroke,,,,,0.9911894980841582,4.8977148166999485e-05,5.4984920226097025e-05,0.008706539847448728,,,,,0,0,1,0
focused,,,,,keystroke,,,,,0.9994146490311762,2.8209119551208663e-07,3.7734525276525447e-07,0.000584691532375523,,,,,0,0,1,0
focused,,,,,keystroke,,,,,0.9999994634882995,1.029817889897738e-12,1.1459814465548363e-12,5.365095247304421e-07,,,,,0,0,1,0
focused,,,,,keystroke,,,,,0.9999999576401389,1.9391622367428323e-14,3.002712254045234e-14,4.235981181422186e-08,,,,,0,0,1,0
focused,,,,,keystroke,,,,,0.9999999663720663,1.901903680815437e-14,3.0027818619719346e-14,3.362788461587916e-08,,,,,0,0,1,0
focused,,,,,keystroke,,,,,0.9999682782234612,2.1858232197914418e-09,3.955446449048895e-09,3.1715635269146475e-05,,,,,0,0,1,0
focused,,,,,keystroke,,,,,0.999938083471653,7.098359319651448e-09,1.4961240598834335e-08,6.189446874701373e-05,,,,,0,0,1,0
focused,,,,,keystroke,,,,,0.9999999631895966,1.727488650310267e-14,2.875219098490906e-14,3.6810357297401495e-08,,,,,0,0,1,0
focused,,,,,keystroke,,,,,0.9999999654996489,1.6134422628682896e-14,2.8366786099873247e-14,3.450030658044652e-08,,,,,0,0,1,0
focused,,,,,keystroke,,,,,0.9997328343234094,1.2192571115942093e-07,2.620435621540287e-07,0.0002667817073171714,,,,,0,0,1,0
overloaded,,,,,keystroke,,,,,3.737992589374742e-11,3.489625175127804e-11,7.236059858674285e-11,0.9999999998553633,,,,,0,0,1,0
focused,,,,,keystroke,,,,,0.9999726298221405,5.99827516366994e-10,6.498573667904215e-10,2.7368928174730095e-05,,,,,0,0,1,0
focused,,,,,keystroke,,,,,0.9999957561203487,1.7071179770226744e-11,1.2196504306934908e-11,4.2438503834852595e-06,,,,,0,0,1,0
focused,,,,,keystroke,,,,,0.9999997709006905,2.1118469186004358e-13,1.4237482458347991e-13,2.2909895594073075e-07,,,,,0,0,1,0
overloaded,,,,,keystroke,,,,,0.000539904391667428,8.833371573225549e-06,0.05328917150445482,0.9461620907323045,,,,,0,0,1,0
overloaded,,,,,keystroke,,,,,0.005007287527534335,7.682026908359327e-05,0.10021162421393041,0.8947042679894515,,,,,0,0,1,0
focused,,,,,keystroke,,,,,0.9999974439693873,7.28371668251752e-12,4.1270681058553945e-12,2.5560192019346655e-06,,,,,0,0,1,0
focused,,,,,keystroke,,,,,0.9999999368672491,3.538066050417952e-14,2.3281401298201315e-14,6.313269234850728e-08,,,,,0,0,1,0
focused,,,,,keystroke,,,,,0.738596507626289,0.058144363001967195,0.010005821208306639,0.19325330816343672,,,,,0,0,1,0
overloaded,,,,,keystroke,,,,,0.13841761895954482,0.035106683599884274,0.00410206611853745,0.8223736313220334,,,,,0,0,1,0
focused,,,,,keystroke,,,,,0.9999994250458759,3.4260022795698737e-13,5.841546825175248e-13,5.749531973918462e-07,,,,,0,0,1,0
focused,,,,,keystroke,,,,,0.9999995021657634,2.6820492408470216e-13,3.2800054771645476e-13,4.978336404769461e-07,,,,,0,0,1,0
focused,,,,,keystroke,,,,,0.9879265402907349,0.0001222336526355161,9.439454039780533e-05,0.011856831516231679,,,,,0,0,1,0
focused,,,,,keystroke,,,,,0.9938937439994185,2.5161701234542582e-05,3.1385475481110226e-05,0.006049708823865776,,,,,0,0,1,0
overloaded,,,,,keystroke,,,,,3.356513820956607e-08,9.383359215018067e-06,0.0012603476466583263,0.9987302354289885,,,,,0,0,1,0
overloaded,,,,,keystroke,,,,,9.714950539594625e-11,2.551474020861847e-10,2.7673624389908856e-10,0.9999999993709668,,,,,0,0,1,0
distracted,,,,,keystroke,,,,,3.333368188474292e-08,0.9999988522020432,5.072091421494688e-08,1.0637433605160513e-06,,,,,0,0,1,0
distracted,,,,,keystroke,,,,,4.1692455608670434e-08,0.9998414330670602,6.255599404914121e-08,0.00015846268449010742,,,,,0,0,1,0
focused,,,,,keystroke,,,,,0.765480365309383,4.726845737629902e-06,0.0003193339050275974,0.2341955739398518,,,,,0,0,1,0
focused,,,,,keystroke,,,,,0.9999932739359478,4.000233671717438e-11,2.5141017689504202e-11,6.725998908772099e-06,,,,,0,0,1,0
focused,,,,,keystroke,,,,,0.9999994489817555,3.019597895536234e-13,2.0282181642608913e-13,5.510177396120347e-07,,,,,0,0,1,0
focused,,,,,keystroke,,,,,0.9994585184154424,2.618176771958138e-07,2.076585880921527e-07,0.0005410121082921735,,,,,0,0,1,0
overloaded,,,,,keystroke,,,,,0.10192188816352085,1.6103892985366694e-05,0.00048275018649740134,0.8975792577569965,,,,,0,0,1,0
focused,,,,,keystroke,,,,,0.9975981624777236,3.875576065184791e-06,4.140356798881268e-06,0.0023938215894122026,,,,,0,0,1,0
focused,,,,,keystroke,,,,,0.9999997355052404,2.615480499554703e-13,1.3432467797229847e-13,2.644943637951499e-07,,,,,0,0,1,0
focused,,,,,keystroke,,,,,0.9999988838097941,3.969699278382041e-12,2.1611209439363316e-12,1.1161840750098306e-06,,,,,0,0,1,0
focused,,,,,keystroke,,,,,0.999989708919089,1.0652027624327613e-10,6.063875358407544e-11,1.0290913752057408e-05,,,,,0,0,1,0
focused,,,,,keystroke,,,,,0.9995125524707094,2.0884789993366882e-07,1.2855191209503611e-07,0.00048711012947852585,,,,,0,0,1,0
overloaded,,,,,keystroke,,,,,2.62574856294381e-07,1.7028767847462164e-07,1.8551076044784766e-07,0.9999993816267048,,,,,0,0,1,0
overloaded,,,,,keystroke,,,,,0.00011601834760363483,0.1518554310668039,0.00441101186530528,0.8436175387202873,,,,,0,0,1,0
distracted,,,,,keystroke,,,,,6.9367909238416285e-06,0.9984567409548843,3.4952034195723175e-06,0.0015328270507723864,,,,,0,0,1,0
focused,,,,,keystroke,,,,,0.9999448600204188,1.7013543020108343e-08,3.244642319557449e-08,5.509051961490166e-05,,,,,0,0,1,0
focused,,,,,keystroke,,,,,0.9999971817874449,3.802899992124501e-11,5.195695083612509e-11,2.81812256930809e-06,,,,,0,0,1,0
focused,,,,,keystroke,,,,,0.9999999643926951,1.754900382735728e-14,2.9194136964397805e-14,3.5607258158600784e-08,,,,,0,0,1,0
focused,,,,,keystroke,,,,,0.9999999660685656,1.5949790173910544e-14,2.8379241312982886e-14,3.393139005879412e-08,,,,,0,0,1,0
focused,,,,,keystroke,,,,,0.9999996236989954,5.584273043575865e-13,8.815918474426668e-13,3.7629956438221605e-07,,,,,0,0,1,0
focused,,,,,keystroke,,,,,0.9999907934759578,4.85431558976259e-10,7.554457149243922e-10,9.205283164984044e-06,,,,,0,0,1,0
fatigued,,,,,keystroke,,,,,0.016413188175833406,0.0003860225267778521,0.6442025362855429,0.3389982530118457,,,,,0,0,1,0
overloaded,,,,,keystroke,,,,,0.01366697844147112,0.0011575145669046436,0.2965164360100976,0.6886590709815267,,,,,0,0,1,0
focused,,,,,keystroke,,,,,0.9999999626112583,1.7366123643747436e-14,2.871724623833137e-14,3.7388695512547435e-08,,,,,0,0,1,0
focused,,,,,keystroke,,,,,0.9975226426994778,2.2685011288401187e-05,0.002451171683855614,3.5006053780115012e-06,,,,,0,0,1,0
focused,,,,,keystroke,,,,,0.9889841432047008,0.0021936284303730575,0.008817966730677003,4.261634249039619e-06,,,,,0,0,1,0
focused,,,,,keystroke,,,,,0.9999999516945909,1.6926054405033735e-14,2.9719001440429767e-14,4.830536247319242e-08,,,,,0,0,1,0
focused,,,,,keystroke,,,,,0.9999968715741342,1.0426546662402925e-10,2.1764875190840368e-10,3.128103951652926e-06,,,,,0,0,1,0
focused,,,,,keystroke,,,,,0.9999999632482983,4.858239956164586e-14,8.132968924070232e-14,3.675157179566115e-08,,,,,0,0,1,0
focused,,,,,keystroke,,,,,0.9999999638660737,1.683499648634323e-14,2.852719299186588e-14,3.613388100803183e-08,,,,,0,0,1,0
focused,,,,,keystroke,,,,,0.9999960778355764,4.2469324004849715e-11,6.982709946199104e-11,3.922052127130816e-06,,,,,0,0,1,0
focused,,,,,keystroke,,,,,0.9996919143835509,1.0668161274861234e-07,1.5954493236458859e-07,0.0003078193899038797,,,,,0,0,1,0
focused,,,,,keystroke,,,,,0.9999643915319979,1.1267187002488782e-09,1.9912422236049977e-09,3.5605350041190914e-05,,,,,0,0,1,0
focused,,,,,keystroke,,,,,0.9999998595028226,4.4928468332095303e-14,8.786636069667201e-14,1.4049704457629048e-07,,,,,0,0,1,0
focused,,,,,keystroke,,,,,0.9999999662012495,2.0898737307293913e-14,3.0397555556558137e-14,3.379869910027179e-08,,,,,0,0,1,0
focused,,,,,keystroke,,,,,0.9999999627611127,1.7463540412548867e-14,2.8832104191991984e-14,3.723884090980561e-08,,,,,0,0,1,0
focused,,,,,keystroke,,,,,0.9999999646841282,1.7222650696492037e-14,2.9027622200718245e-14,3.531582551120494e-08,,,,,0,0,1,0
focused,,,,,keystroke,,,,,0.9999998855868737,6.271318803163501e-14,1.0086016456202581e-13,1.1441296275562282e-07,,,,,0,0,1,0
focused,,,,,keystroke,,,,,0.8136196869630812,0.18511766829621684,0.0012591586669307327,3.4860737708769005e-06,,,,,0,0,1,0
distracted,,,,,keystroke,,,,,0.05997894508427652,0.9399100546400603,0.00010335190431873332,7.648371344119925e-06,,,,,0,0,1,0
focused,,,,,keystroke,,,,,0.9999999659620598,1.5839088595962385e-14,2.8261488453998082e-14,3.403789603816916e-08,,,,,0,0,1,0
focused,,,,,keystroke,,,,,0.999999966057912,1.6154956135155138e-14,2.855133362965885e-14,3.3942043140965034e-08,,,,,0,0,1,0
focused,,,,,keystroke,,,,,0.9999999663259825,1.5646287090353242e-14,2.8214079586907725e-14,3.3673973595840306e-08,,,,,0,0,1,0
focused,,,,,keystroke,,,,,0.9999999600071433,4.959052179326576e-13,7.937910739615625e-13,3.9991567040890644e-08,,,,,0,0,1,0
focused,,,,,keystroke,,,,,0.8807715778574172,0.00026744574235521457,0.11188976507105979,0.0070712113291676836,,,,,0,0,1,0
fatigued,,,,,keystroke,,,,,0.25148099140127333,0.384484223781734,0.3245962290161324,0.039438555800860066,,,,,0,0,1,0
focused,,,,,keystroke,,,,,0.7994749717609334,0.0007252757381018126,0.03485104010311231,0.16494871239785247,,,,,0,0,1,0
focused,,,,,keystroke,,,,,0.9999999662111028,3.0034952926724046e-14,2.3870765485412827e-14,3.378884335136001e-08,,,,,0,0,1,0
focused,,,,,keystroke,,,,,0.9999999654776466,1.79112109119962e-14,2.9520094738231925e-14,3.452230597974048e-08,,,,,0,0,1,0
focused,,,,,keystroke,,,,,0.9999999661906475,1.632059851749234e-14,2.8674305080099094e-14,3.380930765363773e-08,,,,,0,0,1,0
focused,,,,,keystroke,,,,,0.9999999658347601,2.0244045212375932e-14,3.0371737244821755e-14,3.416518931750199e-08,,,,,0,0,1,0
distracted,,,,,keystroke,,,,,3.333334053601222e-08,0.9999990868256343,8.297827047071508e-07,5.005832032908122e-08,,,,,0,0,1,0
overloaded,,,,,keystroke,,,,,8.575932592742409e-06,0.042840756653753975,0.003498609017578737,0.9536520583960746,,,,,0,0,1,0
overloaded,,,,,keystroke,,,,,1.3425076864670243e-14,3.972468534098408e-14,2.1333628432025246e-14,0.9999999999999255,,,,,0,0,1,0
overloaded,,,,,keystroke,,,,,1.3111064774401622e-13,1.1472288005470704e-13,6.968352265491718e-14,0.9999999999996845,,,,,0,0,1,0
overloaded,,,,,keystroke,,,,,1.0602737897264931e-13,9.27748226179698e-14,5.6352111451271894e-14,0.9999999999997449,,,,,0,0,1,0
overloaded,,,,,keystroke,,,,,1.3608948957805083e-13,1.190794055794833e-13,7.232970821610118e-14,0.9999999999996725,,,,,0,0,1,0
overloaded,,,,,keystroke,,,,,2.567253405987173e-13,2.2463669807366269e-13,1.364459800219175e-13,0.9999999999993823,,,,,0,0,1,0
overloaded,,,,,keystroke,,,,,2.0776979376277858e-13,1.8180022442385848e-13,1.104267929242227e-13,0.9999999999995,,,,,0,0,1,0
overloaded,,,,,keystroke,,,,,1.887304875277261e-13,1.651406859807873e-13,1.0030766739465637e-13,0.9999999999995458,,,,,0,0,1,0
overloaded,,,,,keystroke,,,,,3.71904472247522e-14,3.254195392251489e-14,1.976622366671936e-14,0.9999999999999104,,,,,0,0,1,0
overloaded,,,,,keystroke,,,,,3.88319742436278e-14,3.397830453746599e-14,2.0638675049426443e-14,0.9999999999999065,,,,,0,0,1,0
focused,,,,,keystroke,,,,,0.9999976683966298,1.1403311468429176e-09,1.8483173950529587e-09,2.3286147214475688e-06,,,,,0,0,1,0
distracted,,,,,keystroke,,,,,3.3369461093192786e-08,0.9974673555078919,0.0025302116258405813,2.3994968063538477e-06,,,,,0,0,1,0
distracted,,,,,keystroke,,,,,3.340226239161467e-08,0.9997039251740945,0.0002888082303978328,7.2331932453349825e-06,,,,,0,0,1,0
focused,,,,,keystroke,,,,,0.8902028571633587,8.445629613985028e-05,0.006088113765979465,0.10362457277452194,,,,,0,0,1,0
overloaded,,,,,keystroke,,,,,0.23700804649408697,9.925069009857869e-05,0.0006974807160272189,0.7621952220997871,,,,,0,0,1,0
overloaded,,,,,keystroke,,,,,0.13538822693242375,0.00019105717859244363,8.491854524168728e-05,0.8643357973437421,,,,,0,0,1,0
focused,,,,,keystroke,,,,,0.9999985310083487,2.1467795095416677e-12,1.7088186150363026e-12,1.4689877958290355e-06,,,,,0,0,1,0
focused,,,,,keystroke,,,,,0.9999999069765245,3.208928589481362e-14,3.779783160453504e-14,9.302340547887471e-08,,,,,0,0,1,0
focused,,,,,keystroke,,,,,0.9886705947364166,0.010502291622468822,2.1488466444899447e-05,0.0008056251746697306,,,,,0,0,1,0
focused,,,,,keystroke,,,,,0.6612411614439783,0.06980923886483113,0.010152540767488638,0.2587970589237017,,,,,0,0,1,0
overloaded,,,,,keystroke,,,,,0.030050234413170642,0.00027990363200140197,0.004249854304619333,0.9654200076502087,,,,,0,0,1,0
focused,,,,,keystroke,,,,,0.9997403793255275,5.008192487961772e-08,5.4709090509430204e-08,0.0002595158834571646,,,,,0,0,1,0
focused,,,,,keystroke,,,,,0.9999993750712625,4.1915280831436456e-13,3.152055572666414e-13,6.24928003144897e-07,,,,,0,0,1,0
focused,,,,,keystroke,,,,,0.9982678576816588,2.1238525223022845e-06,2.590804788798727e-06,0.0017274276610301175,,,,,0,0,1,0
overloaded,,,,,keystroke,,,,,0.0050540735863632185,1.0125583464267592e-05,0.0016683264114356364,0.9932674744187368,,,,,0,0,1,0
focused,,,,,keystroke,,,,,0.9498510308504328,1.4769086199951413e-05,0.00017609146766613479,0.049958108595701094,,,,,0,0,1,0
focused,,,,,keystroke,,,,,0.9999993564048446,4.0798921574308923e-13,2.4940386300261944e-13,6.435944979609708e-07,,,,,0,0,1,0
focused,,,,,keystroke,,,,,0.9999994433669538,3.1350172609093977e-13,1.837858595058794e-13,5.566325488967162e-07,,,,,0,0,1,0
focused,,,,,keystroke,,,,,0.9999982927438263,2.855207219368145e-12,1.7851924883555471e-12,1.7072515330306533e-06,,,,,0,0,1,0
focused,,,,,keystroke,,,,,0.8690294288931998,0.017753741123974022,0.008591201362692168,0.10462562862013403,,,,,0,0,1,0
overloaded,,,,,keystroke,,,,,0.16152988744646776,0.18579858174159242,0.028915620641914688,0.6237559101700253,,,,,0,0,1,0
overloaded,,,,,keystroke,,,,,6.89993955323083e-08,0.016542116167437376,2.60281325012403e-07,0.9834575545518421,,,,,0,0,1,0
overloaded,,,,,keystroke,,,,,0.00013634866878406277,0.16707240443064278,0.0006763826143038708,0.8321148642862692,,,,,0,0,1,0
distracted,,,,,keystroke,,,,,8.135564988914944e-06,0.8915386437127166,6.784673499123961e-05,0.10838537398730304,,,,,0,0,1,0
distracted,,,,,keystroke,,,,,7.806904065444592e-08,0.9999996428802067,5.67504509665348e-08,2.2230030165672755e-07,,,,,0,0,1,0
distracted,,,,,keystroke,,,,,7.710671564800085e-08,0.9999997759869546,4.892167336681693e-08,9.798465648813979e-08,,,,,0,0,1,0
distracted,,,,,keystroke,,,,,1.0727036295816355e-07,0.9997076751012887,2.1295151519892554e-06,0.00029008811319640904,,,,,0,0,1,0
overloaded,,,,,keystroke,,,,,1.3510893069882833e-14,4.044899532278126e-14,2.2968650470739734e-14,0.9999999999999231,,,,,0,0,1,0
overloaded,,,,,keystroke,,,,,2.0502285937277085e-14,1.8829741139664683e-14,4.01764983697033e-14,0.9999999999999204,,,,,0,0,1,0
focused,,,,,keystroke,,,,,0.9999996570152943,8.937232748151585e-08,1.6209471590630344e-07,9.15176622285686e-08,,,,,0,0,1,0
focused,,,,,keystroke,,,,,0.9501373374153232,5.769969741980117e-07,0.048375791447682726,0.0014862941400195443,,,,,0,0,1,0
focused,,,,,keystroke,,,,,0.9999999627302144,8.308929191991468e-10,1.467357030815603e-09,3.4971535684882106e-08,,,,,0,0,1,0
focused,,,,,keystroke,,,,,0.9999999664720496,3.6474032149314205e-12,6.609726832951528e-12,3.351769320814268e-08,,,,,0,0,1,0
focused,,,,,keystroke,,,,,0.9999990674516113,2.5925730961100487e-07,4.72314515789567e-07,2.0097656319478954e-07,,,,,0,0,1,0
focused,,,,,keystroke,,,,,0.9891242675441132,6.162033920136033e-05,0.010811383916246793,2.7282004388656182e-06,,,,,0,0,1,0
focused,,,,,keystroke,,,,,0.9999999575903069,1.7835528594602044e-10,2.829252513840687e-10,4.194841264290358e-08,,,,,0,0,1,0
fatigued,,,,,keystroke,,,,,0.23558219608495282,8.756400826213453e-06,0.7644030340719037,6.013442317090023e-06,,,,,0,0,1,0
focused,,,,,keystroke,,,,,0.9999728383635217,9.195319055231511e-10,1.958223663324095e-09,2.715875872287094e-05,,,,,0,0,1,0
overloaded,,,,,keystroke,,,,,0.30531134547146677,0.008448354410119936,0.06658192780938742,0.6196583723090255,,,,,0,0,1,0
focused,,,,,keystroke,,,,,0.9999763520049579,3.735051880702462e-07,4.038616710450962e-07,2.2870628182887428e-05,,,,,0,0,1,0
focused,,,,,keystroke,,,,,0.9999999663225966,1.6226592178927363e-14,2.8638148127970175e-14,3.367735868258827e-08,,,,,0,0,1,0
focused,,,,,keystroke,,,,,0.9999999661683694,1.929324251672748e-14,3.013721006818356e-14,3.383158109853886e-08,,,,,0,0,1,0
focused,,,,,keystroke,,,,,0.999999525595071,1.0668983218331902e-12,5.978891063594166e-13,4.7440326421544796e-07,,,,,0,0,1,0
focused,,,,,keystroke,,,,,0.9999999095601962,3.1371203291074466e-14,2.1481351402166e-14,9.043975094778737e-08,,,,,0,0,1,0
focused,,,,,keystroke,,,,,0.7542910185341403,0.00010949266622767325,0.011550015531212446,0.23404947326841938,,,,,0,0,1,0
focused,,,,,keystroke,,,,,0.9999999200723508,5.963446099852386e-14,9.802364940334005e-14,7.992749147742479e-08,,,,,0,0,1,0
focused,,,,,keystroke,,,,,0.9999999643800154,1.6665232614221894e-14,2.850663322282496e-14,3.5619939443855284e-08,,,,,0,0,1,0
focused,,,,,keystroke,,,,,0.9999997425157162,2.892844996996795e-08,4.658538742731981e-08,1.8197044636901862e-07,,,,,0,0,1,0
focused,,,,,keystroke,,,,,0.9999997845469875,5.13159493654316e-09,9.034271624932184e-09,2.012871458321732e-07,,,,,0,0,1,0
distracted,,,,,keystroke,,,,,0.024870487816489206,0.9672166232655521,0.005689163412209359,0.002223725505749591,,,,,0,0,1,0
distracted,,,,,keystroke,,,,,0.031746042645338625,0.6813954491374046,0.022134461869688923,0.26472404634756813,,,,,0,0,1,0
distracted,,,,,keystroke,,,,,0.0007162760577609299,0.971875331666035,0.014255790676413709,0.013152601599790367,,,,,0,0,1,0
distracted,,,,,keystroke,,,,,1.691936434292634e-06,0.9980532220775921,0.001287951739789831,0.0006571342461838112,,,,,0,0,1,0
focused,,,,,keystroke,,,,,0.9999998040611097,6.715689745604044e-11,5.960937404183047e-11,1.9581212396087227e-07,,,,,0,0,1,0
focused,,,,,keystroke,,,,,0.9999984085103306,4.606100040637698e-09,3.0356471116152655e-09,1.5838479224727301e-06,,,,,0,0,1,0
focused,,,,,keystroke,,,,,0.9999807820556553,4.795046184243382e-10,1.0086184831269282e-09,1.9216456221485178e-05,,,,,0,0,1,0
overloaded,,,,,keystroke,,,,,0.5294275191639632,0.011183918149910474,0.012636137636553068,0.44675242504957297,,,,,0,0,1,0
focused,,,,,keystroke,,,,,0.9903315951958354,0.003657847785587832,0.0006710932379513997,0.005339463780625331,,,,,0,0,1,0
distracted,,,,,keystroke,,,,,2.059638377389274e-05,0.9946281564670594,0.00013940710611890783,0.0052118400430477335,,,,,0,0,1,0
overloaded,,,,,keystroke,,,,,0.4888151743635481,0.00011363883606515213,0.009197463897842349,0.5018737229025445,,,,,0,0,1,0
overloaded,,,,,keystroke,,,,,0.3325809780815745,0.00011419103359781173,0.026129517136680762,0.6411753137481471,,,,,0,0,1,0
overloaded,,,,,keystroke,,,,,6.931245290443391e-08,7.022966492521822e-05,0.00415949794753462,0.9957702030750873,,,,,0,0,1,0
overloaded,,,,,keystroke,,,,,5.134222262610823e-09,1.0516822321270257e-08,1.5545686886402825e-08,0.9999999688032686,,,,,0,0,1,0
overloaded,,,,,keystroke,,,,,4.367692696185523e-07,1.3241359374164427e-06,8.386583731619721e-07,0.9999974004364197,,,,,0,0,1,0
overloaded,,,,,keystroke,,,,,0.16691638561187058,0.1755066904421145,0.023732950907100734,0.6338439730389144,,,,,0,0,1,0
overloaded,,,,,keystroke,,,,,7.207915971286193e-09,1.1132329996299766e-08,1.819022223652117e-08,0.9999999634695318,,,,,0,0,1,0
overloaded,,,,,keystroke,,,,,1.0323652578219281e-08,1.543917791947732e-08,2.6810837979334595e-08,0.9999999474263316,,,,,0,0,1,0
overloaded,,,,,keystroke,,,,,6.319483043119835e-07,8.776408360595562e-07,1.4173861725380478e-06,0.9999970730246871,,,,,0,0,1,0
overloaded,,,,,keystroke,,,,,9.027048384283898e-07,2.7280918852607564e-06,1.9670687268886058e-06,0.9999944021345495,,,,,0,0,1,0
overloaded,,,,,keystroke,,,,,2.093580415448635e-11,4.122711310244287e-11,6.314863234897195e-11,0.9999999998746885,,,,,0,0,1,0
overloaded,,,,,keystroke,,,,,1.7928885672076822e-10,1.6419471224723163e-10,3.518439669373052e-10,0.9999999993046725,,,,,0,0,1,0
distracted,,,,,keystroke,,,,,1.302717261098352e-06,0.5499409902373062,0.0012830766784643855,0.4487746303669683,,,,,0,0,1,0
distracted,,,,,keystroke,,,,,5.106528351120129e-07,0.9988300440009323,1.7117170386556726e-06,0.0011677336291939537,,,,,0,0,1,0
overloaded,,,,,keystroke,,,,,1.6244782220465042e-14,2.3629109700953773e-14,3.979126655840314e-14,0.9999999999999203,,,,,0,0,1,0
overloaded,,,,,keystroke,,,,,1.4174631293936061e-14,2.1908458261177988e-14,3.992207935208964e-14,0.999999999999924,,,,,0,0,1,0
overloaded,,,,,keystroke,,,,,3.368652819353389e-14,2.2296222358713146e-14,2.3696829136843902e-14,0.9999999999999204,,,,,0,0,1,0
overloaded,,,,,keystroke,,,,,1.4177133958983713e-14,2.1965395402942696e-14,3.9969919223495365e-14,0.9999999999999238,,,,,0,0,1,0
overloaded,,,,,keystroke,,,,,1.4187658203451853e-14,2.220576294357609e-14,4.0168528001219946e-14,0.9999999999999235,,,,,0,0,1,0
overloaded,,,,,keystroke,,,,,3.6807335034685687e-10,1.10711031903307e-09,6.478654371253602e-10,0.9999999978769509,,,,,0,0,1,0
overloaded,,,,,keystroke,,,,,1.4516832262535317e-14,3.334043443379766e-14,4.368024456038345e-14,0.9999999999999084,,,,,0,0,1,0
overloaded,,,,,keystroke,,,,,1.4179012511404402e-14,2.1912703227648938e-14,3.992179527930815e-14,0.999999999999924,,,,,0,0,1,0
overloaded,,,,,keystroke,,,,,1.4175719870168953e-14,2.1933213936869046e-14,3.994291710841793e-14,0.999999999999924,,,,,0,0,1,0
distracted,,,,,text,,,,,,,,,0.18319387205408194,0.43978963054074544,0.18364258083300802,0.19337391657216546,0,0,0,1
focused,,,,,text,,,,,,,,,0.39056012013839086,0.22578224852412412,0.18089645735548,0.20276117398200535,0,0,0,1
distracted,,,,,text,,,,,,,,,0.24298180628696642,0.3774839394083809,0.1946077349104697,0.18492651939418447,0,0,0,1
distracted,,,,,text,,,,,,,,,0.2282159772619627,0.39798992763870866,0.17694179425959614,0.19685230083973423,0,0,0,1
focused,,,,,text,,,,,,,,,0.4055944395744849,0.18074507797483147,0.22738650359168078,0.18627397885900251,0,0,0,1
distracted,,,,,text,,,,,,,,,0.18373161477903477,0.41873158282802786,0.1971721993824696,0.20036460301046718,0,0,0,1
focused,,,,,text,,,,,,,,,0.42079921110398294,0.18100676334376098,0.19084556828507315,0.20734845726718434,0,0,0,1
overloaded,,,,,text,,,,,,,,,0.19038143542282726,0.17113712398566108,0.18172943067633768,0.45675200991517373,0,0,0,1
focused,,,,,text,,,,,,,,,0.23978958225602368,0.31009049799218524,0.23977491523701439,0.21034500451477633,0,0,0,1
focused,,,,,text,,,,,,,,,0.40273899844825956,0.18469702031628113,0.19778366046553075,0.21478032076992898,0,0,0,1
fatigued,,,,,text,,,,,,,,,0.21597393088072844,0.21625920740831817,0.29819316880437224,0.2695736929065805,0,0,0,1
distracted,,,,,text,,,,,,,,,0.20384131532105382,0.4223768145124316,0.17292613388564446,0.20085573628087183,0,0,0,1
overloaded,,,,,text,,,,,,,,,0.14371882352739423,0.1556189104784887,0.1532401800163909,0.5474220859777269,0,0,0,1
distracted,,,,,text,,,,,,,,,0.21035768119047943,0.429552286511325,0.18366853863992308,0.17642149365827312,0,0,0,1
overloaded,,,,,text,,,,,,,,,0.22436407792067836,0.21012429814948763,0.21574360101526238,0.34976802291457254,0,0,0,1
fatigued,,,,,text,,,,,,,,,0.18140226416354793,0.20415098715787455,0.37795637366262597,0.23649037501595088,0,0,0,1
overloaded,,,,,text,,,,,,,,,0.17926967413654507,0.19959926800579816,0.20114778321829493,0.419983274639361,0,0,0,1
overloaded,,,,,text,,,,,,,,,0.17063832601211096,0.15987062845107264,0.17431415752002224,0.4951768880167937,0,0,0,1
fatigued,,,,,text,,,,,,,,,0.17028031884249856,0.17186252260781856,0.4704684084091721,0.18738875014051057,0,0,0,1
fatigued,,,,,text,,,,,,,,,0.14060063302644965,0.14257447231773202,0.5627217492421783,0.1541031454136407,0,0,0,1
focused,,,,,text,,,,,,,,,0.4493257159723292,0.21156753011385787,0.16478631905872165,0.17432043485509147,0,0,0,1
overloaded,,,,,text,,,,,,,,,0.1578298989528667,0.18788496100847246,0.17589029007433843,0.47839484996432285,0,0,0,1
focused,,,,,text,,,,,,,,,0.30106430855893485,0.17874428395162933,0.32585375625356505,0.19433765123587096,0,0,0,1
fatigued,,,,,text,,,,,,,,,0.21999892624718162,0.17411549788519673,0.42980665711952426,0.17607891874809878,0,0,0,1
distracted,,,,,text,,,,,,,,,0.18248627550282687,0.3985843945558981,0.18174491406007004,0.23718441588120426,0,0,0,1
overloaded,,,,,text,,,,,,,,,0.17496127127336888,0.1782666753065295,0.17416107138242445,0.4726109820376771,0,0,0,1
fatigued,,,,,text,,,,,,,,,0.21440784347768896,0.18779631841384958,0.4281912028800537,0.16960463522840905,0,0,0,1
fatigued,,,,,text,,,,,,,,,0.17158967298892294,0.17891054024104186,0.44461885146047436,0.20488093530956084,0,0,0,1
focused,,,,,text,,,,,,,,,0.440354865698142,0.1725540967069032,0.1973593280423003,0.1897317095526549,0,0,0,1
distracted,,,,,text,,,,,,,,,0.3582701433847267,0.23127768451397485,0.19972330127201507,0.21072887082928424,0,0,0,1
fatigued,,,,,text,,,,,,,,,0.15533963045879853,0.1723478543733469,0.5119273699943804,0.16038514517347538,0,0,0,1
overloaded,,,,,text,,,,,,,,,0.17163799690549172,0.17263243800640637,0.17132896051009827,0.4844006045780034,0,0,0,1
focused,,,,,text,,,,,,,,,0.2748943966011524,0.26438847129979093,0.21439170111786132,0.24632543098119442,0,0,0,1
fatigued,,,,,text,,,,,,,,,0.14240406275068707,0.14500301043716946,0.5572417764795231,0.15535115033262123,0,0,0,1
fatigued,,,,,text,,,,,,,,,0.19150793973055327,0.18515154273379517,0.4509239629675386,0.17241655456811125,0,0,0,1
focused,,,,,text,,,,,,,,,0.444003140379769,0.20815508953697118,0.1646067502765266,0.18323501980673448,0,0,0,1
overloaded,,,,,text,,,,,,,,,0.1767262175683578,0.1653663192557262,0.16241619318229308,0.49549126999362275,0,0,0,1
distracted,,,,,text,,,,,,,,,0.19040833049010594,0.42541023043750537,0.1897329684533137,0.19444847061907578,0,0,0,1
fatigued,,,,,text,,,,,,,,,0.15381834712912484,0.17241393064637564,0.508864413491892,0.16490330873260772,0,0,0,1
focused,,,,,text,,,,,,,,,0.4125429305225879,0.19040920052967397,0.20503791376113753,0.19200995518660133,0,0,0,1
overloaded,,,,,text,,,,,,,,,0.18407286051291874,0.17556850169662683,0.17153118021862984,0.46882745757182487,0,0,0,1
focused,,,,,text,,,,,,,,,0.4362242479019197,0.20116336483168604,0.17843636933676738,0.1841760179296277,0,0,0,1
focused,,,,,text,,,,,,,,,0.46050763584061355,0.1884774297476754,0.17040170073660324,0.18061323367510937,0,0,0,1
distracted,,,,,text,,,,,,,,,0.16450134800140787,0.46312378299910417,0.16424936825483,0.20812550074465702,0,0,0,1
focused,,,,,text,,,,,,,,,0.37964197907585906,0.18137322037784923,0.17645089672122774,0.262533903825063,0,0,0,1
overloaded,,,,,text,,,,,,,,,0.17634411105189243,0.18473405456886097,0.18229776280623144,0.45662407157301343,0,0,0,1
focused,,,,,text,,,,,,,,,0.43532214526638213,0.20438255488905918,0.17945714271991423,0.18083815712464402,0,0,0,1
distracted,,,,,text,,,,,,,,,0.3827284523429329,0.22001128179539814,0.19339046833356743,0.20386979752810064,0,0,0,1
overloaded,,,,,text,,,,,,,,,0.1458104328176657,0.1799093914627204,0.15652096839316096,0.5177592073264534,0,0,0,1
fatigued,,,,,text,,,,,,,,,0.27459089754201205,0.2220718701983173,0.2804318059658063,0.22290542629386484,0,0,0,1
fatigued,,,,,text,,,,,,,,,0.1723911539085915,0.16914624845248719,0.4632006722705945,0.19526192536832795,0,0,0,1
overloaded,,,,,text,,,,,,,,,0.14875725929540065,0.16943455943288016,0.14823199798647257,0.5335761832852475,0,0,0,1
focused,,,,,text,,,,,,,,,0.45272887114116717,0.19117466837993202,0.18021559489912986,0.17588086557977017,0,0,0,1
distracted,,,,,text,,,,,,,,,0.24711216220558113,0.37724240891630206,0.1763886349533405,0.19925679392477566,0,0,0,1
fatigued,,,,,text,,,,,,,,,0.1626219455532979,0.16496438285139564,0.49469086519730465,0.17772280639800173,0,0,0,1
distracted,,,,,text,,,,,,,,,0.16073726646669415,0.5092529227940754,0.16027952446777513,0.16973028627145517,0,0,0,1
fatigued,,,,,text,,,,,,,,,0.19201346496477414,0.17649814291783658,0.4414570212557613,0.19003137086162947,0,0,0,1
distracted,,,,,text,,,,,,,,,0.17778817598100513,0.45741250439246106,0.17747682381283664,0.1873224958136984,0,0,0,1
fatigued,,,,,text,,,,,,,,,0.19585685994013444,0.18316174770761487,0.4239573117189767,0.19702408063327506,0,0,0,1
overloaded,,,,,text,,,,,,,,,0.20399208439730768,0.20293783795457565,0.3022633398752576,0.2908067377728588,0,0,0,1
fatigued,,,,,text,,,,,,,,,0.17270647669636793,0.2018515697564286,0.4321805886494768,0.1932613648977264,0,0,0,1
focused,,,,,text,,,,,,,,,0.43170720689969466,0.2041670951529242,0.17687074883133894,0.18725494911604076,0,0,0,1
distracted,,,,,text,,,,,,,,,0.2134431148288065,0.40639542023923725,0.18498753028724105,0.19517393464471447,0,0,0,1
overloaded,,,,,text,,,,,,,,,0.20623720425684008,0.20522924272281343,0.2439141333307881,0.3446194196895573,0,0,0,1
fatigued,,,,,text,,,,,,,,,0.19352008105824858,0.18507259857548536,0.39562297872527025,0.22578434164099634,0,0,0,1
overloaded,,,,,text,,,,,,,,,0.15820384360999898,0.15964497318380946,0.17363588421521597,0.5085152989909764,0,0,0,1
overloaded,,,,,text,,,,,,,,,0.19102438795334445,0.17654513530509194,0.1959383452736836,0.4364921314678807,0,0,0,1
distracted,,,,,text,,,,,,,,,0.18084959792003616,0.44213959602168373,0.19120226561400133,0.18580854044427964,0,0,0,1
distracted,,,,,text,,,,,,,,,0.22813487963556278,0.3870743888693059,0.20234891757752752,0.18244181391760447,0,0,0,1
focused,,,,,text,,,,,,,,,0.39783179111446976,0.2014989755522866,0.19723715373080764,0.20343207960243664,0,0,0,1
fatigued,,,,,text,,,,,,,,,0.16237165020032407,0.16534067938698005,0.4757863993563521,0.1965012710563427,0,0,0,1
distracted,,,,,text,,,,,,,,,0.17848875885736734,0.4724366162937126,0.179353249513999,0.1697213753349195,0,0,0,1
focused,,,,,text,,,,,,,,,0.40343932097312,0.24676985631595727,0.17162756356182884,0.17816325914909328,0,0,0,1
distracted,,,,,text,,,,,,,,,0.17882775556747024,0.4594243736825476,0.17800987198979895,0.18373799876018249,0,0,0,1
overloaded,,,,,text,,,,,,,,,0.19164235342998845,0.19062623635155618,0.18808166174629118,0.42964974847216436,0,0,0,1
distracted,,,,,text,,,,,,,,,0.16639355590015434,0.4470888045331379,0.17557275682550882,0.21094488274119794,0,0,0,1
overloaded,,,,,text,,,,,,,,,0.15890050657839153,0.1612169415618949,0.1583382383422815,0.5215443135174316,0,0,0,1
overloaded,,,,,text,,,,,,,,,0.21963167075381576,0.18304221088717681,0.1797737938293841,0.417552324529624,0,0,0,1
focused,,,,,text,,,,,,,,,0.41950055047487284,0.203978245171121,0.20115543395260477,0.17536577040140036,0,0,0,1
fatigued,,,,,text,,,,,,,,,0.1711373025724624,0.20047920432973776,0.45091866144968734,0.17746483164811303,0,0,0,1
